invoice_id,vendor,category,quantity,unit_price,amount,actual_anomaly,vendor_avg_amount,vendor_std_amount,vendor_avg_quantity,vendor_avg_unit_price,vendor_invoice_count,amount_deviation,quantity_deviation,unit_price_deviation
INV0001,Tech World,Software,28,646.55,18103.3,0,47178.305097087374,65691.7745801971,15.689320388349515,2958.5622330097085,206,29075.005097087374,12.310679611650485,2312.0122330097083
INV0002,Prime Stationery,Software,7,340.95,2386.64,0,48007.48259803921,65581.04168686338,16.642156862745097,2905.846862745098,204,45620.84259803921,9.642156862745097,2564.896862745098
INV0003,Global Office,Software,11,4150.2,45652.21,0,39556.33615789474,36358.871345434854,15.81578947368421,2589.1354736842104,190,6095.873842105262,4.815789473684211,1561.0645263157894
INV0004,Prime Stationery,Software,10,1206.81,12068.14,0,48007.48259803921,65581.04168686338,16.642156862745097,2905.846862745098,204,35939.34259803921,6.642156862745097,1699.036862745098
INV0005,Prime Stationery,Furniture,9,2019.33,18173.97,0,48007.48259803921,65581.04168686338,16.642156862745097,2905.846862745098,204,29833.51259803921,7.642156862745097,886.516862745098
INV0006,XYZ Traders,Furniture,14,4872.6,68216.34,0,47394.08357894737,65372.596975509274,16.789473684210527,2899.4535263157895,190,20822.256421052625,2.7894736842105274,1973.1464736842108
INV0007,Global Office,Electronics,13,1816.83,23618.85,0,39556.33615789474,36358.871345434854,15.81578947368421,2589.1354736842104,190,15937.486157894738,2.8157894736842106,772.3054736842105
INV0008,Global Office,Stationery,29,1623.15,47071.38,0,39556.33615789474,36358.871345434854,15.81578947368421,2589.1354736842104,190,7515.04384210526,13.18421052631579,965.9854736842103
INV0009,Global Office,Software,25,4607.4,115184.96,0,39556.33615789474,36358.871345434854,15.81578947368421,2589.1354736842104,190,75628.62384210527,9.18421052631579,2018.2645263157892
INV0010,Prime Stationery,Electronics,25,731.59,18289.81,0,48007.48259803921,65581.04168686338,16.642156862745097,2905.846862745098,204,29717.67259803921,8.357843137254903,2174.256862745098
INV0011,Tech World,Stationery,2,3846.0,7691.99,0,47178.305097087374,65691.7745801971,15.689320388349515,2958.5622330097085,206,39486.315097087376,13.689320388349515,887.4377669902915
INV0012,Global Office,Office Equipment,3,4942.71,14828.14,0,39556.33615789474,36358.871345434854,15.81578947368421,2589.1354736842104,190,24728.196157894738,12.81578947368421,2353.5745263157896
INV0013,Prime Stationery,Furniture,7,4526.22,31683.55,0,48007.48259803921,65581.04168686338,16.642156862745097,2905.846862745098,204,16323.932598039213,9.642156862745097,1620.3731372549023
INV0014,XYZ Traders,Stationery,21,3328.01,69888.13,0,47394.08357894737,65372.596975509274,16.789473684210527,2899.4535263157895,190,22494.046421052633,4.210526315789473,428.5564736842107
INV0015,Tech World,Office Equipment,18,1707.49,30734.85,0,47178.305097087374,65691.7745801971,15.689320388349515,2958.5622330097085,206,16443.455097087375,2.3106796116504853,1251.0722330097085
INV0016,XYZ Traders,Stationery,3,1420.75,4262.24,0,47394.08357894737,65372.596975509274,16.789473684210527,2899.4535263157895,190,43131.84357894737,13.789473684210527,1478.7035263157895
INV0017,Tech World,Furniture,10,4132.42,41324.25,0,47178.305097087374,65691.7745801971,15.689320388349515,2958.5622330097085,206,5854.055097087374,5.689320388349515,1173.8577669902916
INV0018,Prime Stationery,Furniture,22,4423.15,97309.19,0,48007.48259803921,65581.04168686338,16.642156862745097,2905.846862745098,204,49301.70740196079,5.357843137254903,1517.3031372549017
INV0019,ABC Supplies,Electronics,29,2722.09,78940.54,0,37834.155238095234,32918.015297934224,14.323809523809524,2681.076380952381,210,41106.38476190476,14.676190476190476,41.01361904761916
INV0020,Tech World,Software,7,11114.71,77802.99,1,47178.305097087374,65691.7745801971,15.689320388349515,2958.5622330097085,206,30624.68490291263,8.689320388349515,8156.147766990291
INV0021,XYZ Traders,Stationery,9,742.13,6679.15,0,47394.08357894737,65372.596975509274,16.789473684210527,2899.4535263157895,190,40714.93357894737,7.789473684210527,2157.3235263157894
INV0022,Prime Stationery,Stationery,17,618.46,10513.84,0,48007.48259803921,65581.04168686338,16.642156862745097,2905.846862745098,204,37493.64259803921,0.35784313725490335,2287.386862745098
INV0023,Tech World,Office Equipment,11,3651.57,40167.29,0,47178.305097087374,65691.7745801971,15.689320388349515,2958.5622330097085,206,7011.015097087373,4.689320388349515,693.0077669902917
INV0024,ABC Supplies,Furniture,21,9330.92,195949.41,1,37834.155238095234,32918.015297934224,14.323809523809524,2681.076380952381,210,158115.25476190477,6.676190476190476,6649.843619047619
INV0025,ABC Supplies,Stationery,24,4545.73,109097.46,0,37834.155238095234,32918.015297934224,14.323809523809524,2681.076380952381,210,71263.30476190477,9.676190476190476,1864.6536190476186
INV0026,Global Office,Furniture,28,3750.42,105011.82,0,39556.33615789474,36358.871345434854,15.81578947368421,2589.1354736842104,190,65455.48384210527,12.18421052631579,1161.2845263157897
INV0027,Global Office,Stationery,14,1118.05,15652.7,0,39556.33615789474,36358.871345434854,15.81578947368421,2589.1354736842104,190,23903.636157894736,1.8157894736842106,1471.0854736842105
INV0028,XYZ Traders,Electronics,19,3146.13,59776.5,0,47394.08357894737,65372.596975509274,16.789473684210527,2899.4535263157895,190,12382.416421052629,2.2105263157894726,246.67647368421058
INV0029,Tech World,Software,4,2290.43,9161.7,0,47178.305097087374,65691.7745801971,15.689320388349515,2958.5622330097085,206,38016.60509708738,11.689320388349515,668.1322330097087
INV0030,Tech World,Stationery,26,2970.8,77240.77,0,47178.305097087374,65691.7745801971,15.689320388349515,2958.5622330097085,206,30062.46490291263,10.310679611650485,12.237766990291675
INV0031,Global Office,Furniture,6,3742.73,22456.39,0,39556.33615789474,36358.871345434854,15.81578947368421,2589.1354736842104,190,17099.946157894738,9.81578947368421,1153.5945263157896
INV0032,Tech World,Electronics,10,4069.74,40697.4,0,47178.305097087374,65691.7745801971,15.689320388349515,2958.5622330097085,206,6480.905097087372,5.689320388349515,1111.1777669902913
INV0033,Tech World,Stationery,7,4249.94,29749.57,0,47178.305097087374,65691.7745801971,15.689320388349515,2958.5622330097085,206,17428.735097087374,8.689320388349515,1291.377766990291
INV0034,ABC Supplies,Office Equipment,13,1419.08,18448.03,0,37834.155238095234,32918.015297934224,14.323809523809524,2681.076380952381,210,19386.125238095236,1.3238095238095244,1261.996380952381
INV0035,Global Office,Software,14,349.35,4890.97,0,39556.33615789474,36358.871345434854,15.81578947368421,2589.1354736842104,190,34665.366157894736,1.8157894736842106,2239.7854736842105
INV0036,Prime Stationery,Stationery,4,3748.61,14994.46,0,48007.48259803921,65581.04168686338,16.642156862745097,2905.846862745098,204,33013.02259803921,12.642156862745097,842.7631372549022
INV0037,Global Office,Electronics,8,710.45,5683.6,0,39556.33615789474,36358.871345434854,15.81578947368421,2589.1354736842104,190,33872.73615789474,7.815789473684211,1878.6854736842104
INV0038,Prime Stationery,Office Equipment,5,1711.61,8558.07,0,48007.48259803921,65581.04168686338,16.642156862745097,2905.846862745098,204,39449.41259803921,11.642156862745097,1194.236862745098
INV0039,ABC Supplies,Electronics,1,218.32,218.32,0,37834.155238095234,32918.015297934224,14.323809523809524,2681.076380952381,210,37615.835238095235,13.323809523809524,2462.756380952381
INV0040,XYZ Traders,Electronics,4,3472.01,13888.05,0,47394.08357894737,65372.596975509274,16.789473684210527,2899.4535263157895,190,33506.033578947376,12.789473684210527,572.5564736842107
INV0041,Tech World,Office Equipment,15,3774.42,56616.32,1,47178.305097087374,65691.7745801971,15.689320388349515,2958.5622330097085,206,9438.014902912626,0.6893203883495147,815.8577669902916
INV0042,ABC Supplies,Electronics,9,3345.36,30108.2,0,37834.155238095234,32918.015297934224,14.323809523809524,2681.076380952381,210,7725.955238095234,5.323809523809524,664.2836190476191
INV0043,Tech World,Office Equipment,8,4960.36,39682.92,0,47178.305097087374,65691.7745801971,15.689320388349515,2958.5622330097085,206,7495.3850970873755,7.689320388349515,2001.7977669902912
INV0044,XYZ Traders,Stationery,1,548.82,548.82,0,47394.08357894737,65372.596975509274,16.789473684210527,2899.4535263157895,190,46845.26357894737,15.789473684210527,2350.6335263157894
INV0045,XYZ Traders,Office Equipment,27,569.97,15389.31,0,47394.08357894737,65372.596975509274,16.789473684210527,2899.4535263157895,190,32004.773578947374,10.210526315789473,2329.4835263157893
INV0046,ABC Supplies,Office Equipment,6,1833.82,11002.95,0,37834.155238095234,32918.015297934224,14.323809523809524,2681.076380952381,210,26831.205238095234,8.323809523809524,847.256380952381
INV0047,XYZ Traders,Software,9,4358.66,39227.9,0,47394.08357894737,65372.596975509274,16.789473684210527,2899.4535263157895,190,8166.18357894737,7.789473684210527,1459.2064736842103
INV0048,Prime Stationery,Office Equipment,7,1234.54,8641.8,0,48007.48259803921,65581.04168686338,16.642156862745097,2905.846862745098,204,39365.68259803922,9.642156862745097,1671.306862745098
INV0049,XYZ Traders,Office Equipment,4,1929.81,7719.25,0,47394.08357894737,65372.596975509274,16.789473684210527,2899.4535263157895,190,39674.83357894737,12.789473684210527,969.6435263157896
INV0050,Tech World,Stationery,13,528.83,6874.74,0,47178.305097087374,65691.7745801971,15.689320388349515,2958.5622330097085,206,40303.565097087376,2.6893203883495147,2429.7322330097086
INV0051,Tech World,Software,17,3863.15,65673.47,0,47178.305097087374,65691.7745801971,15.689320388349515,2958.5622330097085,206,18495.164902912627,1.3106796116504853,904.5877669902916
INV0052,Tech World,Furniture,28,2159.87,60476.37,0,47178.305097087374,65691.7745801971,15.689320388349515,2958.5622330097085,206,13298.064902912629,12.310679611650485,798.6922330097086
INV0053,Tech World,Stationery,2,3844.39,7688.79,0,47178.305097087374,65691.7745801971,15.689320388349515,2958.5622330097085,206,39489.51509708737,13.689320388349515,885.8277669902914
INV0054,Prime Stationery,Stationery,28,4537.32,127044.89,0,48007.48259803921,65581.04168686338,16.642156862745097,2905.846862745098,204,79037.40740196078,11.357843137254903,1631.4731372549018
INV0055,Global Office,Furniture,5,1317.26,6586.32,0,39556.33615789474,36358.871345434854,15.81578947368421,2589.1354736842104,190,32970.01615789474,10.81578947368421,1271.8754736842104
INV0056,ABC Supplies,Office Equipment,12,4075.5,48906.01,0,37834.155238095234,32918.015297934224,14.323809523809524,2681.076380952381,210,11071.854761904768,2.3238095238095244,1394.423619047619
INV0057,Tech World,Electronics,27,483.65,13058.57,0,47178.305097087374,65691.7745801971,15.689320388349515,2958.5622330097085,206,34119.735097087374,11.310679611650485,2474.9122330097084
INV0058,XYZ Traders,Software,21,4514.47,94803.82,0,47394.08357894737,65372.596975509274,16.789473684210527,2899.4535263157895,190,47409.736421052636,4.210526315789473,1615.0164736842107
INV0059,Tech World,Electronics,8,3323.69,26589.51,0,47178.305097087374,65691.7745801971,15.689320388349515,2958.5622330097085,206,20588.795097087375,7.689320388349515,365.12776699029155
INV0060,XYZ Traders,Furniture,6,4396.29,26377.73,0,47394.08357894737,65372.596975509274,16.789473684210527,2899.4535263157895,190,21016.35357894737,10.789473684210527,1496.8364736842104
INV0061,XYZ Traders,Stationery,8,200.9,1607.23,0,47394.08357894737,65372.596975509274,16.789473684210527,2899.4535263157895,190,45786.85357894737,8.789473684210527,2698.5535263157894
INV0062,Tech World,Stationery,18,1011.59,18208.6,0,47178.305097087374,65691.7745801971,15.689320388349515,2958.5622330097085,206,28969.705097087375,2.3106796116504853,1946.9722330097084
INV0063,Prime Stationery,Software,3,2070.85,6212.54,0,48007.48259803921,65581.04168686338,16.642156862745097,2905.846862745098,204,41794.94259803921,13.642156862745097,834.996862745098
INV0064,XYZ Traders,Stationery,22,2021.61,44475.51,0,47394.08357894737,65372.596975509274,16.789473684210527,2899.4535263157895,190,2918.5735789473692,5.210526315789473,877.8435263157896
INV0065,XYZ Traders,Stationery,12,1288.31,15459.67,0,47394.08357894737,65372.596975509274,16.789473684210527,2899.4535263157895,190,31934.413578947373,4.789473684210527,1611.1435263157896
INV0066,Tech World,Software,29,2031.74,58920.38,0,47178.305097087374,65691.7745801971,15.689320388349515,2958.5622330097085,206,11742.074902912624,13.310679611650485,926.8222330097085
INV0067,XYZ Traders,Software,26,818.47,21280.32,0,47394.08357894737,65372.596975509274,16.789473684210527,2899.4535263157895,190,26113.76357894737,9.210526315789473,2080.9835263157893
INV0068,XYZ Traders,Furniture,3,2181.25,6543.76,0,47394.08357894737,65372.596975509274,16.789473684210527,2899.4535263157895,190,40850.32357894737,13.789473684210527,718.2035263157895
INV0069,Tech World,Stationery,22,4051.3,89128.62,0,47178.305097087374,65691.7745801971,15.689320388349515,2958.5622330097085,206,41950.31490291262,6.310679611650485,1092.7377669902917
INV0070,Tech World,Stationery,6,2499.54,14997.22,0,47178.305097087374,65691.7745801971,15.689320388349515,2958.5622330097085,206,32181.085097087373,9.689320388349515,459.02223300970854
INV0071,ABC Supplies,Furniture,2,286.4,572.8,0,37834.155238095234,32918.015297934224,14.323809523809524,2681.076380952381,210,37261.35523809523,12.323809523809524,2394.676380952381
INV0072,Prime Stationery,Office Equipment,23,2222.93,51127.42,0,48007.48259803921,65581.04168686338,16.642156862745097,2905.846862745098,204,3119.937401960786,6.357843137254903,682.9168627450981
INV0073,Prime Stationery,Office Equipment,12,330.44,3965.28,0,48007.48259803921,65581.04168686338,16.642156862745097,2905.846862745098,204,44042.20259803921,4.642156862745097,2575.406862745098
INV0074,XYZ Traders,Office Equipment,2,4837.97,9675.94,0,47394.08357894737,65372.596975509274,16.789473684210527,2899.4535263157895,190,37718.14357894737,14.789473684210527,1938.5164736842107
INV0075,Prime Stationery,Furniture,6,811.78,4870.67,0,48007.48259803921,65581.04168686338,16.642156862745097,2905.846862745098,204,43136.812598039214,10.642156862745097,2094.0668627450978
INV0076,XYZ Traders,Stationery,17,3596.9,61147.37,0,47394.08357894737,65372.596975509274,16.789473684210527,2899.4535263157895,190,13753.286421052631,0.21052631578947256,697.4464736842106
INV0077,ABC Supplies,Furniture,3,4869.33,14607.98,0,37834.155238095234,32918.015297934224,14.323809523809524,2681.076380952381,210,23226.175238095235,11.323809523809524,2188.253619047619
INV0078,Tech World,Furniture,2,4164.99,8329.97,0,47178.305097087374,65691.7745801971,15.689320388349515,2958.5622330097085,206,38848.33509708737,13.689320388349515,1206.4277669902913
INV0079,Tech World,Office Equipment,23,3556.71,81804.42,0,47178.305097087374,65691.7745801971,15.689320388349515,2958.5622330097085,206,34626.114902912625,7.310679611650485,598.1477669902915
INV0080,Tech World,Electronics,20,4229.41,84588.25,0,47178.305097087374,65691.7745801971,15.689320388349515,2958.5622330097085,206,37409.944902912626,4.310679611650485,1270.8477669902913
INV0081,Prime Stationery,Stationery,8,4912.63,39301.07,0,48007.48259803921,65581.04168686338,16.642156862745097,2905.846862745098,204,8706.412598039213,8.642156862745097,2006.7831372549022
INV0082,ABC Supplies,Office Equipment,22,3182.45,70013.98,0,37834.155238095234,32918.015297934224,14.323809523809524,2681.076380952381,210,32179.82476190476,7.676190476190476,501.37361904761883
INV0083,Prime Stationery,Electronics,12,2884.09,34609.04,0,48007.48259803921,65581.04168686338,16.642156862745097,2905.846862745098,204,13398.442598039212,4.642156862745097,21.756862745097806
INV0084,Prime Stationery,Electronics,26,3215.54,83604.12,0,48007.48259803921,65581.04168686338,16.642156862745097,2905.846862745098,204,35596.63740196078,9.357843137254903,309.693137254902
INV0085,ABC Supplies,Software,4,2756.84,11027.38,0,37834.155238095234,32918.015297934224,14.323809523809524,2681.076380952381,210,26806.775238095237,10.323809523809524,75.76361904761916
INV0086,ABC Supplies,Stationery,5,3248.43,16242.14,0,37834.155238095234,32918.015297934224,14.323809523809524,2681.076380952381,210,21592.015238095235,9.323809523809524,567.3536190476188
INV0087,ABC Supplies,Electronics,13,2359.24,30670.15,0,37834.155238095234,32918.015297934224,14.323809523809524,2681.076380952381,210,7164.005238095233,1.3238095238095244,321.8363809523812
INV0088,ABC Supplies,Office Equipment,29,1248.53,36207.29,0,37834.155238095234,32918.015297934224,14.323809523809524,2681.076380952381,210,1626.8652380952335,14.676190476190476,1432.546380952381
INV0089,Tech World,Software,15,777.19,11657.8,0,47178.305097087374,65691.7745801971,15.689320388349515,2958.5622330097085,206,35520.50509708737,0.6893203883495147,2181.3722330097085
INV0090,Global Office,Stationery,25,528.04,13200.91,0,39556.33615789474,36358.871345434854,15.81578947368421,2589.1354736842104,190,26355.426157894737,9.18421052631579,2061.0954736842104
INV0091,Global Office,Furniture,23,1463.92,33670.06,0,39556.33615789474,36358.871345434854,15.81578947368421,2589.1354736842104,190,5886.276157894739,7.184210526315789,1125.2154736842103
INV0092,ABC Supplies,Office Equipment,16,421.39,6742.29,0,37834.155238095234,32918.015297934224,14.323809523809524,2681.076380952381,210,31091.865238095234,1.6761904761904756,2259.686380952381
INV0093,Global Office,Electronics,10,2922.42,29224.2,0,39556.33615789474,36358.871345434854,15.81578947368421,2589.1354736842104,190,10332.136157894736,5.815789473684211,333.28452631578966
INV0094,Global Office,Electronics,25,1562.38,39059.41,0,39556.33615789474,36358.871345434854,15.81578947368421,2589.1354736842104,190,496.9261578947335,9.18421052631579,1026.7554736842103
INV0095,ABC Supplies,Office Equipment,23,4157.77,95628.64,0,37834.155238095234,32918.015297934224,14.323809523809524,2681.076380952381,210,57794.484761904765,8.676190476190476,1476.6936190476194
INV0096,Global Office,Electronics,16,556.36,8901.7,0,39556.33615789474,36358.871345434854,15.81578947368421,2589.1354736842104,190,30654.636157894736,0.18421052631578938,2032.7754736842103
INV0097,Prime Stationery,Software,12,1286.49,15437.85,0,48007.48259803921,65581.04168686338,16.642156862745097,2905.846862745098,204,32569.632598039214,4.642156862745097,1619.356862745098
INV0098,XYZ Traders,Stationery,17,3705.18,62988.09,0,47394.08357894737,65372.596975509274,16.789473684210527,2899.4535263157895,190,15594.006421052625,0.21052631578947256,805.7264736842103
INV0099,XYZ Traders,Software,16,3074.28,49188.48,0,47394.08357894737,65372.596975509274,16.789473684210527,2899.4535263157895,190,1794.396421052632,0.7894736842105274,174.82647368421067
INV0100,ABC Supplies,Electronics,12,509.56,6114.7,0,37834.155238095234,32918.015297934224,14.323809523809524,2681.076380952381,210,31719.455238095234,2.3238095238095244,2171.516380952381
INV0101,Tech World,Furniture,8,4410.75,35286.0,0,47178.305097087374,65691.7745801971,15.689320388349515,2958.5622330097085,206,11892.305097087374,7.689320388349515,1452.1877669902915
INV0102,ABC Supplies,Stationery,20,4410.86,88217.13,0,37834.155238095234,32918.015297934224,14.323809523809524,2681.076380952381,210,50382.97476190477,5.676190476190476,1729.7836190476187
INV0103,Tech World,Stationery,3,1785.96,5357.88,0,47178.305097087374,65691.7745801971,15.689320388349515,2958.5622330097085,206,41820.425097087376,12.689320388349515,1172.6022330097085
INV0104,XYZ Traders,Office Equipment,16,1833.95,29343.17,0,47394.08357894737,65372.596975509274,16.789473684210527,2899.4535263157895,190,18050.913578947373,0.7894736842105274,1065.5035263157895
INV0105,ABC Supplies,Office Equipment,13,4947.34,64315.37,0,37834.155238095234,32918.015297934224,14.323809523809524,2681.076380952381,210,26481.21476190477,1.3238095238095244,2266.263619047619
INV0106,Prime Stationery,Furniture,23,3205.65,73729.85,0,48007.48259803921,65581.04168686338,16.642156862745097,2905.846862745098,204,25722.367401960793,6.357843137254903,299.80313725490214
INV0107,Global Office,Stationery,28,2750.32,77008.94,0,39556.33615789474,36358.871345434854,15.81578947368421,2589.1354736842104,190,37452.603842105265,12.18421052631579,161.18452631578975
INV0108,Tech World,Furniture,19,4223.13,80239.48,0,47178.305097087374,65691.7745801971,15.689320388349515,2958.5622330097085,206,33061.17490291262,3.3106796116504853,1264.5677669902916
INV0109,Global Office,Office Equipment,8,1569.39,12555.15,0,39556.33615789474,36358.871345434854,15.81578947368421,2589.1354736842104,190,27001.186157894736,7.815789473684211,1019.7454736842103
INV0110,Global Office,Office Equipment,22,2260.08,49721.68,0,39556.33615789474,36358.871345434854,15.81578947368421,2589.1354736842104,190,10165.343842105263,6.184210526315789,329.0554736842105
INV0111,ABC Supplies,Stationery,5,1485.33,7426.64,0,37834.155238095234,32918.015297934224,14.323809523809524,2681.076380952381,210,30407.515238095235,9.323809523809524,1195.746380952381
INV0112,Global Office,Software,20,3987.97,79759.44,0,39556.33615789474,36358.871345434854,15.81578947368421,2589.1354736842104,190,40203.103842105265,4.184210526315789,1398.8345263157894
INV0113,Prime Stationery,Electronics,8,2952.08,23616.61,0,48007.48259803921,65581.04168686338,16.642156862745097,2905.846862745098,204,24390.872598039212,8.642156862745097,46.233137254901976
INV0114,Global Office,Office Equipment,24,3362.36,80696.65,0,39556.33615789474,36358.871345434854,15.81578947368421,2589.1354736842104,190,41140.31384210526,8.18421052631579,773.2245263157897
INV0115,ABC Supplies,Office Equipment,12,1411.07,16932.9,0,37834.155238095234,32918.015297934224,14.323809523809524,2681.076380952381,210,20901.255238095233,2.3238095238095244,1270.006380952381
INV0116,Prime Stationery,Software,1,1257.08,1257.08,0,48007.48259803921,65581.04168686338,16.642156862745097,2905.846862745098,204,46750.40259803921,15.642156862745097,1648.766862745098
INV0117,XYZ Traders,Software,25,2544.2,63604.96,0,47394.08357894737,65372.596975509274,16.789473684210527,2899.4535263157895,190,16210.876421052628,8.210526315789473,355.2535263157897
INV0118,Global Office,Furniture,21,3740.32,78546.63,0,39556.33615789474,36358.871345434854,15.81578947368421,2589.1354736842104,190,38990.29384210527,5.184210526315789,1151.1845263157898
INV0119,ABC Supplies,Furniture,20,2721.15,54423.02,0,37834.155238095234,32918.015297934224,14.323809523809524,2681.076380952381,210,16588.864761904762,5.676190476190476,40.073619047619104
INV0120,XYZ Traders,Electronics,6,356.7,2140.2,0,47394.08357894737,65372.596975509274,16.789473684210527,2899.4535263157895,190,45253.883578947374,10.789473684210527,2542.7535263157897
INV0121,XYZ Traders,Electronics,22,4369.05,96119.04,0,47394.08357894737,65372.596975509274,16.789473684210527,2899.4535263157895,190,48724.95642105262,5.210526315789473,1469.5964736842107
INV0122,Tech World,Stationery,18,510.5,9188.95,0,47178.305097087374,65691.7745801971,15.689320388349515,2958.5622330097085,206,37989.35509708738,2.3106796116504853,2448.0622330097085
INV0123,Prime Stationery,Furniture,8,4787.96,38303.66,0,48007.48259803921,65581.04168686338,16.642156862745097,2905.846862745098,204,9703.822598039209,8.642156862745097,1882.113137254902
INV0124,Global Office,Office Equipment,7,320.68,2244.77,0,39556.33615789474,36358.871345434854,15.81578947368421,2589.1354736842104,190,37311.56615789474,8.81578947368421,2268.4554736842106
INV0125,ABC Supplies,Furniture,1,3533.36,3533.36,0,37834.155238095234,32918.015297934224,14.323809523809524,2681.076380952381,210,34300.795238095234,13.323809523809524,852.2836190476191
INV0126,Tech World,Office Equipment,21,594.59,12486.47,0,47178.305097087374,65691.7745801971,15.689320388349515,2958.5622330097085,206,34691.83509708737,5.310679611650485,2363.9722330097084
INV0127,Prime Stationery,Software,16,4571.25,73139.96,0,48007.48259803921,65581.04168686338,16.642156862745097,2905.846862745098,204,25132.477401960794,0.6421568627450966,1665.403137254902
INV0128,Tech World,Furniture,12,2429.28,29151.35,0,47178.305097087374,65691.7745801971,15.689320388349515,2958.5622330097085,206,18026.955097087375,3.6893203883495147,529.2822330097083
INV0129,Prime Stationery,Software,6,860.11,5160.68,0,48007.48259803921,65581.04168686338,16.642156862745097,2905.846862745098,204,42846.80259803921,10.642156862745097,2045.7368627450978
INV0130,Prime Stationery,Electronics,20,1835.92,36718.31,0,48007.48259803921,65581.04168686338,16.642156862745097,2905.846862745098,204,11289.172598039215,3.3578431372549034,1069.9268627450979
INV0131,Global Office,Electronics,2,991.16,1982.32,0,39556.33615789474,36358.871345434854,15.81578947368421,2589.1354736842104,190,37574.01615789474,13.81578947368421,1597.9754736842106
INV0132,Prime Stationery,Stationery,29,1018.79,29545.0,0,48007.48259803921,65581.04168686338,16.642156862745097,2905.846862745098,204,18462.482598039212,12.357843137254903,1887.056862745098
INV0133,Tech World,Furniture,14,4750.92,66512.88,0,47178.305097087374,65691.7745801971,15.689320388349515,2958.5622330097085,206,19334.57490291263,1.6893203883495147,1792.3577669902916
INV0134,Prime Stationery,Software,4,2337.18,9348.73,0,48007.48259803921,65581.04168686338,16.642156862745097,2905.846862745098,204,38658.75259803921,12.642156862745097,568.6668627450981
INV0135,Global Office,Office Equipment,1,3986.25,3986.25,0,39556.33615789474,36358.871345434854,15.81578947368421,2589.1354736842104,190,35570.08615789474,14.81578947368421,1397.1145263157896
INV0136,Global Office,Electronics,23,3270.11,75212.45,0,39556.33615789474,36358.871345434854,15.81578947368421,2589.1354736842104,190,35656.11384210526,7.184210526315789,680.9745263157897
INV0137,Tech World,Electronics,18,3446.85,62043.24,0,47178.305097087374,65691.7745801971,15.689320388349515,2958.5622330097085,206,14864.934902912624,2.3106796116504853,488.2877669902914
INV0138,XYZ Traders,Office Equipment,13,832.13,10817.67,0,47394.08357894737,65372.596975509274,16.789473684210527,2899.4535263157895,190,36576.41357894737,3.7894736842105274,2067.3235263157894
INV0139,XYZ Traders,Software,2,1324.09,2648.17,0,47394.08357894737,65372.596975509274,16.789473684210527,2899.4535263157895,190,44745.91357894737,14.789473684210527,1575.3635263157896
INV0140,Prime Stationery,Software,9,3976.4,35787.61,0,48007.48259803921,65581.04168686338,16.642156862745097,2905.846862745098,204,12219.872598039212,7.642156862745097,1070.5531372549021
INV0141,ABC Supplies,Furniture,21,4859.68,102053.23,0,37834.155238095234,32918.015297934224,14.323809523809524,2681.076380952381,210,64219.07476190476,6.676190476190476,2178.6036190476193
INV0142,Prime Stationery,Furniture,2,1460.84,2921.69,0,48007.48259803921,65581.04168686338,16.642156862745097,2905.846862745098,204,45085.79259803921,14.642156862745097,1445.006862745098
INV0143,Tech World,Stationery,27,1503.53,40595.31,0,47178.305097087374,65691.7745801971,15.689320388349515,2958.5622330097085,206,6582.995097087376,11.310679611650485,1455.0322330097085
INV0144,Tech World,Electronics,25,2469.91,61747.66,0,47178.305097087374,65691.7745801971,15.689320388349515,2958.5622330097085,206,14569.35490291263,9.310679611650485,488.65223300970865
INV0145,Tech World,Furniture,9,4922.43,44301.9,0,47178.305097087374,65691.7745801971,15.689320388349515,2958.5622330097085,206,2876.4050970873723,6.689320388349515,1963.8677669902918
INV0146,Tech World,Software,1,1491.0,1491.0,0,47178.305097087374,65691.7745801971,15.689320388349515,2958.5622330097085,206,45687.305097087374,14.689320388349515,1467.5622330097085
INV0147,Tech World,Office Equipment,11,2153.47,23688.12,0,47178.305097087374,65691.7745801971,15.689320388349515,2958.5622330097085,206,23490.185097087375,4.689320388349515,805.0922330097087
INV0148,Global Office,Software,3,4479.1,13437.31,0,39556.33615789474,36358.871345434854,15.81578947368421,2589.1354736842104,190,26119.02615789474,12.81578947368421,1889.96452631579
INV0149,XYZ Traders,Electronics,20,214.02,4280.42,0,47394.08357894737,65372.596975509274,16.789473684210527,2899.4535263157895,190,43113.66357894737,3.2105263157894726,2685.4335263157895
INV0150,Tech World,Software,23,390.88,8990.16,0,47178.305097087374,65691.7745801971,15.689320388349515,2958.5622330097085,206,38188.14509708737,7.310679611650485,2567.6822330097084
INV0151,ABC Supplies,Stationery,26,3099.54,80588.15,0,37834.155238095234,32918.015297934224,14.323809523809524,2681.076380952381,210,42753.99476190476,11.676190476190476,418.463619047619
INV0152,ABC Supplies,Electronics,4,4555.42,18221.7,0,37834.155238095234,32918.015297934224,14.323809523809524,2681.076380952381,210,19612.455238095234,10.323809523809524,1874.343619047619
INV0153,ABC Supplies,Office Equipment,18,1346.51,24237.22,0,37834.155238095234,32918.015297934224,14.323809523809524,2681.076380952381,210,13596.935238095233,3.6761904761904756,1334.566380952381
INV0154,ABC Supplies,Stationery,23,2454.28,56448.45,0,37834.155238095234,32918.015297934224,14.323809523809524,2681.076380952381,210,18614.294761904763,8.676190476190476,226.7963809523808
INV0155,Global Office,Electronics,6,2362.23,14173.4,0,39556.33615789474,36358.871345434854,15.81578947368421,2589.1354736842104,190,25382.936157894736,9.81578947368421,226.9054736842104
INV0156,ABC Supplies,Office Equipment,3,2470.26,7410.79,0,37834.155238095234,32918.015297934224,14.323809523809524,2681.076380952381,210,30423.365238095234,11.323809523809524,210.81638095238077
INV0157,Tech World,Stationery,22,3188.09,70138.08,0,47178.305097087374,65691.7745801971,15.689320388349515,2958.5622330097085,206,22959.774902912628,6.310679611650485,229.52776699029164
INV0158,Prime Stationery,Stationery,11,2454.77,27002.47,0,48007.48259803921,65581.04168686338,16.642156862745097,2905.846862745098,204,21005.01259803921,5.642156862745097,451.07686274509797
INV0159,ABC Supplies,Electronics,15,2347.85,35217.71,0,37834.155238095234,32918.015297934224,14.323809523809524,2681.076380952381,210,2616.4452380952353,0.6761904761904756,333.2263809523811
INV0160,Global Office,Furniture,22,2476.58,54484.86,0,39556.33615789474,36358.871345434854,15.81578947368421,2589.1354736842104,190,14928.523842105264,6.184210526315789,112.55547368421048
INV0161,Global Office,Stationery,28,3036.16,85012.58,0,39556.33615789474,36358.871345434854,15.81578947368421,2589.1354736842104,190,45456.243842105265,12.18421052631579,447.02452631578944
INV0162,ABC Supplies,Stationery,5,2777.64,13888.18,0,37834.155238095234,32918.015297934224,14.323809523809524,2681.076380952381,210,23945.975238095234,9.323809523809524,96.56361904761889
INV0163,Prime Stationery,Office Equipment,20,4299.85,85997.06,0,48007.48259803921,65581.04168686338,16.642156862745097,2905.846862745098,204,37989.577401960785,3.3578431372549034,1394.0031372549024
INV0164,ABC Supplies,Software,10,437.58,4375.85,0,37834.155238095234,32918.015297934224,14.323809523809524,2681.076380952381,210,33458.305238095236,4.323809523809524,2243.496380952381
INV0165,Global Office,Electronics,12,4199.92,50399.06,0,39556.33615789474,36358.871345434854,15.81578947368421,2589.1354736842104,190,10842.72384210526,3.8157894736842106,1610.7845263157897
INV0166,XYZ Traders,Electronics,15,4250.84,63762.57,0,47394.08357894737,65372.596975509274,16.789473684210527,2899.4535263157895,190,16368.486421052628,1.7894736842105274,1351.3864736842106
INV0167,Tech World,Furniture,17,1567.56,26648.49,0,47178.305097087374,65691.7745801971,15.689320388349515,2958.5622330097085,206,20529.815097087372,1.3106796116504853,1391.0022330097086
INV0168,Global Office,Furniture,10,2421.69,24216.89,0,39556.33615789474,36358.871345434854,15.81578947368421,2589.1354736842104,190,15339.446157894738,5.815789473684211,167.44547368421036
INV0169,ABC Supplies,Electronics,6,2304.98,13829.91,0,37834.155238095234,32918.015297934224,14.323809523809524,2681.076380952381,210,24004.245238095235,8.323809523809524,376.09638095238097
INV0170,Tech World,Furniture,18,1248.85,22479.25,0,47178.305097087374,65691.7745801971,15.689320388349515,2958.5622330097085,206,24699.055097087374,2.3106796116504853,1709.7122330097086
INV0171,ABC Supplies,Office Equipment,13,2104.62,27360.12,0,37834.155238095234,32918.015297934224,14.323809523809524,2681.076380952381,210,10474.035238095235,1.3238095238095244,576.4563809523811
INV0172,ABC Supplies,Electronics,3,413.06,1239.18,0,37834.155238095234,32918.015297934224,14.323809523809524,2681.076380952381,210,36594.975238095234,11.323809523809524,2268.016380952381
INV0173,XYZ Traders,Furniture,24,1533.55,36805.1,0,47394.08357894737,65372.596975509274,16.789473684210527,2899.4535263157895,190,10588.983578947373,7.210526315789473,1365.9035263157896
INV0174,Tech World,Electronics,10,4120.07,41200.74,0,47178.305097087374,65691.7745801971,15.689320388349515,2958.5622330097085,206,5977.565097087376,5.689320388349515,1161.5077669902912
INV0175,Tech World,Software,14,1565.9,21922.59,0,47178.305097087374,65691.7745801971,15.689320388349515,2958.5622330097085,206,25255.715097087374,1.6893203883495147,1392.6622330097084
INV0176,XYZ Traders,Stationery,6,4127.39,24764.35,0,47394.08357894737,65372.596975509274,16.789473684210527,2899.4535263157895,190,22629.733578947373,10.789473684210527,1227.9364736842108
INV0177,Global Office,Electronics,3,2751.68,8255.03,0,39556.33615789474,36358.871345434854,15.81578947368421,2589.1354736842104,190,31301.306157894738,12.81578947368421,162.54452631578943
INV0178,ABC Supplies,Stationery,16,4423.34,70773.45,0,37834.155238095234,32918.015297934224,14.323809523809524,2681.076380952381,210,32939.29476190476,1.6761904761904756,1742.2636190476192
INV0179,Prime Stationery,Furniture,7,2958.94,20712.59,0,48007.48259803921,65581.04168686338,16.642156862745097,2905.846862745098,204,27294.892598039212,9.642156862745097,53.0931372549021
INV0180,ABC Supplies,Stationery,20,342.41,6848.15,0,37834.155238095234,32918.015297934224,14.323809523809524,2681.076380952381,210,30986.005238095233,5.676190476190476,2338.666380952381
INV0181,ABC Supplies,Electronics,14,3442.02,48188.24,0,37834.155238095234,32918.015297934224,14.323809523809524,2681.076380952381,210,10354.084761904764,0.32380952380952444,760.943619047619
INV0182,Global Office,Software,9,415.3,3737.67,0,39556.33615789474,36358.871345434854,15.81578947368421,2589.1354736842104,190,35818.66615789474,6.815789473684211,2173.8354736842102
INV0183,ABC Supplies,Furniture,15,2362.87,35442.99,0,37834.155238095234,32918.015297934224,14.323809523809524,2681.076380952381,210,2391.1652380952364,0.6761904761904756,318.2063809523811
INV0184,XYZ Traders,Electronics,21,4661.25,97886.21,0,47394.08357894737,65372.596975509274,16.789473684210527,2899.4535263157895,190,50492.126421052635,4.210526315789473,1761.7964736842105
INV0185,XYZ Traders,Furniture,3,992.98,2978.94,0,47394.08357894737,65372.596975509274,16.789473684210527,2899.4535263157895,190,44415.14357894737,13.789473684210527,1906.4735263157895
INV0186,Tech World,Office Equipment,2,2071.39,4142.77,0,47178.305097087374,65691.7745801971,15.689320388349515,2958.5622330097085,206,43035.53509708737,13.689320388349515,887.1722330097086
INV0187,Prime Stationery,Stationery,27,3703.33,99989.9,0,48007.48259803921,65581.04168686338,16.642156862745097,2905.846862745098,204,51982.41740196078,10.357843137254903,797.483137254902
INV0188,ABC Supplies,Office Equipment,2,4434.84,8869.68,0,37834.155238095234,32918.015297934224,14.323809523809524,2681.076380952381,210,28964.475238095234,12.323809523809524,1753.7636190476192
INV0189,ABC Supplies,Electronics,3,3420.53,10261.58,0,37834.155238095234,32918.015297934224,14.323809523809524,2681.076380952381,210,27572.575238095233,11.323809523809524,739.4536190476192
INV0190,Global Office,Software,18,1439.23,25906.17,0,39556.33615789474,36358.871345434854,15.81578947368421,2589.1354736842104,190,13650.166157894739,2.1842105263157894,1149.9054736842104
INV0191,XYZ Traders,Furniture,14,3438.12,48133.65,0,47394.08357894737,65372.596975509274,16.789473684210527,2899.4535263157895,190,739.5664210526302,2.7894736842105274,538.6664736842104
INV0192,Prime Stationery,Stationery,20,1624.29,32485.85,0,48007.48259803921,65581.04168686338,16.642156862745097,2905.846862745098,204,15521.632598039214,3.3578431372549034,1281.556862745098
INV0193,Tech World,Furniture,18,3648.46,65672.29,0,47178.305097087374,65691.7745801971,15.689320388349515,2958.5622330097085,206,18493.98490291262,2.3106796116504853,689.8977669902915
INV0194,XYZ Traders,Electronics,10,4779.36,47793.59,0,47394.08357894737,65372.596975509274,16.789473684210527,2899.4535263157895,190,399.5064210526252,6.789473684210527,1879.9064736842101
INV0195,Tech World,Furniture,25,3662.69,91567.21,0,47178.305097087374,65691.7745801971,15.689320388349515,2958.5622330097085,206,44388.90490291263,9.310679611650485,704.1277669902915
INV0196,Global Office,Stationery,2,4341.83,8683.65,0,39556.33615789474,36358.871345434854,15.81578947368421,2589.1354736842104,190,30872.686157894736,13.81578947368421,1752.6945263157895
INV0197,Global Office,Electronics,25,210.1,5252.46,0,39556.33615789474,36358.871345434854,15.81578947368421,2589.1354736842104,190,34303.87615789474,9.18421052631579,2379.0354736842105
INV0198,ABC Supplies,Furniture,29,3644.35,105686.04,0,37834.155238095234,32918.015297934224,14.323809523809524,2681.076380952381,210,67851.88476190476,14.676190476190476,963.2736190476189
INV0199,Prime Stationery,Software,22,4182.02,92004.45,0,48007.48259803921,65581.04168686338,16.642156862745097,2905.846862745098,204,43996.967401960785,5.357843137254903,1276.1731372549025
INV0200,Tech World,Electronics,1,394.68,394.68,0,47178.305097087374,65691.7745801971,15.689320388349515,2958.5622330097085,206,46783.62509708737,14.689320388349515,2563.8822330097087
INV0201,XYZ Traders,Electronics,4,4383.67,17534.68,0,47394.08357894737,65372.596975509274,16.789473684210527,2899.4535263157895,190,29859.40357894737,12.789473684210527,1484.2164736842105
INV0202,Global Office,Software,14,1432.13,20049.85,0,39556.33615789474,36358.871345434854,15.81578947368421,2589.1354736842104,190,19506.48615789474,1.8157894736842106,1157.0054736842103
INV0203,ABC Supplies,Office Equipment,1,3393.4,3393.4,0,37834.155238095234,32918.015297934224,14.323809523809524,2681.076380952381,210,34440.75523809523,13.323809523809524,712.3236190476191
INV0204,ABC Supplies,Stationery,14,4041.7,56583.85,0,37834.155238095234,32918.015297934224,14.323809523809524,2681.076380952381,210,18749.694761904764,0.32380952380952444,1360.6236190476188
INV0205,Tech World,Office Equipment,16,3380.79,54092.63,0,47178.305097087374,65691.7745801971,15.689320388349515,2958.5622330097085,206,6914.324902912624,0.3106796116504853,422.22776699029146
INV0206,Global Office,Furniture,22,642.97,14145.27,0,39556.33615789474,36358.871345434854,15.81578947368421,2589.1354736842104,190,25411.066157894737,6.184210526315789,1946.1654736842104
INV0207,Prime Stationery,Software,14,3062.34,42872.81,0,48007.48259803921,65581.04168686338,16.642156862745097,2905.846862745098,204,5134.672598039215,2.6421568627450966,156.4931372549022
INV0208,Global Office,Office Equipment,29,2838.0,82302.05,0,39556.33615789474,36358.871345434854,15.81578947368421,2589.1354736842104,190,42745.713842105266,13.18421052631579,248.8645263157896
INV0209,Tech World,Electronics,20,4521.54,90430.84,0,47178.305097087374,65691.7745801971,15.689320388349515,2958.5622330097085,206,43252.53490291262,4.310679611650485,1562.9777669902915
INV0210,Tech World,Furniture,3,2140.35,6421.05,0,47178.305097087374,65691.7745801971,15.689320388349515,2958.5622330097085,206,40757.25509708737,12.689320388349515,818.2122330097086
INV0211,Global Office,Furniture,3,1741.19,5223.57,0,39556.33615789474,36358.871345434854,15.81578947368421,2589.1354736842104,190,34332.76615789474,12.81578947368421,847.9454736842104
INV0212,Tech World,Office Equipment,9,3799.28,34193.55,0,47178.305097087374,65691.7745801971,15.689320388349515,2958.5622330097085,206,12984.75509708737,6.689320388349515,840.7177669902917
INV0213,Global Office,Office Equipment,6,2180.84,13085.05,0,39556.33615789474,36358.871345434854,15.81578947368421,2589.1354736842104,190,26471.286157894738,9.81578947368421,408.29547368421026
INV0214,XYZ Traders,Software,25,3301.26,82531.54,0,47394.08357894737,65372.596975509274,16.789473684210527,2899.4535263157895,190,35137.45642105262,8.210526315789473,401.8064736842107
INV0215,Global Office,Stationery,13,3302.96,42938.49,0,39556.33615789474,36358.871345434854,15.81578947368421,2589.1354736842104,190,3382.153842105261,2.8157894736842106,713.8245263157896
INV0216,Global Office,Office Equipment,21,4462.59,93714.34,0,39556.33615789474,36358.871345434854,15.81578947368421,2589.1354736842104,190,54158.00384210526,5.184210526315789,1873.4545263157897
INV0217,Tech World,Office Equipment,2,3073.72,6147.45,0,47178.305097087374,65691.7745801971,15.689320388349515,2958.5622330097085,206,41030.85509708738,13.689320388349515,115.1577669902913
INV0218,Tech World,Electronics,8,2610.34,20882.7,0,47178.305097087374,65691.7745801971,15.689320388349515,2958.5622330097085,206,26295.605097087373,7.689320388349515,348.22223300970836
INV0219,ABC Supplies,Furniture,21,866.58,18198.23,0,37834.155238095234,32918.015297934224,14.323809523809524,2681.076380952381,210,19635.925238095235,6.676190476190476,1814.496380952381
INV0220,ABC Supplies,Stationery,2,755.54,1511.08,0,37834.155238095234,32918.015297934224,14.323809523809524,2681.076380952381,210,36323.07523809523,12.323809523809524,1925.536380952381
INV0221,XYZ Traders,Electronics,4,940.74,3762.97,0,47394.08357894737,65372.596975509274,16.789473684210527,2899.4535263157895,190,43631.11357894737,12.789473684210527,1958.7135263157895
INV0222,ABC Supplies,Software,25,1024.87,25621.82,0,37834.155238095234,32918.015297934224,14.323809523809524,2681.076380952381,210,12212.335238095235,10.676190476190476,1656.206380952381
INV0223,Global Office,Software,15,3261.81,48927.15,0,39556.33615789474,36358.871345434854,15.81578947368421,2589.1354736842104,190,9370.813842105264,0.8157894736842106,672.6745263157895
INV0224,Tech World,Office Equipment,4,3756.71,15026.84,0,47178.305097087374,65691.7745801971,15.689320388349515,2958.5622330097085,206,32151.465097087374,11.689320388349515,798.1477669902915
INV0225,ABC Supplies,Office Equipment,13,2743.96,35671.47,0,37834.155238095234,32918.015297934224,14.323809523809524,2681.076380952381,210,2162.685238095233,1.3238095238095244,62.88361904761905
INV0226,ABC Supplies,Software,28,4179.29,117019.98,0,37834.155238095234,32918.015297934224,14.323809523809524,2681.076380952381,210,79185.82476190476,13.676190476190476,1498.213619047619
INV0227,XYZ Traders,Office Equipment,12,4958.06,59496.76,0,47394.08357894737,65372.596975509274,16.789473684210527,2899.4535263157895,190,12102.67642105263,4.789473684210527,2058.606473684211
INV0228,XYZ Traders,Stationery,28,4136.06,115809.7,0,47394.08357894737,65372.596975509274,16.789473684210527,2899.4535263157895,190,68415.61642105263,11.210526315789473,1236.6064736842109
INV0229,Global Office,Office Equipment,13,3535.44,45960.66,0,39556.33615789474,36358.871345434854,15.81578947368421,2589.1354736842104,190,6404.3238421052665,2.8157894736842106,946.3045263157896
INV0230,Tech World,Furniture,14,2755.96,38583.51,0,47178.305097087374,65691.7745801971,15.689320388349515,2958.5622330097085,206,8594.795097087372,1.6893203883495147,202.60223300970847
INV0231,XYZ Traders,Office Equipment,20,2354.49,47089.89,0,47394.08357894737,65372.596975509274,16.789473684210527,2899.4535263157895,190,304.19357894737186,3.2105263157894726,544.9635263157897
INV0232,ABC Supplies,Electronics,18,605.08,10891.5,0,37834.155238095234,32918.015297934224,14.323809523809524,2681.076380952381,210,26942.655238095234,3.6761904761904756,2075.996380952381
INV0233,Tech World,Stationery,29,2116.97,61392.13,0,47178.305097087374,65691.7745801971,15.689320388349515,2958.5622330097085,206,14213.824902912624,13.310679611650485,841.5922330097087
INV0234,Tech World,Electronics,28,4568.65,127922.1,0,47178.305097087374,65691.7745801971,15.689320388349515,2958.5622330097085,206,80743.79490291263,12.310679611650485,1610.0877669902911
INV0235,ABC Supplies,Electronics,6,4078.51,24471.05,0,37834.155238095234,32918.015297934224,14.323809523809524,2681.076380952381,210,13363.105238095235,8.323809523809524,1397.4336190476192
INV0236,XYZ Traders,Furniture,29,1237.05,35874.35,0,47394.08357894737,65372.596975509274,16.789473684210527,2899.4535263157895,190,11519.733578947373,12.210526315789473,1662.4035263157896
INV0237,ABC Supplies,Stationery,11,2439.72,26836.89,0,37834.155238095234,32918.015297934224,14.323809523809524,2681.076380952381,210,10997.265238095235,3.3238095238095244,241.3563809523812
INV0238,Tech World,Stationery,2,4120.27,8240.54,0,47178.305097087374,65691.7745801971,15.689320388349515,2958.5622330097085,206,38937.76509708737,13.689320388349515,1161.707766990292
INV0239,Prime Stationery,Stationery,28,523.45,14656.48,0,48007.48259803921,65581.04168686338,16.642156862745097,2905.846862745098,204,33351.00259803921,11.357843137254903,2382.3968627450977
INV0240,Prime Stationery,Stationery,23,2059.48,47368.14,0,48007.48259803921,65581.04168686338,16.642156862745097,2905.846862745098,204,639.342598039213,6.357843137254903,846.3668627450979
INV0241,Global Office,Stationery,19,4288.84,81487.92,0,39556.33615789474,36358.871345434854,15.81578947368421,2589.1354736842104,190,41931.58384210526,3.1842105263157894,1699.7045263157897
INV0242,ABC Supplies,Furniture,19,2138.71,40635.49,0,37834.155238095234,32918.015297934224,14.323809523809524,2681.076380952381,210,2801.3347619047636,4.676190476190476,542.366380952381
INV0243,ABC Supplies,Office Equipment,5,572.55,2862.75,0,37834.155238095234,32918.015297934224,14.323809523809524,2681.076380952381,210,34971.405238095234,9.323809523809524,2108.5263809523813
INV0244,Global Office,Electronics,19,2804.16,53279.13,0,39556.33615789474,36358.871345434854,15.81578947368421,2589.1354736842104,190,13722.79384210526,3.1842105263157894,215.02452631578944
INV0245,Global Office,Stationery,2,4336.36,8672.73,0,39556.33615789474,36358.871345434854,15.81578947368421,2589.1354736842104,190,30883.606157894737,13.81578947368421,1747.2245263157893
INV0246,Global Office,Office Equipment,10,3033.37,30333.71,0,39556.33615789474,36358.871345434854,15.81578947368421,2589.1354736842104,190,9222.626157894738,5.815789473684211,444.2345263157895
INV0247,Tech World,Office Equipment,25,1286.14,32153.49,0,47178.305097087374,65691.7745801971,15.689320388349515,2958.5622330097085,206,15024.815097087372,9.310679611650485,1672.4222330097084
INV0248,ABC Supplies,Electronics,14,2044.35,28620.9,1,37834.155238095234,32918.015297934224,14.323809523809524,2681.076380952381,210,9213.255238095233,0.32380952380952444,636.7263809523811
INV0249,Tech World,Furniture,11,2360.59,25966.51,0,47178.305097087374,65691.7745801971,15.689320388349515,2958.5622330097085,206,21211.795097087375,4.689320388349515,597.9722330097084
INV0250,Global Office,Software,18,2980.48,53648.61,0,39556.33615789474,36358.871345434854,15.81578947368421,2589.1354736842104,190,14092.273842105264,2.1842105263157894,391.3445263157896
INV0251,ABC Supplies,Software,29,3844.88,111501.66,0,37834.155238095234,32918.015297934224,14.323809523809524,2681.076380952381,210,73667.50476190477,14.676190476190476,1163.8036190476191
INV0252,Tech World,Office Equipment,24,674.59,16190.24,0,47178.305097087374,65691.7745801971,15.689320388349515,2958.5622330097085,206,30988.065097087376,8.310679611650485,2283.9722330097084
INV0253,Tech World,Electronics,15,4470.33,67054.95,0,47178.305097087374,65691.7745801971,15.689320388349515,2958.5622330097085,206,19876.644902912623,0.6893203883495147,1511.7677669902914
INV0254,Global Office,Software,9,259.09,2331.78,0,39556.33615789474,36358.871345434854,15.81578947368421,2589.1354736842104,190,37224.55615789474,6.815789473684211,2330.0454736842103
INV0255,ABC Supplies,Office Equipment,23,1976.25,45453.78,0,37834.155238095234,32918.015297934224,14.323809523809524,2681.076380952381,210,7619.6247619047645,8.676190476190476,704.826380952381
INV0256,Global Office,Furniture,19,331.62,6300.73,0,39556.33615789474,36358.871345434854,15.81578947368421,2589.1354736842104,190,33255.60615789474,3.1842105263157894,2257.5154736842105
INV0257,ABC Supplies,Software,9,2086.28,18776.49,0,37834.155238095234,32918.015297934224,14.323809523809524,2681.076380952381,210,19057.665238095233,5.323809523809524,594.7963809523808
INV0258,Prime Stationery,Office Equipment,3,2723.9,8171.7,0,48007.48259803921,65581.04168686338,16.642156862745097,2905.846862745098,204,39835.782598039215,13.642156862745097,181.94686274509786
INV0259,XYZ Traders,Office Equipment,21,17421.2,365845.11,1,47394.08357894737,65372.596975509274,16.789473684210527,2899.4535263157895,190,318451.02642105264,4.210526315789473,14521.746473684212
INV0260,XYZ Traders,Stationery,9,995.02,8955.14,0,47394.08357894737,65372.596975509274,16.789473684210527,2899.4535263157895,190,38438.94357894737,7.789473684210527,1904.4335263157895
INV0261,XYZ Traders,Furniture,28,3299.55,92387.52,0,47394.08357894737,65372.596975509274,16.789473684210527,2899.4535263157895,190,44993.43642105263,11.210526315789473,400.09647368421065
INV0262,Global Office,Stationery,14,414.94,5809.11,0,39556.33615789474,36358.871345434854,15.81578947368421,2589.1354736842104,190,33747.22615789474,1.8157894736842106,2174.1954736842104
INV0263,Prime Stationery,Electronics,19,3857.15,73285.9,0,48007.48259803921,65581.04168686338,16.642156862745097,2905.846862745098,204,25278.41740196078,2.3578431372549034,951.3031372549021
INV0264,ABC Supplies,Stationery,7,4743.89,33207.25,0,37834.155238095234,32918.015297934224,14.323809523809524,2681.076380952381,210,4626.905238095234,7.323809523809524,2062.8136190476193
INV0265,Tech World,Stationery,16,1830.89,29294.25,0,47178.305097087374,65691.7745801971,15.689320388349515,2958.5622330097085,206,17884.055097087374,0.3106796116504853,1127.6722330097084
INV0266,ABC Supplies,Software,16,2682.75,42923.98,0,37834.155238095234,32918.015297934224,14.323809523809524,2681.076380952381,210,5089.824761904769,1.6761904761904756,1.6736190476190131
INV0267,Tech World,Office Equipment,28,2018.77,56525.54,0,47178.305097087374,65691.7745801971,15.689320388349515,2958.5622330097085,206,9347.234902912627,12.310679611650485,939.7922330097085
INV0268,ABC Supplies,Furniture,1,232.21,232.21,0,37834.155238095234,32918.015297934224,14.323809523809524,2681.076380952381,210,37601.945238095235,13.323809523809524,2448.866380952381
INV0269,Prime Stationery,Stationery,4,2052.2,8208.79,0,48007.48259803921,65581.04168686338,16.642156862745097,2905.846862745098,204,39798.69259803921,12.642156862745097,853.6468627450981
INV0270,Tech World,Furniture,4,4000.26,16001.03,0,47178.305097087374,65691.7745801971,15.689320388349515,2958.5622330097085,206,31177.275097087375,11.689320388349515,1041.6977669902917
INV0271,Global Office,Stationery,7,3060.75,21425.23,0,39556.33615789474,36358.871345434854,15.81578947368421,2589.1354736842104,190,18131.106157894737,8.81578947368421,471.6145263157896
INV0272,ABC Supplies,Electronics,8,686.05,5488.38,0,37834.155238095234,32918.015297934224,14.323809523809524,2681.076380952381,210,32345.775238095233,6.323809523809524,1995.026380952381
INV0273,ABC Supplies,Stationery,17,4266.27,72526.58,0,37834.155238095234,32918.015297934224,14.323809523809524,2681.076380952381,210,34692.42476190477,2.6761904761904756,1585.1936190476194
INV0274,Tech World,Software,5,2749.21,13746.05,0,47178.305097087374,65691.7745801971,15.689320388349515,2958.5622330097085,206,33432.25509708737,10.689320388349515,209.35223300970847
INV0275,Global Office,Office Equipment,7,4240.27,29681.9,0,39556.33615789474,36358.871345434854,15.81578947368421,2589.1354736842104,190,9874.436157894736,8.81578947368421,1651.13452631579
INV0276,Global Office,Electronics,28,2985.06,83581.77,0,39556.33615789474,36358.871345434854,15.81578947368421,2589.1354736842104,190,44025.43384210527,12.18421052631579,395.92452631578954
INV0277,Prime Stationery,Stationery,20,2886.5,57730.09,0,48007.48259803921,65581.04168686338,16.642156862745097,2905.846862745098,204,9722.607401960784,3.3578431372549034,19.34686274509795
INV0278,Global Office,Furniture,29,705.24,20452.08,0,39556.33615789474,36358.871345434854,15.81578947368421,2589.1354736842104,190,19104.256157894735,13.18421052631579,1883.8954736842104
INV0279,Global Office,Electronics,20,1003.33,20066.53,0,39556.33615789474,36358.871345434854,15.81578947368421,2589.1354736842104,190,19489.806157894738,4.184210526315789,1585.8054736842105
INV0280,Global Office,Electronics,4,4865.72,19462.88,0,39556.33615789474,36358.871345434854,15.81578947368421,2589.1354736842104,190,20093.456157894736,11.81578947368421,2276.58452631579
INV0281,XYZ Traders,Stationery,28,1296.74,36308.62,0,47394.08357894737,65372.596975509274,16.789473684210527,2899.4535263157895,190,11085.463578947369,11.210526315789473,1602.7135263157895
INV0282,Prime Stationery,Electronics,6,4891.77,29350.62,0,48007.48259803921,65581.04168686338,16.642156862745097,2905.846862745098,204,18656.862598039213,10.642156862745097,1985.9231372549025
INV0283,ABC Supplies,Furniture,7,2753.18,19272.27,0,37834.155238095234,32918.015297934224,14.323809523809524,2681.076380952381,210,18561.885238095234,7.323809523809524,72.10361904761885
INV0284,Tech World,Electronics,18,851.79,15332.17,0,47178.305097087374,65691.7745801971,15.689320388349515,2958.5622330097085,206,31846.135097087375,2.3106796116504853,2106.7722330097085
INV0285,ABC Supplies,Furniture,5,676.65,3383.25,0,37834.155238095234,32918.015297934224,14.323809523809524,2681.076380952381,210,34450.905238095234,9.323809523809524,2004.426380952381
INV0286,Prime Stationery,Stationery,20,1202.55,24050.95,0,48007.48259803921,65581.04168686338,16.642156862745097,2905.846862745098,204,23956.53259803921,3.3578431372549034,1703.296862745098
INV0287,Tech World,Office Equipment,29,4643.06,134648.72,0,47178.305097087374,65691.7745801971,15.689320388349515,2958.5622330097085,206,87470.41490291263,13.310679611650485,1684.497766990292
INV0288,Prime Stationery,Electronics,3,2187.92,6563.76,0,48007.48259803921,65581.04168686338,16.642156862745097,2905.846862745098,204,41443.72259803921,13.642156862745097,717.9268627450979
INV0289,Global Office,Office Equipment,7,2098.08,14686.59,0,39556.33615789474,36358.871345434854,15.81578947368421,2589.1354736842104,190,24869.746157894737,8.81578947368421,491.0554736842105
INV0290,Tech World,Furniture,27,1703.39,45991.53,0,47178.305097087374,65691.7745801971,15.689320388349515,2958.5622330097085,206,1186.775097087375,11.310679611650485,1255.1722330097084
INV0291,Global Office,Electronics,28,905.9,25365.11,0,39556.33615789474,36358.871345434854,15.81578947368421,2589.1354736842104,190,14191.226157894736,12.18421052631579,1683.2354736842103
INV0292,ABC Supplies,Software,22,2541.69,55917.09,0,37834.155238095234,32918.015297934224,14.323809523809524,2681.076380952381,210,18082.934761904762,7.676190476190476,139.38638095238093
INV0293,ABC Supplies,Office Equipment,14,824.23,11539.21,0,37834.155238095234,32918.015297934224,14.323809523809524,2681.076380952381,210,26294.945238095235,0.32380952380952444,1856.846380952381
INV0294,Tech World,Electronics,42,17348.03,728617.31,1,47178.305097087374,65691.7745801971,15.689320388349515,2958.5622330097085,206,681439.0049029127,26.310679611650485,14389.46776699029
INV0295,Tech World,Office Equipment,5,1977.91,9889.53,0,47178.305097087374,65691.7745801971,15.689320388349515,2958.5622330097085,206,37288.775097087375,10.689320388349515,980.6522330097084
INV0296,Prime Stationery,Electronics,29,1999.06,57972.66,0,48007.48259803921,65581.04168686338,16.642156862745097,2905.846862745098,204,9965.177401960791,12.357843137254903,906.786862745098
INV0297,Prime Stationery,Stationery,22,2475.23,54455.08,0,48007.48259803921,65581.04168686338,16.642156862745097,2905.846862745098,204,6447.597401960789,5.357843137254903,430.61686274509793
INV0298,Global Office,Office Equipment,5,2331.81,11659.07,0,39556.33615789474,36358.871345434854,15.81578947368421,2589.1354736842104,190,27897.266157894737,10.81578947368421,257.32547368421046
INV0299,Tech World,Software,23,4975.32,114432.32,0,47178.305097087374,65691.7745801971,15.689320388349515,2958.5622330097085,206,67254.01490291263,7.310679611650485,2016.7577669902912
INV0300,ABC Supplies,Software,2,2817.83,5635.66,0,37834.155238095234,32918.015297934224,14.323809523809524,2681.076380952381,210,32198.495238095235,12.323809523809524,136.75361904761894
INV0301,Prime Stationery,Furniture,27,623.37,16830.94,0,48007.48259803921,65581.04168686338,16.642156862745097,2905.846862745098,204,31176.542598039214,10.357843137254903,2282.476862745098
INV0302,Prime Stationery,Electronics,21,3113.01,65373.24,0,48007.48259803921,65581.04168686338,16.642156862745097,2905.846862745098,204,17365.757401960786,4.357843137254903,207.16313725490227
INV0303,ABC Supplies,Office Equipment,22,927.6,20407.3,0,37834.155238095234,32918.015297934224,14.323809523809524,2681.076380952381,210,17426.855238095235,7.676190476190476,1753.476380952381
INV0304,Prime Stationery,Furniture,6,348.5,2091.0,0,48007.48259803921,65581.04168686338,16.642156862745097,2905.846862745098,204,45916.48259803921,10.642156862745097,2557.346862745098
INV0305,Global Office,Office Equipment,15,4859.56,72893.44,0,39556.33615789474,36358.871345434854,15.81578947368421,2589.1354736842104,190,33337.103842105265,0.8157894736842106,2270.42452631579
INV0306,Tech World,Electronics,21,3912.99,82172.72,0,47178.305097087374,65691.7745801971,15.689320388349515,2958.5622330097085,206,34994.41490291263,5.310679611650485,954.4277669902913
INV0307,ABC Supplies,Software,10,4904.52,49045.23,0,37834.155238095234,32918.015297934224,14.323809523809524,2681.076380952381,210,11211.074761904769,4.323809523809524,2223.4436190476194
INV0308,Tech World,Stationery,23,2493.82,57357.78,0,47178.305097087374,65691.7745801971,15.689320388349515,2958.5622330097085,206,10179.474902912625,7.310679611650485,464.74223300970834
INV0309,Prime Stationery,Software,26,2754.84,71625.74,0,48007.48259803921,65581.04168686338,16.642156862745097,2905.846862745098,204,23618.257401960793,9.357843137254903,151.0068627450978
INV0310,Prime Stationery,Furniture,24,1008.02,24192.42,0,48007.48259803921,65581.04168686338,16.642156862745097,2905.846862745098,204,23815.062598039214,7.357843137254903,1897.826862745098
INV0311,ABC Supplies,Stationery,7,1385.16,9696.09,0,37834.155238095234,32918.015297934224,14.323809523809524,2681.076380952381,210,28138.065238095234,7.323809523809524,1295.916380952381
INV0312,Global Office,Furniture,5,4225.04,21125.18,0,39556.33615789474,36358.871345434854,15.81578947368421,2589.1354736842104,190,18431.156157894737,10.81578947368421,1635.9045263157896
INV0313,XYZ Traders,Electronics,1,1909.69,1909.69,0,47394.08357894737,65372.596975509274,16.789473684210527,2899.4535263157895,190,45484.39357894737,15.789473684210527,989.7635263157895
INV0314,ABC Supplies,Stationery,13,4168.71,54193.25,0,37834.155238095234,32918.015297934224,14.323809523809524,2681.076380952381,210,16359.094761904766,1.3238095238095244,1487.633619047619
INV0315,XYZ Traders,Furniture,21,3603.27,75668.58,0,47394.08357894737,65372.596975509274,16.789473684210527,2899.4535263157895,190,28274.49642105263,4.210526315789473,703.8164736842105
INV0316,XYZ Traders,Electronics,26,1050.42,27310.93,0,47394.08357894737,65372.596975509274,16.789473684210527,2899.4535263157895,190,20083.15357894737,9.210526315789473,1849.0335263157895
INV0317,Global Office,Software,18,2635.74,47443.37,0,39556.33615789474,36358.871345434854,15.81578947368421,2589.1354736842104,190,7887.033842105266,2.1842105263157894,46.60452631578937
INV0318,XYZ Traders,Electronics,13,3451.46,44868.97,0,47394.08357894737,65372.596975509274,16.789473684210527,2899.4535263157895,190,2525.11357894737,3.7894736842105274,552.0064736842105
INV0319,XYZ Traders,Office Equipment,21,1328.18,27891.75,0,47394.08357894737,65372.596975509274,16.789473684210527,2899.4535263157895,190,19502.33357894737,4.210526315789473,1571.2735263157895
INV0320,Global Office,Electronics,21,4187.3,87933.4,0,39556.33615789474,36358.871345434854,15.81578947368421,2589.1354736842104,190,48377.06384210526,5.184210526315789,1598.1645263157898
INV0321,XYZ Traders,Electronics,162,2815.17,456057.99,1,47394.08357894737,65372.596975509274,16.789473684210527,2899.4535263157895,190,408663.90642105264,145.21052631578948,84.28352631578946
INV0322,XYZ Traders,Office Equipment,5,993.16,4965.81,0,47394.08357894737,65372.596975509274,16.789473684210527,2899.4535263157895,190,42428.27357894737,11.789473684210527,1906.2935263157897
INV0323,XYZ Traders,Furniture,13,2998.33,38978.23,0,47394.08357894737,65372.596975509274,16.789473684210527,2899.4535263157895,190,8415.853578947368,3.7894736842105274,98.8764736842104
INV0324,ABC Supplies,Furniture,4,4998.63,19994.51,0,37834.155238095234,32918.015297934224,14.323809523809524,2681.076380952381,210,17839.645238095236,10.323809523809524,2317.553619047619
INV0325,ABC Supplies,Electronics,17,922.5,15682.55,0,37834.155238095234,32918.015297934224,14.323809523809524,2681.076380952381,210,22151.605238095235,2.6761904761904756,1758.576380952381
INV0326,ABC Supplies,Office Equipment,3,4120.43,12361.3,0,37834.155238095234,32918.015297934224,14.323809523809524,2681.076380952381,210,25472.855238095235,11.323809523809524,1439.3536190476193
INV0327,Global Office,Office Equipment,17,1195.08,20316.41,0,39556.33615789474,36358.871345434854,15.81578947368421,2589.1354736842104,190,19239.926157894737,1.1842105263157894,1394.0554736842105
INV0328,Prime Stationery,Software,28,3955.46,110752.99,0,48007.48259803921,65581.04168686338,16.642156862745097,2905.846862745098,204,62745.50740196079,11.357843137254903,1049.613137254902
INV0329,XYZ Traders,Furniture,77,3725.97,286900.0,1,47394.08357894737,65372.596975509274,16.789473684210527,2899.4535263157895,190,239505.91642105262,60.21052631578947,826.5164736842103
INV0330,XYZ Traders,Stationery,21,1642.35,34489.33,0,47394.08357894737,65372.596975509274,16.789473684210527,2899.4535263157895,190,12904.75357894737,4.210526315789473,1257.1035263157896
INV0331,Global Office,Furniture,20,1763.95,35279.02,0,39556.33615789474,36358.871345434854,15.81578947368421,2589.1354736842104,190,4277.31615789474,4.184210526315789,825.1854736842104
INV0332,XYZ Traders,Furniture,23,4004.1,92094.36,0,47394.08357894737,65372.596975509274,16.789473684210527,2899.4535263157895,190,44700.27642105263,6.210526315789473,1104.6464736842104
INV0333,ABC Supplies,Software,21,2414.94,50713.71,0,37834.155238095234,32918.015297934224,14.323809523809524,2681.076380952381,210,12879.554761904765,6.676190476190476,266.13638095238093
INV0334,Prime Stationery,Stationery,26,3707.93,96406.09,0,48007.48259803921,65581.04168686338,16.642156862745097,2905.846862745098,204,48398.607401960784,9.357843137254903,802.0831372549019
INV0335,Tech World,Software,4,910.32,3641.3,0,47178.305097087374,65691.7745801971,15.689320388349515,2958.5622330097085,206,43537.00509708737,11.689320388349515,2048.2422330097083
INV0336,XYZ Traders,Stationery,2,4292.28,8584.55,0,47394.08357894737,65372.596975509274,16.789473684210527,2899.4535263157895,190,38809.533578947376,14.789473684210527,1392.8264736842102
INV0337,ABC Supplies,Electronics,20,3612.25,72244.93,0,37834.155238095234,32918.015297934224,14.323809523809524,2681.076380952381,210,34410.77476190476,5.676190476190476,931.173619047619
INV0338,Tech World,Stationery,16,4553.33,72853.21,0,47178.305097087374,65691.7745801971,15.689320388349515,2958.5622330097085,206,25674.904902912633,0.3106796116504853,1594.7677669902914
INV0339,Prime Stationery,Software,28,835.39,23390.85,0,48007.48259803921,65581.04168686338,16.642156862745097,2905.846862745098,204,24616.632598039214,11.357843137254903,2070.456862745098
INV0340,Tech World,Furniture,18,3046.47,54836.45,0,47178.305097087374,65691.7745801971,15.689320388349515,2958.5622330097085,206,7658.144902912623,2.3106796116504853,87.9077669902913
INV0341,ABC Supplies,Stationery,8,3075.78,24606.23,0,37834.155238095234,32918.015297934224,14.323809523809524,2681.076380952381,210,13227.925238095235,6.323809523809524,394.7036190476192
INV0342,Tech World,Stationery,3,1896.61,5689.83,0,47178.305097087374,65691.7745801971,15.689320388349515,2958.5622330097085,206,41488.47509708737,12.689320388349515,1061.9522330097086
INV0343,Global Office,Office Equipment,9,2400.64,21605.75,0,39556.33615789474,36358.871345434854,15.81578947368421,2589.1354736842104,190,17950.586157894737,6.815789473684211,188.49547368421054
INV0344,Tech World,Furniture,29,382.31,11087.03,0,47178.305097087374,65691.7745801971,15.689320388349515,2958.5622330097085,206,36091.275097087375,13.310679611650485,2576.2522330097086
INV0345,XYZ Traders,Electronics,20,3780.13,75602.56,0,47394.08357894737,65372.596975509274,16.789473684210527,2899.4535263157895,190,28208.476421052626,3.2105263157894726,880.6764736842106
INV0346,XYZ Traders,Software,29,2836.75,82265.69,0,47394.08357894737,65372.596975509274,16.789473684210527,2899.4535263157895,190,34871.60642105263,12.210526315789473,62.70352631578953
INV0347,Global Office,Electronics,6,3178.13,19068.77,1,39556.33615789474,36358.871345434854,15.81578947368421,2589.1354736842104,190,20487.566157894737,9.81578947368421,588.9945263157897
INV0348,ABC Supplies,Furniture,10,3467.63,34676.28,0,37834.155238095234,32918.015297934224,14.323809523809524,2681.076380952381,210,3157.8752380952355,4.323809523809524,786.5536190476191
INV0349,XYZ Traders,Stationery,21,2440.55,51251.63,0,47394.08357894737,65372.596975509274,16.789473684210527,2899.4535263157895,190,3857.546421052626,4.210526315789473,458.90352631578935
INV0350,Prime Stationery,Stationery,10,365.41,3654.14,0,48007.48259803921,65581.04168686338,16.642156862745097,2905.846862745098,204,44353.34259803921,6.642156862745097,2540.436862745098
INV0351,XYZ Traders,Furniture,13,4854.12,63103.52,0,47394.08357894737,65372.596975509274,16.789473684210527,2899.4535263157895,190,15709.436421052626,3.7894736842105274,1954.6664736842104
INV0352,XYZ Traders,Stationery,17,4755.74,80847.55,0,47394.08357894737,65372.596975509274,16.789473684210527,2899.4535263157895,190,33453.46642105263,0.21052631578947256,1856.2864736842103
INV0353,ABC Supplies,Stationery,9,2661.93,23957.38,0,37834.155238095234,32918.015297934224,14.323809523809524,2681.076380952381,210,13876.775238095233,5.323809523809524,19.14638095238115
INV0354,Tech World,Stationery,17,649.63,11043.67,0,47178.305097087374,65691.7745801971,15.689320388349515,2958.5622330097085,206,36134.635097087375,1.3106796116504853,2308.9322330097084
INV0355,XYZ Traders,Software,24,3822.18,91732.36,0,47394.08357894737,65372.596975509274,16.789473684210527,2899.4535263157895,190,44338.27642105263,7.210526315789473,922.7264736842103
INV0356,Global Office,Software,9,2561.27,23051.42,0,39556.33615789474,36358.871345434854,15.81578947368421,2589.1354736842104,190,16504.91615789474,6.815789473684211,27.86547368421043
INV0357,Tech World,Office Equipment,9,1651.75,14865.73,0,47178.305097087374,65691.7745801971,15.689320388349515,2958.5622330097085,206,32312.575097087374,6.689320388349515,1306.8122330097085
INV0358,Prime Stationery,Electronics,1,2558.81,2558.81,0,48007.48259803921,65581.04168686338,16.642156862745097,2905.846862745098,204,45448.672598039215,15.642156862745097,347.036862745098
INV0359,ABC Supplies,Furniture,2,2707.73,5415.46,0,37834.155238095234,32918.015297934224,14.323809523809524,2681.076380952381,210,32418.695238095235,12.323809523809524,26.65361904761903
INV0360,Prime Stationery,Furniture,28,2901.02,81228.45,0,48007.48259803921,65581.04168686338,16.642156862745097,2905.846862745098,204,33220.967401960785,11.357843137254903,4.826862745097969
INV0361,Tech World,Furniture,16,2317.87,37085.98,0,47178.305097087374,65691.7745801971,15.689320388349515,2958.5622330097085,206,10092.32509708737,0.3106796116504853,640.6922330097086
INV0362,Tech World,Office Equipment,29,3107.63,90121.14,0,47178.305097087374,65691.7745801971,15.689320388349515,2958.5622330097085,206,42942.834902912626,13.310679611650485,149.0677669902916
INV0363,Tech World,Software,1,4609.93,4609.93,0,47178.305097087374,65691.7745801971,15.689320388349515,2958.5622330097085,206,42568.37509708737,14.689320388349515,1651.3677669902918
INV0364,Prime Stationery,Office Equipment,10,1938.89,19388.87,0,48007.48259803921,65581.04168686338,16.642156862745097,2905.846862745098,204,28618.612598039213,6.642156862745097,966.9568627450979
INV0365,Tech World,Furniture,18,3683.44,66301.9,0,47178.305097087374,65691.7745801971,15.689320388349515,2958.5622330097085,206,19123.59490291262,2.3106796116504853,724.8777669902915
INV0366,Prime Stationery,Electronics,26,4493.37,116827.68,0,48007.48259803921,65581.04168686338,16.642156862745097,2905.846862745098,204,68820.19740196079,9.357843137254903,1587.523137254902
INV0367,Tech World,Stationery,28,2388.7,66883.61,0,47178.305097087374,65691.7745801971,15.689320388349515,2958.5622330097085,206,19705.304902912627,12.310679611650485,569.8622330097087
INV0368,Global Office,Software,8,2328.59,18628.7,0,39556.33615789474,36358.871345434854,15.81578947368421,2589.1354736842104,190,20927.636157894736,7.815789473684211,260.54547368421026
INV0369,Tech World,Software,21,3090.16,64893.39,0,47178.305097087374,65691.7745801971,15.689320388349515,2958.5622330097085,206,17715.084902912626,5.310679611650485,131.59776699029135
INV0370,Prime Stationery,Office Equipment,28,3038.75,85085.07,0,48007.48259803921,65581.04168686338,16.642156862745097,2905.846862745098,204,37077.587401960795,11.357843137254903,132.90313725490205
INV0371,XYZ Traders,Software,11,4071.63,44787.92,0,47394.08357894737,65372.596975509274,16.789473684210527,2899.4535263157895,190,2606.163578947373,5.789473684210527,1172.1764736842106
INV0372,Tech World,Furniture,23,2487.12,57203.77,0,47178.305097087374,65691.7745801971,15.689320388349515,2958.5622330097085,206,10025.464902912623,7.310679611650485,471.4422330097086
INV0373,XYZ Traders,Furniture,2,4981.39,9962.78,0,47394.08357894737,65372.596975509274,16.789473684210527,2899.4535263157895,190,37431.30357894737,14.789473684210527,2081.936473684211
INV0374,Global Office,Office Equipment,8,485.46,3883.71,0,39556.33615789474,36358.871345434854,15.81578947368421,2589.1354736842104,190,35672.62615789474,7.815789473684211,2103.6754736842104
INV0375,ABC Supplies,Furniture,27,215.21,5810.55,0,37834.155238095234,32918.015297934224,14.323809523809524,2681.076380952381,210,32023.605238095235,12.676190476190476,2465.866380952381
INV0376,Global Office,Electronics,22,3272.95,72004.94,0,39556.33615789474,36358.871345434854,15.81578947368421,2589.1354736842104,190,32448.603842105265,6.184210526315789,683.8145263157894
INV0377,Tech World,Office Equipment,8,1632.49,13059.9,0,47178.305097087374,65691.7745801971,15.689320388349515,2958.5622330097085,206,34118.40509708737,7.689320388349515,1326.0722330097085
INV0378,XYZ Traders,Electronics,17,1353.84,23015.2,0,47394.08357894737,65372.596975509274,16.789473684210527,2899.4535263157895,190,24378.88357894737,0.21052631578947256,1545.6135263157896
INV0379,XYZ Traders,Stationery,15,1697.12,25456.73,0,47394.08357894737,65372.596975509274,16.789473684210527,2899.4535263157895,190,21937.35357894737,1.7894736842105274,1202.3335263157896
INV0380,Prime Stationery,Electronics,17,1429.03,24293.48,0,48007.48259803921,65581.04168686338,16.642156862745097,2905.846862745098,204,23714.002598039213,0.35784313725490335,1476.816862745098
INV0381,XYZ Traders,Stationery,28,347.79,9738.18,0,47394.08357894737,65372.596975509274,16.789473684210527,2899.4535263157895,190,37655.90357894737,11.210526315789473,2551.6635263157896
INV0382,Prime Stationery,Stationery,23,4863.36,111857.25,0,48007.48259803921,65581.04168686338,16.642156862745097,2905.846862745098,204,63849.76740196079,6.357843137254903,1957.5131372549017
INV0383,ABC Supplies,Electronics,24,1259.58,30229.88,0,37834.155238095234,32918.015297934224,14.323809523809524,2681.076380952381,210,7604.275238095233,9.676190476190476,1421.496380952381
INV0384,Tech World,Office Equipment,13,3723.34,48403.46,0,47178.305097087374,65691.7745801971,15.689320388349515,2958.5622330097085,206,1225.1549029126254,2.6893203883495147,764.7777669902916
INV0385,Prime Stationery,Furniture,19,3860.46,73348.79,0,48007.48259803921,65581.04168686338,16.642156862745097,2905.846862745098,204,25341.30740196078,2.3578431372549034,954.6131372549021
INV0386,ABC Supplies,Furniture,5,4660.44,23302.18,0,37834.155238095234,32918.015297934224,14.323809523809524,2681.076380952381,210,14531.975238095234,9.323809523809524,1979.3636190476186
INV0387,XYZ Traders,Stationery,12,346.64,4159.65,0,47394.08357894737,65372.596975509274,16.789473684210527,2899.4535263157895,190,43234.43357894737,4.789473684210527,2552.8135263157897
INV0388,XYZ Traders,Stationery,1,4385.83,4385.83,0,47394.08357894737,65372.596975509274,16.789473684210527,2899.4535263157895,190,43008.25357894737,15.789473684210527,1486.3764736842104
INV0389,ABC Supplies,Office Equipment,23,2730.69,62805.77,0,37834.155238095234,32918.015297934224,14.323809523809524,2681.076380952381,210,24971.614761904762,8.676190476190476,49.61361904761907
INV0390,XYZ Traders,Software,5,3236.21,16181.06,0,47394.08357894737,65372.596975509274,16.789473684210527,2899.4535263157895,190,31213.023578947374,11.789473684210527,336.7564736842105
INV0391,ABC Supplies,Electronics,8,3293.46,26347.66,0,37834.155238095234,32918.015297934224,14.323809523809524,2681.076380952381,210,11486.495238095235,6.323809523809524,612.383619047619
INV0392,Prime Stationery,Stationery,13,4135.03,53755.38,0,48007.48259803921,65581.04168686338,16.642156862745097,2905.846862745098,204,5747.897401960785,3.6421568627450966,1229.1831372549018
INV0393,Prime Stationery,Furniture,56,1800.36,100819.89,1,48007.48259803921,65581.04168686338,16.642156862745097,2905.846862745098,204,52812.40740196079,39.3578431372549,1105.486862745098
INV0394,ABC Supplies,Office Equipment,25,3718.65,92966.14,0,37834.155238095234,32918.015297934224,14.323809523809524,2681.076380952381,210,55131.984761904765,10.676190476190476,1037.573619047619
INV0395,Prime Stationery,Electronics,23,2737.17,62955.02,0,48007.48259803921,65581.04168686338,16.642156862745097,2905.846862745098,204,14947.537401960784,6.357843137254903,168.67686274509788
INV0396,Prime Stationery,Office Equipment,11,4008.29,44091.2,0,48007.48259803921,65581.04168686338,16.642156862745097,2905.846862745098,204,3916.2825980392154,5.642156862745097,1102.443137254902
INV0397,Prime Stationery,Electronics,1,4954.62,4954.62,0,48007.48259803921,65581.04168686338,16.642156862745097,2905.846862745098,204,43052.86259803921,15.642156862745097,2048.773137254902
INV0398,Global Office,Electronics,13,1163.12,15120.62,0,39556.33615789474,36358.871345434854,15.81578947368421,2589.1354736842104,190,24435.716157894734,2.8157894736842106,1426.0154736842105
INV0399,Tech World,Stationery,19,4974.31,94511.96,0,47178.305097087374,65691.7745801971,15.689320388349515,2958.5622330097085,206,47333.65490291263,3.3106796116504853,2015.747766990292
INV0400,XYZ Traders,Office Equipment,24,631.1,15146.36,0,47394.08357894737,65372.596975509274,16.789473684210527,2899.4535263157895,190,32247.72357894737,7.210526315789473,2268.3535263157896
INV0401,Global Office,Office Equipment,3,211.12,633.37,0,39556.33615789474,36358.871345434854,15.81578947368421,2589.1354736842104,190,38922.966157894734,12.81578947368421,2378.0154736842105
INV0402,Prime Stationery,Furniture,24,411.98,9887.46,0,48007.48259803921,65581.04168686338,16.642156862745097,2905.846862745098,204,38120.02259803921,7.357843137254903,2493.866862745098
INV0403,ABC Supplies,Furniture,17,1840.56,31289.44,0,37834.155238095234,32918.015297934224,14.323809523809524,2681.076380952381,210,6544.715238095236,2.6761904761904756,840.516380952381
INV0404,Prime Stationery,Stationery,5,3237.95,16189.75,0,48007.48259803921,65581.04168686338,16.642156862745097,2905.846862745098,204,31817.732598039212,11.642156862745097,332.10313725490187
INV0405,Tech World,Stationery,20,531.34,10626.84,0,47178.305097087374,65691.7745801971,15.689320388349515,2958.5622330097085,206,36551.46509708738,4.310679611650485,2427.2222330097084
INV0406,Prime Stationery,Software,21,227.2,4771.11,0,48007.48259803921,65581.04168686338,16.642156862745097,2905.846862745098,204,43236.37259803921,4.357843137254903,2678.646862745098
INV0407,ABC Supplies,Furniture,8,4698.04,37584.3,0,37834.155238095234,32918.015297934224,14.323809523809524,2681.076380952381,210,249.85523809523147,6.323809523809524,2016.963619047619
INV0408,Tech World,Electronics,26,4145.25,107776.44,0,47178.305097087374,65691.7745801971,15.689320388349515,2958.5622330097085,206,60598.13490291263,10.310679611650485,1186.6877669902915
INV0409,Prime Stationery,Office Equipment,14,4084.08,57177.11,0,48007.48259803921,65581.04168686338,16.642156862745097,2905.846862745098,204,9169.627401960788,2.6421568627450966,1178.233137254902
INV0410,Tech World,Stationery,20,24452.94,489058.88,1,47178.305097087374,65691.7745801971,15.689320388349515,2958.5622330097085,206,441880.5749029126,4.310679611650485,21494.377766990292
INV0411,XYZ Traders,Office Equipment,11,3560.16,39161.81,0,47394.08357894737,65372.596975509274,16.789473684210527,2899.4535263157895,190,8232.273578947374,5.789473684210527,660.7064736842103
INV0412,XYZ Traders,Office Equipment,20,701.14,14022.8,0,47394.08357894737,65372.596975509274,16.789473684210527,2899.4535263157895,190,33371.283578947376,3.2105263157894726,2198.3135263157897
INV0413,Prime Stationery,Software,15,2115.68,31735.21,0,48007.48259803921,65581.04168686338,16.642156862745097,2905.846862745098,204,16272.272598039213,1.6421568627450966,790.1668627450981
INV0414,Tech World,Furniture,19,3671.12,69751.23,0,47178.305097087374,65691.7745801971,15.689320388349515,2958.5622330097085,206,22572.924902912622,3.3106796116504853,712.5577669902914
INV0415,ABC Supplies,Stationery,7,1545.61,10819.24,0,37834.155238095234,32918.015297934224,14.323809523809524,2681.076380952381,210,27014.915238095236,7.323809523809524,1135.466380952381
INV0416,Prime Stationery,Office Equipment,19,3499.55,66491.46,0,48007.48259803921,65581.04168686338,16.642156862745097,2905.846862745098,204,18483.977401960794,2.3578431372549034,593.7031372549022
INV0417,XYZ Traders,Stationery,28,317.59,8892.59,0,47394.08357894737,65372.596975509274,16.789473684210527,2899.4535263157895,190,38501.49357894737,11.210526315789473,2581.8635263157894
INV0418,XYZ Traders,Electronics,19,1669.46,31719.73,0,47394.08357894737,65372.596975509274,16.789473684210527,2899.4535263157895,190,15674.353578947372,2.2105263157894726,1229.9935263157895
INV0419,Prime Stationery,Software,11,2835.83,31194.08,0,48007.48259803921,65581.04168686338,16.642156862745097,2905.846862745098,204,16813.40259803921,5.642156862745097,70.01686274509802
INV0420,Tech World,Electronics,26,3234.03,84084.81,0,47178.305097087374,65691.7745801971,15.689320388349515,2958.5622330097085,206,36906.504902912624,10.310679611650485,275.4677669902917
INV0421,XYZ Traders,Stationery,5,2969.8,14848.98,0,47394.08357894737,65372.596975509274,16.789473684210527,2899.4535263157895,190,32545.10357894737,11.789473684210527,70.34647368421065
INV0422,Tech World,Stationery,5,3549.23,17746.15,0,47178.305097087374,65691.7745801971,15.689320388349515,2958.5622330097085,206,29432.155097087372,10.689320388349515,590.6677669902915
INV0423,XYZ Traders,Furniture,22,229.23,5042.97,0,47394.08357894737,65372.596975509274,16.789473684210527,2899.4535263157895,190,42351.11357894737,5.210526315789473,2670.2235263157895
INV0424,XYZ Traders,Office Equipment,8,684.52,5476.14,0,47394.08357894737,65372.596975509274,16.789473684210527,2899.4535263157895,190,41917.94357894737,8.789473684210527,2214.9335263157895
INV0425,Global Office,Office Equipment,10,4370.93,43709.32,0,39556.33615789474,36358.871345434854,15.81578947368421,2589.1354736842104,190,4152.983842105263,5.815789473684211,1781.7945263157899
INV0426,XYZ Traders,Electronics,6,3472.39,20834.36,0,47394.08357894737,65372.596975509274,16.789473684210527,2899.4535263157895,190,26559.72357894737,10.789473684210527,572.9364736842103
INV0427,ABC Supplies,Software,15,742.07,11131.08,0,37834.155238095234,32918.015297934224,14.323809523809524,2681.076380952381,210,26703.075238095233,0.6761904761904756,1939.0063809523808
INV0428,Prime Stationery,Office Equipment,16,4241.96,67871.32,0,48007.48259803921,65581.04168686338,16.642156862745097,2905.846862745098,204,19863.837401960795,0.6421568627450966,1336.113137254902
INV0429,Prime Stationery,Furniture,28,1362.71,38155.88,0,48007.48259803921,65581.04168686338,16.642156862745097,2905.846862745098,204,9851.602598039215,11.357843137254903,1543.136862745098
INV0430,Tech World,Electronics,17,2495.65,42426.01,0,47178.305097087374,65691.7745801971,15.689320388349515,2958.5622330097085,206,4752.295097087372,1.3106796116504853,462.9122330097084
INV0431,XYZ Traders,Electronics,8,896.94,7175.55,0,47394.08357894737,65372.596975509274,16.789473684210527,2899.4535263157895,190,40218.53357894737,8.789473684210527,2002.5135263157895
INV0432,ABC Supplies,Furniture,8,3608.53,28868.23,0,37834.155238095234,32918.015297934224,14.323809523809524,2681.076380952381,210,8965.925238095235,6.323809523809524,927.4536190476192
INV0433,Tech World,Software,25,3400.9,85022.53,0,47178.305097087374,65691.7745801971,15.689320388349515,2958.5622330097085,206,37844.224902912625,9.310679611650485,442.3377669902916
INV0434,Global Office,Furniture,9,1213.34,10920.06,0,39556.33615789474,36358.871345434854,15.81578947368421,2589.1354736842104,190,28636.27615789474,6.815789473684211,1375.7954736842105
INV0435,Tech World,Software,2,4344.32,8688.65,0,47178.305097087374,65691.7745801971,15.689320388349515,2958.5622330097085,206,38489.65509708737,13.689320388349515,1385.7577669902912
INV0436,Tech World,Furniture,15,2126.27,31894.03,0,47178.305097087374,65691.7745801971,15.689320388349515,2958.5622330097085,206,15284.275097087375,0.6893203883495147,832.2922330097085
INV0437,XYZ Traders,Furniture,18,1604.07,28873.3,0,47394.08357894737,65372.596975509274,16.789473684210527,2899.4535263157895,190,18520.783578947372,1.2105263157894726,1295.3835263157896
INV0438,Global Office,Stationery,3,931.18,2793.55,0,39556.33615789474,36358.871345434854,15.81578947368421,2589.1354736842104,190,36762.786157894734,12.81578947368421,1657.9554736842106
INV0439,Tech World,Electronics,17,1477.61,25119.31,0,47178.305097087374,65691.7745801971,15.689320388349515,2958.5622330097085,206,22058.995097087372,1.3106796116504853,1480.9522330097086
INV0440,ABC Supplies,Furniture,4,305.73,1222.92,0,37834.155238095234,32918.015297934224,14.323809523809524,2681.076380952381,210,36611.235238095236,10.323809523809524,2375.346380952381
INV0441,ABC Supplies,Furniture,4,2999.64,11998.54,0,37834.155238095234,32918.015297934224,14.323809523809524,2681.076380952381,210,25835.615238095234,10.323809523809524,318.5636190476189
INV0442,Prime Stationery,Office Equipment,14,4242.71,59397.91,0,48007.48259803921,65581.04168686338,16.642156862745097,2905.846862745098,204,11390.427401960791,2.6421568627450966,1336.863137254902
INV0443,Global Office,Electronics,9,2835.11,25515.96,0,39556.33615789474,36358.871345434854,15.81578947368421,2589.1354736842104,190,14040.376157894738,6.815789473684211,245.97452631578972
INV0444,Global Office,Office Equipment,9,1252.52,11272.64,0,39556.33615789474,36358.871345434854,15.81578947368421,2589.1354736842104,190,28283.696157894738,6.815789473684211,1336.6154736842104
INV0445,Prime Stationery,Electronics,25,361.61,9040.3,0,48007.48259803921,65581.04168686338,16.642156862745097,2905.846862745098,204,38967.18259803922,8.357843137254903,2544.236862745098
INV0446,Tech World,Office Equipment,26,1230.21,31985.58,0,47178.305097087374,65691.7745801971,15.689320388349515,2958.5622330097085,206,15192.725097087372,10.310679611650485,1728.3522330097085
INV0447,Global Office,Furniture,23,2197.38,50539.81,0,39556.33615789474,36358.871345434854,15.81578947368421,2589.1354736842104,190,10983.47384210526,7.184210526315789,391.7554736842103
INV0448,ABC Supplies,Furniture,18,3846.13,69230.43,0,37834.155238095234,32918.015297934224,14.323809523809524,2681.076380952381,210,31396.27476190476,3.6761904761904756,1165.0536190476191
INV0449,ABC Supplies,Stationery,10,1101.65,11016.46,0,37834.155238095234,32918.015297934224,14.323809523809524,2681.076380952381,210,26817.695238095235,4.323809523809524,1579.426380952381
INV0450,XYZ Traders,Office Equipment,21,3655.0,76754.98,0,47394.08357894737,65372.596975509274,16.789473684210527,2899.4535263157895,190,29360.896421052625,4.210526315789473,755.5464736842105
INV0451,Global Office,Software,4,4361.28,17445.12,0,39556.33615789474,36358.871345434854,15.81578947368421,2589.1354736842104,190,22111.216157894738,11.81578947368421,1772.1445263157893
INV0452,Tech World,Stationery,12,2378.94,28547.34,0,47178.305097087374,65691.7745801971,15.689320388349515,2958.5622330097085,206,18630.965097087374,3.6893203883495147,579.6222330097085
INV0453,Prime Stationery,Office Equipment,27,4142.87,111857.59,0,48007.48259803921,65581.04168686338,16.642156862745097,2905.846862745098,204,63850.107401960784,10.357843137254903,1237.023137254902
INV0454,Prime Stationery,Office Equipment,8,2862.36,22898.84,0,48007.48259803921,65581.04168686338,16.642156862745097,2905.846862745098,204,25108.642598039212,8.642156862745097,43.486862745097824
INV0455,Tech World,Stationery,2,3258.04,6516.07,0,47178.305097087374,65691.7745801971,15.689320388349515,2958.5622330097085,206,40662.235097087374,13.689320388349515,299.47776699029146
INV0456,XYZ Traders,Furniture,22,2726.14,59975.01,0,47394.08357894737,65372.596975509274,16.789473684210527,2899.4535263157895,190,12580.92642105263,5.210526315789473,173.31352631578966
INV0457,Prime Stationery,Office Equipment,13,2423.23,31501.98,0,48007.48259803921,65581.04168686338,16.642156862745097,2905.846862745098,204,16505.502598039213,3.6421568627450966,482.61686274509793
INV0458,Global Office,Furniture,21,1326.34,27853.07,0,39556.33615789474,36358.871345434854,15.81578947368421,2589.1354736842104,190,11703.266157894737,5.184210526315789,1262.7954736842105
INV0459,XYZ Traders,Stationery,16,1655.33,26485.3,0,47394.08357894737,65372.596975509274,16.789473684210527,2899.4535263157895,190,20908.783578947372,0.7894736842105274,1244.1235263157896
INV0460,Global Office,Furniture,28,1591.86,44571.98,0,39556.33615789474,36358.871345434854,15.81578947368421,2589.1354736842104,190,5015.643842105266,12.18421052631579,997.2754736842105
INV0461,ABC Supplies,Electronics,2,2903.79,5807.57,0,37834.155238095234,32918.015297934224,14.323809523809524,2681.076380952381,210,32026.585238095235,12.323809523809524,222.71361904761898
INV0462,XYZ Traders,Software,11,775.78,8533.55,0,47394.08357894737,65372.596975509274,16.789473684210527,2899.4535263157895,190,38860.533578947376,5.789473684210527,2123.67352631579
INV0463,Prime Stationery,Office Equipment,10,4600.6,46006.0,0,48007.48259803921,65581.04168686338,16.642156862745097,2905.846862745098,204,2001.4825980392125,6.642156862745097,1694.7531372549024
INV0464,XYZ Traders,Software,15,3659.14,54887.17,0,47394.08357894737,65372.596975509274,16.789473684210527,2899.4535263157895,190,7493.086421052627,1.7894736842105274,759.6864736842103
INV0465,XYZ Traders,Furniture,17,2126.94,36157.96,0,47394.08357894737,65372.596975509274,16.789473684210527,2899.4535263157895,190,11236.123578947372,0.21052631578947256,772.5135263157895
INV0466,XYZ Traders,Office Equipment,8,961.4,7691.17,0,47394.08357894737,65372.596975509274,16.789473684210527,2899.4535263157895,190,39702.91357894737,8.789473684210527,1938.0535263157894
INV0467,XYZ Traders,Furniture,18,4433.56,79804.12,0,47394.08357894737,65372.596975509274,16.789473684210527,2899.4535263157895,190,32410.036421052624,1.2105263157894726,1534.1064736842109
INV0468,Global Office,Electronics,23,4154.13,95545.1,0,39556.33615789474,36358.871345434854,15.81578947368421,2589.1354736842104,190,55988.76384210527,7.184210526315789,1564.9945263157897
INV0469,ABC Supplies,Stationery,9,3664.26,32978.37,0,37834.155238095234,32918.015297934224,14.323809523809524,2681.076380952381,210,4855.785238095232,5.323809523809524,983.1836190476192
INV0470,Tech World,Office Equipment,25,1503.43,37585.65,0,47178.305097087374,65691.7745801971,15.689320388349515,2958.5622330097085,206,9592.655097087372,9.310679611650485,1455.1322330097084
INV0471,XYZ Traders,Electronics,8,2131.74,17053.95,0,47394.08357894737,65372.596975509274,16.789473684210527,2899.4535263157895,190,30340.13357894737,8.789473684210527,767.7135263157897
INV0472,Prime Stationery,Electronics,27,693.19,18716.17,0,48007.48259803921,65581.04168686338,16.642156862745097,2905.846862745098,204,29291.312598039214,10.357843137254903,2212.656862745098
INV0473,XYZ Traders,Office Equipment,14,1107.39,15503.46,0,47394.08357894737,65372.596975509274,16.789473684210527,2899.4535263157895,190,31890.623578947372,2.7894736842105274,1792.0635263157894
INV0474,Prime Stationery,Furniture,28,3958.48,110837.44,0,48007.48259803921,65581.04168686338,16.642156862745097,2905.846862745098,204,62829.95740196079,11.357843137254903,1052.633137254902
INV0475,Global Office,Electronics,26,3632.19,94436.83,0,39556.33615789474,36358.871345434854,15.81578947368421,2589.1354736842104,190,54880.493842105265,10.18421052631579,1043.0545263157896
INV0476,Prime Stationery,Software,25,19051.1,476277.5,1,48007.48259803921,65581.04168686338,16.642156862745097,2905.846862745098,204,428270.0174019608,8.357843137254903,16145.2531372549
INV0477,Tech World,Electronics,18,4499.49,80990.79,0,47178.305097087374,65691.7745801971,15.689320388349515,2958.5622330097085,206,33812.48490291262,2.3106796116504853,1540.9277669902913
INV0478,ABC Supplies,Furniture,22,2999.68,65992.94,0,37834.155238095234,32918.015297934224,14.323809523809524,2681.076380952381,210,28158.784761904768,7.676190476190476,318.60361904761885
INV0479,Prime Stationery,Furniture,20,2441.45,48828.93,0,48007.48259803921,65581.04168686338,16.642156862745097,2905.846862745098,204,821.4474019607878,3.3578431372549034,464.39686274509813
INV0480,Prime Stationery,Software,20,1833.78,36675.59,0,48007.48259803921,65581.04168686338,16.642156862745097,2905.846862745098,204,11331.892598039216,3.3578431372549034,1072.066862745098
INV0481,ABC Supplies,Electronics,21,4714.15,98997.21,0,37834.155238095234,32918.015297934224,14.323809523809524,2681.076380952381,210,61163.05476190477,6.676190476190476,2033.0736190476186
INV0482,Tech World,Furniture,12,597.03,7164.41,0,47178.305097087374,65691.7745801971,15.689320388349515,2958.5622330097085,206,40013.89509708737,3.6893203883495147,2361.5322330097088
INV0483,XYZ Traders,Office Equipment,19,4668.26,88696.93,0,47394.08357894737,65372.596975509274,16.789473684210527,2899.4535263157895,190,41302.84642105262,2.2105263157894726,1768.8064736842107
INV0484,Prime Stationery,Stationery,14,4168.23,58355.23,0,48007.48259803921,65581.04168686338,16.642156862745097,2905.846862745098,204,10347.74740196079,2.6421568627450966,1262.3831372549016
INV0485,ABC Supplies,Stationery,17,823.66,14002.28,0,37834.155238095234,32918.015297934224,14.323809523809524,2681.076380952381,210,23831.875238095236,2.6761904761904756,1857.4163809523811
INV0486,Global Office,Stationery,24,2911.92,69886.2,0,39556.33615789474,36358.871345434854,15.81578947368421,2589.1354736842104,190,30329.86384210526,8.18421052631579,322.78452631578966
INV0487,ABC Supplies,Electronics,21,4359.43,91548.04,0,37834.155238095234,32918.015297934224,14.323809523809524,2681.076380952381,210,53713.88476190476,6.676190476190476,1678.3536190476193
INV0488,Global Office,Software,3,2944.68,8834.05,0,39556.33615789474,36358.871345434854,15.81578947368421,2589.1354736842104,190,30722.286157894738,12.81578947368421,355.5445263157894
INV0489,Tech World,Furniture,26,4554.56,118418.54,0,47178.305097087374,65691.7745801971,15.689320388349515,2958.5622330097085,206,71240.23490291262,10.310679611650485,1595.997766990292
INV0490,XYZ Traders,Office Equipment,23,4726.32,108705.41,0,47394.08357894737,65372.596975509274,16.789473684210527,2899.4535263157895,190,61311.32642105263,6.210526315789473,1826.8664736842102
INV0491,ABC Supplies,Office Equipment,7,2227.45,15592.12,0,37834.155238095234,32918.015297934224,14.323809523809524,2681.076380952381,210,22242.03523809523,7.323809523809524,453.62638095238117
INV0492,Prime Stationery,Electronics,17,2011.11,34188.79,0,48007.48259803921,65581.04168686338,16.642156862745097,2905.846862745098,204,13818.692598039212,0.35784313725490335,894.736862745098
INV0493,Tech World,Stationery,12,4694.34,56332.1,0,47178.305097087374,65691.7745801971,15.689320388349515,2958.5622330097085,206,9153.794902912625,3.6893203883495147,1735.7777669902916
INV0494,ABC Supplies,Electronics,9,3440.67,30966.05,0,37834.155238095234,32918.015297934224,14.323809523809524,2681.076380952381,210,6868.105238095235,5.323809523809524,759.5936190476191
INV0495,Prime Stationery,Software,15,756.91,11353.63,0,48007.48259803921,65581.04168686338,16.642156862745097,2905.846862745098,204,36653.852598039215,1.6421568627450966,2148.936862745098
INV0496,ABC Supplies,Software,18,403.0,7254.01,0,37834.155238095234,32918.015297934224,14.323809523809524,2681.076380952381,210,30580.145238095232,3.6761904761904756,2278.076380952381
INV0497,Global Office,Furniture,21,2910.22,61114.61,0,39556.33615789474,36358.871345434854,15.81578947368421,2589.1354736842104,190,21558.273842105264,5.184210526315789,321.0845263157894
INV0498,ABC Supplies,Furniture,13,4664.82,60642.67,0,37834.155238095234,32918.015297934224,14.323809523809524,2681.076380952381,210,22808.514761904764,1.3238095238095244,1983.7436190476187
INV0499,ABC Supplies,Software,21,4252.39,89300.27,0,37834.155238095234,32918.015297934224,14.323809523809524,2681.076380952381,210,51466.11476190477,6.676190476190476,1571.3136190476193
INV0500,ABC Supplies,Software,8,3444.07,27552.55,0,37834.155238095234,32918.015297934224,14.323809523809524,2681.076380952381,210,10281.605238095235,6.323809523809524,762.9936190476192
INV0501,Tech World,Software,14,867.76,12148.59,0,47178.305097087374,65691.7745801971,15.689320388349515,2958.5622330097085,206,35029.71509708738,1.6893203883495147,2090.8022330097083
INV0502,ABC Supplies,Electronics,8,1420.31,11362.49,0,37834.155238095234,32918.015297934224,14.323809523809524,2681.076380952381,210,26471.665238095236,6.323809523809524,1260.766380952381
INV0503,Prime Stationery,Software,14,4402.45,61634.35,0,48007.48259803921,65581.04168686338,16.642156862745097,2905.846862745098,204,13626.867401960786,2.6421568627450966,1496.6031372549019
INV0504,Global Office,Office Equipment,7,1077.47,7542.32,0,39556.33615789474,36358.871345434854,15.81578947368421,2589.1354736842104,190,32014.016157894737,8.81578947368421,1511.6654736842104
INV0505,Global Office,Stationery,23,1536.51,35339.71,0,39556.33615789474,36358.871345434854,15.81578947368421,2589.1354736842104,190,4216.626157894738,7.184210526315789,1052.6254736842104
INV0506,ABC Supplies,Software,12,822.08,9865.0,0,37834.155238095234,32918.015297934224,14.323809523809524,2681.076380952381,210,27969.155238095234,2.3238095238095244,1858.996380952381
INV0507,Tech World,Stationery,11,3445.32,37898.51,0,47178.305097087374,65691.7745801971,15.689320388349515,2958.5622330097085,206,9279.795097087372,4.689320388349515,486.75776699029166
INV0508,Tech World,Electronics,22,4731.12,104084.53,0,47178.305097087374,65691.7745801971,15.689320388349515,2958.5622330097085,206,56906.224902912625,6.310679611650485,1772.5577669902914
INV0509,Prime Stationery,Stationery,22,1491.05,32803.02,0,48007.48259803921,65581.04168686338,16.642156862745097,2905.846862745098,204,15204.462598039216,5.357843137254903,1414.796862745098
INV0510,ABC Supplies,Electronics,11,2481.95,27301.47,0,37834.155238095234,32918.015297934224,14.323809523809524,2681.076380952381,210,10532.685238095233,3.3238095238095244,199.12638095238117
INV0511,Global Office,Office Equipment,25,3244.83,81120.77,0,39556.33615789474,36358.871345434854,15.81578947368421,2589.1354736842104,190,41564.43384210527,9.18421052631579,655.6945263157895
INV0512,Tech World,Electronics,22,4997.44,109943.64,0,47178.305097087374,65691.7745801971,15.689320388349515,2958.5622330097085,206,62765.334902912626,6.310679611650485,2038.877766990291
INV0513,ABC Supplies,Electronics,28,703.08,19686.2,0,37834.155238095234,32918.015297934224,14.323809523809524,2681.076380952381,210,18147.955238095234,13.676190476190476,1977.996380952381
INV0514,Tech World,Furniture,29,2593.14,75201.06,0,47178.305097087374,65691.7745801971,15.689320388349515,2958.5622330097085,206,28022.754902912624,13.310679611650485,365.42223300970863
INV0515,Tech World,Software,13,2048.58,26631.5,0,47178.305097087374,65691.7745801971,15.689320388349515,2958.5622330097085,206,20546.805097087374,2.6893203883495147,909.9822330097086
INV0516,Global Office,Software,18,4355.94,78406.86,0,39556.33615789474,36358.871345434854,15.81578947368421,2589.1354736842104,190,38850.52384210526,2.1842105263157894,1766.8045263157892
INV0517,XYZ Traders,Office Equipment,2,2484.65,4969.29,0,47394.08357894737,65372.596975509274,16.789473684210527,2899.4535263157895,190,42424.79357894737,14.789473684210527,414.80352631578944
INV0518,Prime Stationery,Office Equipment,29,732.69,21248.07,0,48007.48259803921,65581.04168686338,16.642156862745097,2905.846862745098,204,26759.412598039213,12.357843137254903,2173.156862745098
INV0519,Prime Stationery,Software,21,3245.24,68149.95,0,48007.48259803921,65581.04168686338,16.642156862745097,2905.846862745098,204,20142.467401960785,4.357843137254903,339.39313725490183
INV0520,Global Office,Furniture,15,3899.75,58496.2,0,39556.33615789474,36358.871345434854,15.81578947368421,2589.1354736842104,190,18939.86384210526,0.8157894736842106,1310.6145263157896
INV0521,Tech World,Software,20,213.83,4276.6,0,47178.305097087374,65691.7745801971,15.689320388349515,2958.5622330097085,206,42901.705097087375,4.310679611650485,2744.7322330097086
INV0522,ABC Supplies,Furniture,27,4322.99,116720.79,0,37834.155238095234,32918.015297934224,14.323809523809524,2681.076380952381,210,78886.63476190476,12.676190476190476,1641.9136190476188
INV0523,Tech World,Office Equipment,18,1092.91,19672.39,0,47178.305097087374,65691.7745801971,15.689320388349515,2958.5622330097085,206,27505.915097087374,2.3106796116504853,1865.6522330097084
INV0524,Global Office,Stationery,15,2849.93,42748.99,0,39556.33615789474,36358.871345434854,15.81578947368421,2589.1354736842104,190,3192.653842105261,0.8157894736842106,260.7945263157894
INV0525,Prime Stationery,Office Equipment,19,2195.83,41720.73,0,48007.48259803921,65581.04168686338,16.642156862745097,2905.846862745098,204,6286.752598039209,2.3578431372549034,710.016862745098
INV0526,Tech World,Office Equipment,23,3654.34,84049.78,0,47178.305097087374,65691.7745801971,15.689320388349515,2958.5622330097085,206,36871.474902912625,7.310679611650485,695.7777669902916
INV0527,Prime Stationery,Electronics,24,1981.58,47557.82,0,48007.48259803921,65581.04168686338,16.642156862745097,2905.846862745098,204,449.66259803921275,7.357843137254903,924.266862745098
INV0528,ABC Supplies,Electronics,12,4374.86,52498.36,0,37834.155238095234,32918.015297934224,14.323809523809524,2681.076380952381,210,14664.204761904766,2.3238095238095244,1693.7836190476187
INV0529,Prime Stationery,Electronics,13,3706.38,48182.97,0,48007.48259803921,65581.04168686338,16.642156862745097,2905.846862745098,204,175.4874019607887,3.6421568627450966,800.5331372549022
INV0530,Prime Stationery,Electronics,22,3309.02,72798.51,0,48007.48259803921,65581.04168686338,16.642156862745097,2905.846862745098,204,24791.027401960782,5.357843137254903,403.17313725490203
INV0531,XYZ Traders,Furniture,11,4021.95,44241.5,0,47394.08357894737,65372.596975509274,16.789473684210527,2899.4535263157895,190,3152.5835789473713,5.789473684210527,1122.4964736842103
INV0532,XYZ Traders,Software,5,3819.31,19096.55,0,47394.08357894737,65372.596975509274,16.789473684210527,2899.4535263157895,190,28297.533578947372,11.789473684210527,919.8564736842104
INV0533,XYZ Traders,Stationery,29,372.51,10802.66,0,47394.08357894737,65372.596975509274,16.789473684210527,2899.4535263157895,190,36591.423578947375,12.210526315789473,2526.9435263157893
INV0534,Prime Stationery,Office Equipment,1,2094.72,2094.72,0,48007.48259803921,65581.04168686338,16.642156862745097,2905.846862745098,204,45912.76259803921,15.642156862745097,811.1268627450982
INV0535,Global Office,Furniture,24,4667.88,112029.0,0,39556.33615789474,36358.871345434854,15.81578947368421,2589.1354736842104,190,72472.66384210526,8.18421052631579,2078.7445263157897
INV0536,Prime Stationery,Stationery,3,803.48,2410.43,0,48007.48259803921,65581.04168686338,16.642156862745097,2905.846862745098,204,45597.05259803921,13.642156862745097,2102.366862745098
INV0537,Global Office,Furniture,22,3738.06,82237.4,0,39556.33615789474,36358.871345434854,15.81578947368421,2589.1354736842104,190,42681.06384210526,6.184210526315789,1148.9245263157895
INV0538,Global Office,Furniture,19,4878.04,92682.77,0,39556.33615789474,36358.871345434854,15.81578947368421,2589.1354736842104,190,53126.43384210527,3.1842105263157894,2288.9045263157896
INV0539,XYZ Traders,Office Equipment,23,450.55,10362.73,0,47394.08357894737,65372.596975509274,16.789473684210527,2899.4535263157895,190,37031.35357894737,6.210526315789473,2448.9035263157893
INV0540,Tech World,Software,29,3474.53,100761.39,0,47178.305097087374,65691.7745801971,15.689320388349515,2958.5622330097085,206,53583.084902912626,13.310679611650485,515.9677669902917
INV0541,ABC Supplies,Electronics,7,2447.14,17129.98,0,37834.155238095234,32918.015297934224,14.323809523809524,2681.076380952381,210,20704.175238095235,7.323809523809524,233.9363809523811
INV0542,XYZ Traders,Software,12,2980.04,35760.49,0,47394.08357894737,65372.596975509274,16.789473684210527,2899.4535263157895,190,11633.593578947373,4.789473684210527,80.58647368421043
INV0543,XYZ Traders,Office Equipment,15,609.64,9144.58,0,47394.08357894737,65372.596975509274,16.789473684210527,2899.4535263157895,190,38249.50357894737,1.7894736842105274,2289.8135263157897
INV0544,Tech World,Office Equipment,25,406.43,10160.83,0,47178.305097087374,65691.7745801971,15.689320388349515,2958.5622330097085,206,37017.47509708737,9.310679611650485,2552.1322330097087
INV0545,ABC Supplies,Office Equipment,5,3400.96,17004.8,0,37834.155238095234,32918.015297934224,14.323809523809524,2681.076380952381,210,20829.355238095235,9.323809523809524,719.883619047619
INV0546,Prime Stationery,Stationery,15,4151.89,62278.28,0,48007.48259803921,65581.04168686338,16.642156862745097,2905.846862745098,204,14270.797401960786,1.6421568627450966,1246.0431372549024
INV0547,Prime Stationery,Software,8,3953.67,31629.39,0,48007.48259803921,65581.04168686338,16.642156862745097,2905.846862745098,204,16378.092598039213,8.642156862745097,1047.8231372549021
INV0548,XYZ Traders,Software,10,2810.27,28102.67,0,47394.08357894737,65372.596975509274,16.789473684210527,2899.4535263157895,190,19291.413578947373,6.789473684210527,89.18352631578955
INV0549,ABC Supplies,Furniture,26,679.36,17663.38,0,37834.155238095234,32918.015297934224,14.323809523809524,2681.076380952381,210,20170.775238095233,11.676190476190476,2001.7163809523809
INV0550,XYZ Traders,Furniture,16,3502.61,56041.81,0,47394.08357894737,65372.596975509274,16.789473684210527,2899.4535263157895,190,8647.726421052626,0.7894736842105274,603.1564736842106
INV0551,Global Office,Furniture,8,1361.07,10888.53,0,39556.33615789474,36358.871345434854,15.81578947368421,2589.1354736842104,190,28667.806157894738,7.815789473684211,1228.0654736842105
INV0552,XYZ Traders,Office Equipment,1,4573.13,4573.13,0,47394.08357894737,65372.596975509274,16.789473684210527,2899.4535263157895,190,42820.953578947374,15.789473684210527,1673.6764736842106
INV0553,XYZ Traders,Software,12,4223.67,50684.08,0,47394.08357894737,65372.596975509274,16.789473684210527,2899.4535263157895,190,3289.9964210526305,4.789473684210527,1324.2164736842105
INV0554,Prime Stationery,Office Equipment,5,3605.04,18025.19,0,48007.48259803921,65581.04168686338,16.642156862745097,2905.846862745098,204,29982.292598039214,11.642156862745097,699.193137254902
INV0555,Prime Stationery,Stationery,3,4754.46,14263.38,0,48007.48259803921,65581.04168686338,16.642156862745097,2905.846862745098,204,33744.102598039215,13.642156862745097,1848.613137254902
INV0556,Prime Stationery,Furniture,1,350.82,350.82,0,48007.48259803921,65581.04168686338,16.642156862745097,2905.846862745098,204,47656.66259803921,15.642156862745097,2555.026862745098
INV0557,Global Office,Office Equipment,4,3733.76,14935.05,0,39556.33615789474,36358.871345434854,15.81578947368421,2589.1354736842104,190,24621.286157894738,11.81578947368421,1144.6245263157898
INV0558,Prime Stationery,Office Equipment,8,1785.17,14281.32,0,48007.48259803921,65581.04168686338,16.642156862745097,2905.846862745098,204,33726.16259803921,8.642156862745097,1120.6768627450979
INV0559,ABC Supplies,Stationery,3,4549.12,13647.35,0,37834.155238095234,32918.015297934224,14.323809523809524,2681.076380952381,210,24186.805238095236,11.323809523809524,1868.043619047619
INV0560,Tech World,Electronics,10,1480.04,14800.41,0,47178.305097087374,65691.7745801971,15.689320388349515,2958.5622330097085,206,32377.895097087374,5.689320388349515,1478.5222330097085
INV0561,ABC Supplies,Software,2,3679.31,7358.62,0,37834.155238095234,32918.015297934224,14.323809523809524,2681.076380952381,210,30475.535238095235,12.323809523809524,998.233619047619
INV0562,ABC Supplies,Electronics,11,4412.71,48539.76,0,37834.155238095234,32918.015297934224,14.323809523809524,2681.076380952381,210,10705.604761904768,3.3238095238095244,1731.633619047619
INV0563,Prime Stationery,Furniture,25,399.95,9998.82,0,48007.48259803921,65581.04168686338,16.642156862745097,2905.846862745098,204,38008.66259803921,8.357843137254903,2505.896862745098
INV0564,Tech World,Office Equipment,10,2108.71,21087.08,0,47178.305097087374,65691.7745801971,15.689320388349515,2958.5622330097085,206,26091.225097087372,5.689320388349515,849.8522330097085
INV0565,Tech World,Stationery,21,3859.08,81040.75,0,47178.305097087374,65691.7745801971,15.689320388349515,2958.5622330097085,206,33862.444902912626,5.310679611650485,900.5177669902914
INV0566,Tech World,Stationery,14,2383.61,33370.55,0,47178.305097087374,65691.7745801971,15.689320388349515,2958.5622330097085,206,13807.75509708737,1.6893203883495147,574.9522330097084
INV0567,Global Office,Software,7,1482.81,10379.69,0,39556.33615789474,36358.871345434854,15.81578947368421,2589.1354736842104,190,29176.646157894735,8.81578947368421,1106.3254736842105
INV0568,Prime Stationery,Electronics,27,1255.07,33886.77,0,48007.48259803921,65581.04168686338,16.642156862745097,2905.846862745098,204,14120.712598039216,10.357843137254903,1650.776862745098
INV0569,Tech World,Software,27,831.29,22444.77,0,47178.305097087374,65691.7745801971,15.689320388349515,2958.5622330097085,206,24733.535097087373,11.310679611650485,2127.2722330097085
INV0570,Global Office,Office Equipment,2,4314.22,8628.44,0,39556.33615789474,36358.871345434854,15.81578947368421,2589.1354736842104,190,30927.896157894735,13.81578947368421,1725.0845263157898
INV0571,XYZ Traders,Software,9,2961.71,26655.35,0,47394.08357894737,65372.596975509274,16.789473684210527,2899.4535263157895,190,20738.733578947373,7.789473684210527,62.256473684210505
INV0572,XYZ Traders,Stationery,16,566.65,9066.36,0,47394.08357894737,65372.596975509274,16.789473684210527,2899.4535263157895,190,38327.72357894737,0.7894736842105274,2332.8035263157894
INV0573,Global Office,Stationery,13,2036.39,26473.01,0,39556.33615789474,36358.871345434854,15.81578947368421,2589.1354736842104,190,13083.326157894739,2.8157894736842106,552.7454736842103
INV0574,Global Office,Furniture,9,1965.12,17686.09,0,39556.33615789474,36358.871345434854,15.81578947368421,2589.1354736842104,190,21870.246157894737,6.815789473684211,624.0154736842105
INV0575,Prime Stationery,Furniture,20,1072.35,21446.96,0,48007.48259803921,65581.04168686338,16.642156862745097,2905.846862745098,204,26560.522598039213,3.3578431372549034,1833.496862745098
INV0576,Prime Stationery,Office Equipment,4,2290.44,9161.75,0,48007.48259803921,65581.04168686338,16.642156862745097,2905.846862745098,204,38845.73259803921,12.642156862745097,615.4068627450979
INV0577,XYZ Traders,Electronics,22,1794.08,39469.69,0,47394.08357894737,65372.596975509274,16.789473684210527,2899.4535263157895,190,7924.393578947369,5.210526315789473,1105.3735263157896
INV0578,Tech World,Software,10,1840.66,18406.58,0,47178.305097087374,65691.7745801971,15.689320388349515,2958.5622330097085,206,28771.725097087372,5.689320388349515,1117.9022330097084
INV0579,XYZ Traders,Office Equipment,26,3747.33,97430.51,0,47394.08357894737,65372.596975509274,16.789473684210527,2899.4535263157895,190,50036.42642105262,9.210526315789473,847.8764736842104
INV0580,Tech World,Furniture,26,1271.66,33063.27,0,47178.305097087374,65691.7745801971,15.689320388349515,2958.5622330097085,206,14115.035097087377,10.310679611650485,1686.9022330097084
INV0581,Tech World,Software,22,3280.93,72180.41,0,47178.305097087374,65691.7745801971,15.689320388349515,2958.5622330097085,206,25002.10490291263,6.310679611650485,322.36776699029133
INV0582,Prime Stationery,Furniture,12,2939.12,35269.42,0,48007.48259803921,65581.04168686338,16.642156862745097,2905.846862745098,204,12738.062598039214,4.642156862745097,33.27313725490194
INV0583,ABC Supplies,Software,17,2926.84,49756.35,0,37834.155238095234,32918.015297934224,14.323809523809524,2681.076380952381,210,11922.194761904764,2.6761904761904756,245.76361904761916
INV0584,ABC Supplies,Electronics,14,3382.44,47354.09,0,37834.155238095234,32918.015297934224,14.323809523809524,2681.076380952381,210,9519.934761904762,0.32380952380952444,701.3636190476191
INV0585,Global Office,Office Equipment,14,2832.23,39651.27,0,39556.33615789474,36358.871345434854,15.81578947368421,2589.1354736842104,190,94.93384210525983,1.8157894736842106,243.0945263157896
INV0586,Prime Stationery,Software,25,4420.42,110510.61,0,48007.48259803921,65581.04168686338,16.642156862745097,2905.846862745098,204,62503.12740196079,8.357843137254903,1514.5731372549021
INV0587,Tech World,Stationery,16,3442.78,55084.55,1,47178.305097087374,65691.7745801971,15.689320388349515,2958.5622330097085,206,7906.244902912629,0.3106796116504853,484.2177669902917
INV0588,ABC Supplies,Stationery,21,2825.42,59333.9,0,37834.155238095234,32918.015297934224,14.323809523809524,2681.076380952381,210,21499.744761904767,6.676190476190476,144.3436190476191
INV0589,Tech World,Software,25,4182.86,104571.57,0,47178.305097087374,65691.7745801971,15.689320388349515,2958.5622330097085,206,57393.26490291263,9.310679611650485,1224.2977669902912
INV0590,ABC Supplies,Software,20,3109.5,62190.07,0,37834.155238095234,32918.015297934224,14.323809523809524,2681.076380952381,210,24355.914761904765,5.676190476190476,428.423619047619
INV0591,ABC Supplies,Software,11,1597.49,17572.42,0,37834.155238095234,32918.015297934224,14.323809523809524,2681.076380952381,210,20261.735238095236,3.3238095238095244,1083.586380952381
INV0592,ABC Supplies,Stationery,16,1194.06,19104.89,0,37834.155238095234,32918.015297934224,14.323809523809524,2681.076380952381,210,18729.265238095235,1.6761904761904756,1487.016380952381
INV0593,Prime Stationery,Stationery,19,931.17,17692.29,0,48007.48259803921,65581.04168686338,16.642156862745097,2905.846862745098,204,30315.19259803921,2.3578431372549034,1974.6768627450979
INV0594,XYZ Traders,Software,23,4517.39,103899.86,0,47394.08357894737,65372.596975509274,16.789473684210527,2899.4535263157895,190,56505.77642105263,6.210526315789473,1617.9364736842108
INV0595,Tech World,Furniture,6,3608.65,21651.9,0,47178.305097087374,65691.7745801971,15.689320388349515,2958.5622330097085,206,25526.405097087372,9.689320388349515,650.0877669902916
INV0596,Prime Stationery,Furniture,24,4699.42,112786.0,0,48007.48259803921,65581.04168686338,16.642156862745097,2905.846862745098,204,64778.51740196079,7.357843137254903,1793.5731372549021
INV0597,Prime Stationery,Electronics,19,3095.8,58820.21,0,48007.48259803921,65581.04168686338,16.642156862745097,2905.846862745098,204,10812.727401960787,2.3578431372549034,189.95313725490223
INV0598,Prime Stationery,Office Equipment,5,2472.32,12361.62,0,48007.48259803921,65581.04168686338,16.642156862745097,2905.846862745098,204,35645.86259803921,11.642156862745097,433.5268627450978
INV0599,Prime Stationery,Furniture,26,486.64,12652.62,0,48007.48259803921,65581.04168686338,16.642156862745097,2905.846862745098,204,35354.86259803921,9.357843137254903,2419.206862745098
INV0600,Prime Stationery,Stationery,4,3423.88,13695.53,0,48007.48259803921,65581.04168686338,16.642156862745097,2905.846862745098,204,34311.95259803921,12.642156862745097,518.0331372549022
INV0601,Global Office,Furniture,15,2994.6,44919.03,0,39556.33615789474,36358.871345434854,15.81578947368421,2589.1354736842104,190,5362.693842105262,0.8157894736842106,405.4645263157895
INV0602,Tech World,Electronics,29,4953.0,143637.08,0,47178.305097087374,65691.7745801971,15.689320388349515,2958.5622330097085,206,96458.77490291261,13.310679611650485,1994.4377669902915
INV0603,Prime Stationery,Electronics,4,1347.96,5391.85,0,48007.48259803921,65581.04168686338,16.642156862745097,2905.846862745098,204,42615.632598039214,12.642156862745097,1557.886862745098
INV0604,Tech World,Office Equipment,20,2747.54,54950.79,0,47178.305097087374,65691.7745801971,15.689320388349515,2958.5622330097085,206,7772.484902912627,4.310679611650485,211.02223300970854
INV0605,Global Office,Furniture,10,3324.6,33245.95,0,39556.33615789474,36358.871345434854,15.81578947368421,2589.1354736842104,190,6310.38615789474,5.815789473684211,735.4645263157895
INV0606,Global Office,Stationery,24,3294.04,79056.9,0,39556.33615789474,36358.871345434854,15.81578947368421,2589.1354736842104,190,39500.56384210526,8.18421052631579,704.9045263157896
INV0607,Tech World,Stationery,22,2894.21,63672.6,0,47178.305097087374,65691.7745801971,15.689320388349515,2958.5622330097085,206,16494.294902912625,6.310679611650485,64.35223300970847
INV0608,ABC Supplies,Software,3,3929.25,11787.76,0,37834.155238095234,32918.015297934224,14.323809523809524,2681.076380952381,210,26046.395238095232,11.323809523809524,1248.173619047619
INV0609,XYZ Traders,Stationery,26,1183.91,30781.65,0,47394.08357894737,65372.596975509274,16.789473684210527,2899.4535263157895,190,16612.43357894737,9.210526315789473,1715.5435263157894
INV0610,ABC Supplies,Office Equipment,5,3683.01,18415.05,0,37834.155238095234,32918.015297934224,14.323809523809524,2681.076380952381,210,19419.105238095235,9.323809523809524,1001.9336190476192
INV0611,ABC Supplies,Office Equipment,6,3174.73,19048.36,0,37834.155238095234,32918.015297934224,14.323809523809524,2681.076380952381,210,18785.795238095234,8.323809523809524,493.65361904761903
INV0612,ABC Supplies,Stationery,21,4501.16,94524.37,0,37834.155238095234,32918.015297934224,14.323809523809524,2681.076380952381,210,56690.21476190476,6.676190476190476,1820.0836190476189
INV0613,Prime Stationery,Stationery,22,4266.53,93863.73,0,48007.48259803921,65581.04168686338,16.642156862745097,2905.846862745098,204,45856.24740196078,5.357843137254903,1360.6831372549018
INV0614,Global Office,Software,8,1712.71,13701.65,0,39556.33615789474,36358.871345434854,15.81578947368421,2589.1354736842104,190,25854.686157894736,7.815789473684211,876.4254736842104
INV0615,ABC Supplies,Stationery,7,1525.94,10681.57,0,37834.155238095234,32918.015297934224,14.323809523809524,2681.076380952381,210,27152.585238095235,7.323809523809524,1155.136380952381
INV0616,Global Office,Software,21,4911.94,103150.66,0,39556.33615789474,36358.871345434854,15.81578947368421,2589.1354736842104,190,63594.32384210527,5.184210526315789,2322.804526315789
INV0617,Tech World,Software,10,2730.87,27308.73,0,47178.305097087374,65691.7745801971,15.689320388349515,2958.5622330097085,206,19869.575097087374,5.689320388349515,227.69223300970862
INV0618,XYZ Traders,Stationery,6,4550.82,27304.92,0,47394.08357894737,65372.596975509274,16.789473684210527,2899.4535263157895,190,20089.163578947373,10.789473684210527,1651.3664736842102
INV0619,Tech World,Electronics,14,986.63,13812.8,0,47178.305097087374,65691.7745801971,15.689320388349515,2958.5622330097085,206,33365.50509708737,1.6893203883495147,1971.9322330097084
INV0620,Tech World,Electronics,4,3285.53,13142.12,0,47178.305097087374,65691.7745801971,15.689320388349515,2958.5622330097085,206,34036.18509708737,11.689320388349515,326.9677669902917
INV0621,Prime Stationery,Software,28,4087.33,114445.21,0,48007.48259803921,65581.04168686338,16.642156862745097,2905.846862745098,204,66437.72740196079,11.357843137254903,1181.483137254902
INV0622,XYZ Traders,Stationery,25,4747.5,118687.43,0,47394.08357894737,65372.596975509274,16.789473684210527,2899.4535263157895,190,71293.34642105261,8.210526315789473,1848.0464736842105
INV0623,Tech World,Electronics,13,1819.23,23650.02,0,47178.305097087374,65691.7745801971,15.689320388349515,2958.5622330097085,206,23528.285097087373,2.6893203883495147,1139.3322330097085
INV0624,Tech World,Stationery,20,3679.91,73598.19,0,47178.305097087374,65691.7745801971,15.689320388349515,2958.5622330097085,206,26419.88490291263,4.310679611650485,721.3477669902913
INV0625,XYZ Traders,Stationery,17,2786.3,47367.14,0,47394.08357894737,65372.596975509274,16.789473684210527,2899.4535263157895,190,26.94357894737186,0.21052631578947256,113.15352631578935
INV0626,XYZ Traders,Stationery,23,491.02,11293.43,0,47394.08357894737,65372.596975509274,16.789473684210527,2899.4535263157895,190,36100.65357894737,6.210526315789473,2408.4335263157895
INV0627,Tech World,Furniture,7,3512.0,24583.99,0,47178.305097087374,65691.7745801971,15.689320388349515,2958.5622330097085,206,22594.315097087372,8.689320388349515,553.4377669902915
INV0628,XYZ Traders,Stationery,4,3512.46,14049.85,0,47394.08357894737,65372.596975509274,16.789473684210527,2899.4535263157895,190,33344.23357894737,12.789473684210527,613.0064736842105
INV0629,Tech World,Furniture,29,4666.91,135340.47,0,47178.305097087374,65691.7745801971,15.689320388349515,2958.5622330097085,206,88162.16490291263,13.310679611650485,1708.3477669902913
INV0630,Tech World,Software,14,2587.1,36219.4,0,47178.305097087374,65691.7745801971,15.689320388349515,2958.5622330097085,206,10958.905097087372,1.6893203883495147,371.4622330097086
INV0631,Prime Stationery,Electronics,3,1305.2,3915.61,0,48007.48259803921,65581.04168686338,16.642156862745097,2905.846862745098,204,44091.87259803921,13.642156862745097,1600.646862745098
INV0632,ABC Supplies,Electronics,24,413.91,9933.75,0,37834.155238095234,32918.015297934224,14.323809523809524,2681.076380952381,210,27900.405238095234,9.676190476190476,2267.166380952381
INV0633,Tech World,Electronics,5,2195.08,10975.41,0,47178.305097087374,65691.7745801971,15.689320388349515,2958.5622330097085,206,36202.89509708737,10.689320388349515,763.4822330097086
INV0634,Global Office,Electronics,16,1649.2,26387.2,0,39556.33615789474,36358.871345434854,15.81578947368421,2589.1354736842104,190,13169.136157894736,0.18421052631578938,939.9354736842104
INV0635,ABC Supplies,Electronics,26,3853.22,100183.82,0,37834.155238095234,32918.015297934224,14.323809523809524,2681.076380952381,210,62349.66476190477,11.676190476190476,1172.1436190476188
INV0636,ABC Supplies,Electronics,23,1900.49,43711.16,0,37834.155238095234,32918.015297934224,14.323809523809524,2681.076380952381,210,5877.004761904769,8.676190476190476,780.586380952381
INV0637,ABC Supplies,Electronics,20,4755.54,95110.83,0,37834.155238095234,32918.015297934224,14.323809523809524,2681.076380952381,210,57276.67476190477,5.676190476190476,2074.463619047619
INV0638,Prime Stationery,Software,4,4819.09,19276.36,0,48007.48259803921,65581.04168686338,16.642156862745097,2905.846862745098,204,28731.122598039212,12.642156862745097,1913.2431372549022
INV0639,Tech World,Stationery,24,3180.36,76328.67,0,47178.305097087374,65691.7745801971,15.689320388349515,2958.5622330097085,206,29150.364902912625,8.310679611650485,221.79776699029162
INV0640,Prime Stationery,Office Equipment,24,4657.57,111781.67,0,48007.48259803921,65581.04168686338,16.642156862745097,2905.846862745098,204,63774.187401960786,7.357843137254903,1751.7231372549018
INV0641,Tech World,Furniture,2,3852.1,7704.2,0,47178.305097087374,65691.7745801971,15.689320388349515,2958.5622330097085,206,39474.10509708738,13.689320388349515,893.5377669902914
INV0642,Prime Stationery,Office Equipment,90,2824.93,254243.36,1,48007.48259803921,65581.04168686338,16.642156862745097,2905.846862745098,204,206235.87740196078,73.3578431372549,80.91686274509811
INV0643,Prime Stationery,Office Equipment,19,1065.48,20244.08,0,48007.48259803921,65581.04168686338,16.642156862745097,2905.846862745098,204,27763.40259803921,2.3578431372549034,1840.366862745098
INV0644,Global Office,Stationery,28,2401.27,67235.56,0,39556.33615789474,36358.871345434854,15.81578947368421,2589.1354736842104,190,27679.22384210526,12.18421052631579,187.86547368421043
INV0645,Prime Stationery,Stationery,28,2892.2,80981.53,0,48007.48259803921,65581.04168686338,16.642156862745097,2905.846862745098,204,32974.04740196079,11.357843137254903,13.646862745098133
INV0646,XYZ Traders,Stationery,19,4347.02,82593.3,0,47394.08357894737,65372.596975509274,16.789473684210527,2899.4535263157895,190,35199.21642105263,2.2105263157894726,1447.566473684211
INV0647,Global Office,Electronics,17,2510.4,42676.8,0,39556.33615789474,36358.871345434854,15.81578947368421,2589.1354736842104,190,3120.463842105266,1.1842105263157894,78.73547368421032
INV0648,Prime Stationery,Software,14,4508.84,63123.74,0,48007.48259803921,65581.04168686338,16.642156862745097,2905.846862745098,204,15116.257401960786,2.6421568627450966,1602.9931372549022
INV0649,ABC Supplies,Electronics,19,3436.88,65300.63,0,37834.155238095234,32918.015297934224,14.323809523809524,2681.076380952381,210,27466.474761904763,4.676190476190476,755.8036190476191
INV0650,XYZ Traders,Software,22,857.6,18867.1,0,47394.08357894737,65372.596975509274,16.789473684210527,2899.4535263157895,190,28526.983578947373,5.210526315789473,2041.8535263157896
INV0651,XYZ Traders,Software,24,4975.91,119421.85,0,47394.08357894737,65372.596975509274,16.789473684210527,2899.4535263157895,190,72027.76642105263,7.210526315789473,2076.4564736842103
INV0652,XYZ Traders,Office Equipment,13,2730.72,35499.32,0,47394.08357894737,65372.596975509274,16.789473684210527,2899.4535263157895,190,11894.763578947372,3.7894736842105274,168.73352631578973
INV0653,Global Office,Office Equipment,12,2080.92,24971.04,0,39556.33615789474,36358.871345434854,15.81578947368421,2589.1354736842104,190,14585.296157894736,3.8157894736842106,508.21547368421034
INV0654,Prime Stationery,Software,26,3363.75,87457.4,0,48007.48259803921,65581.04168686338,16.642156862745097,2905.846862745098,204,39449.91740196078,9.357843137254903,457.90313725490205
INV0655,Prime Stationery,Software,6,722.69,4336.13,0,48007.48259803921,65581.04168686338,16.642156862745097,2905.846862745098,204,43671.352598039215,10.642156862745097,2183.156862745098
INV0656,ABC Supplies,Electronics,21,3255.39,68363.1,0,37834.155238095234,32918.015297934224,14.323809523809524,2681.076380952381,210,30528.94476190477,6.676190476190476,574.3136190476189
INV0657,ABC Supplies,Electronics,4,2591.53,10366.13,0,37834.155238095234,32918.015297934224,14.323809523809524,2681.076380952381,210,27468.025238095237,10.323809523809524,89.54638095238079
INV0658,XYZ Traders,Office Equipment,19,2152.04,40888.68,0,47394.08357894737,65372.596975509274,16.789473684210527,2899.4535263157895,190,6505.403578947371,2.2105263157894726,747.4135263157896
INV0659,ABC Supplies,Stationery,16,4774.5,76391.94,0,37834.155238095234,32918.015297934224,14.323809523809524,2681.076380952381,210,38557.78476190477,1.6761904761904756,2093.423619047619
INV0660,Global Office,Software,13,2708.19,35206.48,0,39556.33615789474,36358.871345434854,15.81578947368421,2589.1354736842104,190,4349.856157894734,2.8157894736842106,119.05452631578964
INV0661,Prime Stationery,Electronics,4,1251.76,5007.06,0,48007.48259803921,65581.04168686338,16.642156862745097,2905.846862745098,204,43000.422598039215,12.642156862745097,1654.086862745098
INV0662,XYZ Traders,Office Equipment,23,2403.02,55269.57,0,47394.08357894737,65372.596975509274,16.789473684210527,2899.4535263157895,190,7875.486421052628,6.210526315789473,496.43352631578955
INV0663,ABC Supplies,Electronics,17,4613.06,78422.01,0,37834.155238095234,32918.015297934224,14.323809523809524,2681.076380952381,210,40587.85476190476,2.6761904761904756,1931.9836190476194
INV0664,Global Office,Software,23,1045.26,24040.94,0,39556.33615789474,36358.871345434854,15.81578947368421,2589.1354736842104,190,15515.396157894738,7.184210526315789,1543.8754736842104
INV0665,Global Office,Software,1,1226.99,1226.99,0,39556.33615789474,36358.871345434854,15.81578947368421,2589.1354736842104,190,38329.34615789474,14.81578947368421,1362.1454736842104
INV0666,ABC Supplies,Furniture,18,262.54,4725.75,0,37834.155238095234,32918.015297934224,14.323809523809524,2681.076380952381,210,33108.405238095234,3.6761904761904756,2418.536380952381
INV0667,Prime Stationery,Stationery,20,268.11,5362.24,0,48007.48259803921,65581.04168686338,16.642156862745097,2905.846862745098,204,42645.242598039214,3.3578431372549034,2637.736862745098
INV0668,ABC Supplies,Furniture,17,4181.08,71078.36,0,37834.155238095234,32918.015297934224,14.323809523809524,2681.076380952381,210,33244.204761904766,2.6761904761904756,1500.003619047619
INV0669,XYZ Traders,Office Equipment,27,3714.19,100283.09,0,47394.08357894737,65372.596975509274,16.789473684210527,2899.4535263157895,190,52889.006421052625,10.210526315789473,814.7364736842105
INV0670,ABC Supplies,Electronics,28,1904.2,53317.52,0,37834.155238095234,32918.015297934224,14.323809523809524,2681.076380952381,210,15483.364761904762,13.676190476190476,776.8763809523809
INV0671,Global Office,Office Equipment,27,3551.89,95901.13,0,39556.33615789474,36358.871345434854,15.81578947368421,2589.1354736842104,190,56344.79384210527,11.18421052631579,962.7545263157895
INV0672,ABC Supplies,Software,15,2096.99,31454.83,0,37834.155238095234,32918.015297934224,14.323809523809524,2681.076380952381,210,6379.325238095233,0.6761904761904756,584.0863809523812
INV0673,Prime Stationery,Furniture,11,4773.9,52512.95,0,48007.48259803921,65581.04168686338,16.642156862745097,2905.846862745098,204,4505.467401960785,5.642156862745097,1868.0531372549017
INV0674,Tech World,Furniture,25,4841.85,121046.32,0,47178.305097087374,65691.7745801971,15.689320388349515,2958.5622330097085,206,73868.01490291263,9.310679611650485,1883.2877669902919
INV0675,ABC Supplies,Furniture,28,2085.41,58391.48,0,37834.155238095234,32918.015297934224,14.323809523809524,2681.076380952381,210,20557.32476190477,13.676190476190476,595.6663809523811
INV0676,Prime Stationery,Office Equipment,22,4300.27,94605.83,0,48007.48259803921,65581.04168686338,16.642156862745097,2905.846862745098,204,46598.34740196079,5.357843137254903,1394.4231372549025
INV0677,Prime Stationery,Software,13,3910.83,50840.76,0,48007.48259803921,65581.04168686338,16.642156862745097,2905.846862745098,204,2833.2774019607896,3.6421568627450966,1004.983137254902
INV0678,Global Office,Electronics,1,1688.0,1688.0,0,39556.33615789474,36358.871345434854,15.81578947368421,2589.1354736842104,190,37868.33615789474,14.81578947368421,901.1354736842104
INV0679,Prime Stationery,Electronics,17,1313.79,22334.45,0,48007.48259803921,65581.04168686338,16.642156862745097,2905.846862745098,204,25673.03259803921,0.35784313725490335,1592.056862745098
INV0680,Prime Stationery,Office Equipment,6,2399.53,14397.16,0,48007.48259803921,65581.04168686338,16.642156862745097,2905.846862745098,204,33610.322598039216,10.642156862745097,506.31686274509775
INV0681,Prime Stationery,Furniture,4,3950.47,15801.9,0,48007.48259803921,65581.04168686338,16.642156862745097,2905.846862745098,204,32205.58259803921,12.642156862745097,1044.6231372549018
INV0682,Prime Stationery,Stationery,20,4808.81,96176.11,0,48007.48259803921,65581.04168686338,16.642156862745097,2905.846862745098,204,48168.62740196079,3.3578431372549034,1902.9631372549024
INV0683,XYZ Traders,Office Equipment,16,3865.18,61842.87,0,47394.08357894737,65372.596975509274,16.789473684210527,2899.4535263157895,190,14448.786421052631,0.7894736842105274,965.7264736842103
INV0684,XYZ Traders,Office Equipment,15,4304.99,64574.9,0,47394.08357894737,65372.596975509274,16.789473684210527,2899.4535263157895,190,17180.81642105263,1.7894736842105274,1405.5364736842103
INV0685,Global Office,Software,27,3094.71,83557.13,0,39556.33615789474,36358.871345434854,15.81578947368421,2589.1354736842104,190,44000.79384210527,11.18421052631579,505.5745263157896
INV0686,ABC Supplies,Electronics,15,4209.96,63149.36,0,37834.155238095234,32918.015297934224,14.323809523809524,2681.076380952381,210,25315.204761904766,0.6761904761904756,1528.883619047619
INV0687,Prime Stationery,Office Equipment,6,3965.22,23791.32,0,48007.48259803921,65581.04168686338,16.642156862745097,2905.846862745098,204,24216.162598039213,10.642156862745097,1059.3731372549018
INV0688,ABC Supplies,Office Equipment,15,2009.53,30142.96,0,37834.155238095234,32918.015297934224,14.323809523809524,2681.076380952381,210,7691.195238095235,0.6761904761904756,671.546380952381
INV0689,ABC Supplies,Furniture,14,2849.55,39893.75,0,37834.155238095234,32918.015297934224,14.323809523809524,2681.076380952381,210,2059.5947619047656,0.32380952380952444,168.4736190476192
INV0690,Global Office,Furniture,28,4062.81,113758.82,0,39556.33615789474,36358.871345434854,15.81578947368421,2589.1354736842104,190,74202.48384210527,12.18421052631579,1473.6745263157895
INV0691,Prime Stationery,Stationery,11,421.07,4631.8,0,48007.48259803921,65581.04168686338,16.642156862745097,2905.846862745098,204,43375.68259803921,5.642156862745097,2484.776862745098
INV0692,Prime Stationery,Software,7,39505.21,276536.48,1,48007.48259803921,65581.04168686338,16.642156862745097,2905.846862745098,204,228528.99740196078,9.642156862745097,36599.3631372549
INV0693,Tech World,Stationery,9,1053.86,9484.77,0,47178.305097087374,65691.7745801971,15.689320388349515,2958.5622330097085,206,37693.53509708737,6.689320388349515,1904.7022330097086
INV0694,ABC Supplies,Furniture,26,2670.48,69432.52,0,37834.155238095234,32918.015297934224,14.323809523809524,2681.076380952381,210,31598.36476190477,11.676190476190476,10.596380952380969
INV0695,ABC Supplies,Electronics,16,4079.72,65275.55,0,37834.155238095234,32918.015297934224,14.323809523809524,2681.076380952381,210,27441.39476190477,1.6761904761904756,1398.6436190476188
INV0696,XYZ Traders,Furniture,5,1418.34,7091.71,0,47394.08357894737,65372.596975509274,16.789473684210527,2899.4535263157895,190,40302.37357894737,11.789473684210527,1481.1135263157896
INV0697,Tech World,Software,25,1379.88,34496.89,0,47178.305097087374,65691.7745801971,15.689320388349515,2958.5622330097085,206,12681.415097087374,9.310679611650485,1578.6822330097084
INV0698,XYZ Traders,Furniture,20,2133.27,42665.38,0,47394.08357894737,65372.596975509274,16.789473684210527,2899.4535263157895,190,4728.703578947374,3.2105263157894726,766.1835263157895
INV0699,XYZ Traders,Software,29,4494.29,130334.28,0,47394.08357894737,65372.596975509274,16.789473684210527,2899.4535263157895,190,82940.19642105262,12.210526315789473,1594.8364736842104
INV0700,XYZ Traders,Software,10,202.13,2021.25,0,47394.08357894737,65372.596975509274,16.789473684210527,2899.4535263157895,190,45372.83357894737,6.789473684210527,2697.3235263157894
INV0701,Global Office,Software,18,4526.64,81479.5,0,39556.33615789474,36358.871345434854,15.81578947368421,2589.1354736842104,190,41923.16384210526,2.1842105263157894,1937.50452631579
INV0702,Global Office,Software,3,938.27,2814.82,0,39556.33615789474,36358.871345434854,15.81578947368421,2589.1354736842104,190,36741.51615789474,12.81578947368421,1650.8654736842104
INV0703,XYZ Traders,Software,13,4952.41,64381.39,0,47394.08357894737,65372.596975509274,16.789473684210527,2899.4535263157895,190,16987.306421052628,3.7894736842105274,2052.9564736842103
INV0704,Tech World,Electronics,11,4783.27,52615.92,0,47178.305097087374,65691.7745801971,15.689320388349515,2958.5622330097085,206,5437.6149029126245,4.689320388349515,1824.707766990292
INV0705,ABC Supplies,Stationery,17,2574.44,43765.5,0,37834.155238095234,32918.015297934224,14.323809523809524,2681.076380952381,210,5931.344761904766,2.6761904761904756,106.63638095238093
INV0706,Tech World,Office Equipment,22,2661.06,58543.26,0,47178.305097087374,65691.7745801971,15.689320388349515,2958.5622330097085,206,11364.954902912628,6.310679611650485,297.50223300970856
INV0707,Prime Stationery,Stationery,13,2511.44,32648.68,0,48007.48259803921,65581.04168686338,16.642156862745097,2905.846862745098,204,15358.802598039212,3.6421568627450966,394.4068627450979
INV0708,Global Office,Software,6,3250.13,19500.78,0,39556.33615789474,36358.871345434854,15.81578947368421,2589.1354736842104,190,20055.556157894738,9.81578947368421,660.9945263157897
INV0709,ABC Supplies,Electronics,17,635.46,10802.89,0,37834.155238095234,32918.015297934224,14.323809523809524,2681.076380952381,210,27031.265238095235,2.6761904761904756,2045.616380952381
INV0710,ABC Supplies,Furniture,27,356.57,9627.29,0,37834.155238095234,32918.015297934224,14.323809523809524,2681.076380952381,210,28206.865238095234,12.676190476190476,2324.506380952381
INV0711,Prime Stationery,Electronics,13,476.97,6200.66,0,48007.48259803921,65581.04168686338,16.642156862745097,2905.846862745098,204,41806.822598039216,3.6421568627450966,2428.876862745098
INV0712,Prime Stationery,Software,19,2332.95,44326.12,0,48007.48259803921,65581.04168686338,16.642156862745097,2905.846862745098,204,3681.36259803921,2.3578431372549034,572.8968627450981
INV0713,XYZ Traders,Electronics,21,1522.63,31975.23,0,47394.08357894737,65372.596975509274,16.789473684210527,2899.4535263157895,190,15418.853578947372,4.210526315789473,1376.8235263157894
INV0714,Global Office,Electronics,19,3185.79,60530.01,0,39556.33615789474,36358.871345434854,15.81578947368421,2589.1354736842104,190,20973.673842105265,3.1842105263157894,596.6545263157896
INV0715,Global Office,Software,10,4963.72,49637.23,0,39556.33615789474,36358.871345434854,15.81578947368421,2589.1354736842104,190,10080.893842105266,5.815789473684211,2374.58452631579
INV0716,Tech World,Electronics,3,2054.35,6163.05,0,47178.305097087374,65691.7745801971,15.689320388349515,2958.5622330097085,206,41015.25509708737,12.689320388349515,904.2122330097086
INV0717,XYZ Traders,Office Equipment,14,2954.44,41362.13,0,47394.08357894737,65372.596975509274,16.789473684210527,2899.4535263157895,190,6031.953578947374,2.7894736842105274,54.98647368421052
INV0718,XYZ Traders,Office Equipment,26,2194.9,57067.37,0,47394.08357894737,65372.596975509274,16.789473684210527,2899.4535263157895,190,9673.286421052631,9.210526315789473,704.5535263157894
INV0719,XYZ Traders,Electronics,19,4266.9,81071.18,0,47394.08357894737,65372.596975509274,16.789473684210527,2899.4535263157895,190,33677.09642105262,2.2105263157894726,1367.44647368421
INV0720,XYZ Traders,Furniture,5,37472.8,187364.02,1,47394.08357894737,65372.596975509274,16.789473684210527,2899.4535263157895,190,139969.9364210526,11.789473684210527,34573.346473684214
INV0721,Global Office,Software,29,4411.31,127927.9,0,39556.33615789474,36358.871345434854,15.81578947368421,2589.1354736842104,190,88371.56384210526,13.18421052631579,1822.17452631579
INV0722,Global Office,Office Equipment,5,4876.99,24384.93,0,39556.33615789474,36358.871345434854,15.81578947368421,2589.1354736842104,190,15171.406157894737,10.81578947368421,2287.8545263157894
INV0723,XYZ Traders,Furniture,20,332.09,6641.84,0,47394.08357894737,65372.596975509274,16.789473684210527,2899.4535263157895,190,40752.24357894737,3.2105263157894726,2567.3635263157894
INV0724,Tech World,Electronics,17,4231.12,71929.0,0,47178.305097087374,65691.7745801971,15.689320388349515,2958.5622330097085,206,24750.694902912626,1.3106796116504853,1272.5577669902914
INV0725,ABC Supplies,Furniture,21,3808.51,79978.64,0,37834.155238095234,32918.015297934224,14.323809523809524,2681.076380952381,210,42144.484761904765,6.676190476190476,1127.4336190476192
INV0726,ABC Supplies,Stationery,10,1297.73,12977.33,0,37834.155238095234,32918.015297934224,14.323809523809524,2681.076380952381,210,24856.825238095233,4.323809523809524,1383.346380952381
INV0727,Tech World,Office Equipment,5,4790.34,23951.68,0,47178.305097087374,65691.7745801971,15.689320388349515,2958.5622330097085,206,23226.625097087373,10.689320388349515,1831.7777669902916
INV0728,XYZ Traders,Electronics,4,911.25,3645.02,0,47394.08357894737,65372.596975509274,16.789473684210527,2899.4535263157895,190,43749.063578947374,12.789473684210527,1988.2035263157895
INV0729,Global Office,Software,6,3461.84,20771.04,0,39556.33615789474,36358.871345434854,15.81578947368421,2589.1354736842104,190,18785.296157894736,9.81578947368421,872.7045263157897
INV0730,ABC Supplies,Electronics,26,1279.47,33266.3,0,37834.155238095234,32918.015297934224,14.323809523809524,2681.076380952381,210,4567.8552380952315,11.676190476190476,1401.606380952381
INV0731,Prime Stationery,Software,4,2270.63,9082.51,0,48007.48259803921,65581.04168686338,16.642156862745097,2905.846862745098,204,38924.97259803921,12.642156862745097,635.2168627450978
INV0732,Prime Stationery,Electronics,7,3651.97,25563.77,0,48007.48259803921,65581.04168686338,16.642156862745097,2905.846862745098,204,22443.712598039212,9.642156862745097,746.1231372549018
INV0733,Tech World,Furniture,7,2903.96,20327.71,0,47178.305097087374,65691.7745801971,15.689320388349515,2958.5622330097085,206,26850.595097087375,8.689320388349515,54.60223300970847
INV0734,XYZ Traders,Furniture,18,2252.01,40536.16,0,47394.08357894737,65372.596975509274,16.789473684210527,2899.4535263157895,190,6857.923578947368,1.2105263157894726,647.4435263157893
INV0735,ABC Supplies,Furniture,3,1766.42,5299.27,0,37834.155238095234,32918.015297934224,14.323809523809524,2681.076380952381,210,32534.885238095234,11.323809523809524,914.6563809523809
INV0736,XYZ Traders,Stationery,1,4230.37,4230.37,0,47394.08357894737,65372.596975509274,16.789473684210527,2899.4535263157895,190,43163.71357894737,15.789473684210527,1330.9164736842104
INV0737,ABC Supplies,Software,24,890.31,21367.41,0,37834.155238095234,32918.015297934224,14.323809523809524,2681.076380952381,210,16466.745238095235,9.676190476190476,1790.766380952381
INV0738,Tech World,Furniture,25,2264.49,56612.35,0,47178.305097087374,65691.7745801971,15.689320388349515,2958.5622330097085,206,9434.044902912625,9.310679611650485,694.0722330097087
INV0739,Tech World,Stationery,4,4538.04,18152.15,0,47178.305097087374,65691.7745801971,15.689320388349515,2958.5622330097085,206,29026.155097087372,11.689320388349515,1579.4777669902915
INV0740,Prime Stationery,Software,6,4260.08,25560.47,0,48007.48259803921,65581.04168686338,16.642156862745097,2905.846862745098,204,22447.01259803921,10.642156862745097,1354.233137254902
INV0741,XYZ Traders,Electronics,9,17014.03,153126.29,1,47394.08357894737,65372.596975509274,16.789473684210527,2899.4535263157895,190,105732.20642105263,7.789473684210527,14114.57647368421
INV0742,Prime Stationery,Stationery,22,3862.92,84984.24,0,48007.48259803921,65581.04168686338,16.642156862745097,2905.846862745098,204,36976.75740196079,5.357843137254903,957.0731372549021
INV0743,XYZ Traders,Office Equipment,14,4151.17,58116.41,0,47394.08357894737,65372.596975509274,16.789473684210527,2899.4535263157895,190,10722.326421052632,2.7894736842105274,1251.7164736842105
INV0744,Prime Stationery,Stationery,28,4466.66,125066.47,0,48007.48259803921,65581.04168686338,16.642156862745097,2905.846862745098,204,77058.9874019608,11.357843137254903,1560.813137254902
INV0745,Global Office,Stationery,12,2813.63,33763.53,0,39556.33615789474,36358.871345434854,15.81578947368421,2589.1354736842104,190,5792.806157894738,3.8157894736842106,224.4945263157897
INV0746,Global Office,Software,28,1181.41,33079.54,0,39556.33615789474,36358.871345434854,15.81578947368421,2589.1354736842104,190,6476.796157894736,12.18421052631579,1407.7254736842103
INV0747,Global Office,Electronics,200,1425.48,285096.71,1,39556.33615789474,36358.871345434854,15.81578947368421,2589.1354736842104,190,245540.37384210527,184.18421052631578,1163.6554736842104
INV0748,Global Office,Office Equipment,20,1619.33,32386.69,0,39556.33615789474,36358.871345434854,15.81578947368421,2589.1354736842104,190,7169.646157894738,4.184210526315789,969.8054736842105
INV0749,ABC Supplies,Furniture,24,3050.25,73206.05,0,37834.155238095234,32918.015297934224,14.323809523809524,2681.076380952381,210,35371.89476190477,9.676190476190476,369.173619047619
INV0750,Global Office,Furniture,25,357.49,8937.15,0,39556.33615789474,36358.871345434854,15.81578947368421,2589.1354736842104,190,30619.186157894736,9.18421052631579,2231.6454736842106
INV0751,Tech World,Stationery,4,3253.0,13012.02,0,47178.305097087374,65691.7745801971,15.689320388349515,2958.5622330097085,206,34166.28509708737,11.689320388349515,294.4377669902915
INV0752,Tech World,Software,21,1948.9,40926.91,0,47178.305097087374,65691.7745801971,15.689320388349515,2958.5622330097085,206,6251.39509708737,5.310679611650485,1009.6622330097084
INV0753,ABC Supplies,Software,24,1617.16,38811.86,0,37834.155238095234,32918.015297934224,14.323809523809524,2681.076380952381,210,977.7047619047662,9.676190476190476,1063.916380952381
INV0754,Global Office,Furniture,12,4421.58,53059.0,0,39556.33615789474,36358.871345434854,15.81578947368421,2589.1354736842104,190,13502.663842105263,3.8157894736842106,1832.4445263157895
INV0755,Global Office,Office Equipment,10,2408.01,24080.11,0,39556.33615789474,36358.871345434854,15.81578947368421,2589.1354736842104,190,15476.226157894736,5.815789473684211,181.1254736842102
INV0756,Global Office,Electronics,22,656.25,14437.6,0,39556.33615789474,36358.871345434854,15.81578947368421,2589.1354736842104,190,25118.73615789474,6.184210526315789,1932.8854736842104
INV0757,Prime Stationery,Office Equipment,28,4168.38,116714.77,0,48007.48259803921,65581.04168686338,16.642156862745097,2905.846862745098,204,68707.28740196078,11.357843137254903,1262.5331372549022
INV0758,XYZ Traders,Electronics,7,428.68,3000.75,0,47394.08357894737,65372.596975509274,16.789473684210527,2899.4535263157895,190,44393.33357894737,9.789473684210527,2470.7735263157897
INV0759,Prime Stationery,Furniture,3,3688.4,11065.19,0,48007.48259803921,65581.04168686338,16.642156862745097,2905.846862745098,204,36942.29259803921,13.642156862745097,782.5531372549021
INV0760,XYZ Traders,Electronics,23,3914.75,90039.25,0,47394.08357894737,65372.596975509274,16.789473684210527,2899.4535263157895,190,42645.16642105263,6.210526315789473,1015.2964736842105
INV0761,Global Office,Software,28,1892.49,52989.79,0,39556.33615789474,36358.871345434854,15.81578947368421,2589.1354736842104,190,13433.453842105264,12.18421052631579,696.6454736842104
INV0762,Global Office,Stationery,14,4158.98,58225.74,0,39556.33615789474,36358.871345434854,15.81578947368421,2589.1354736842104,190,18669.40384210526,1.8157894736842106,1569.8445263157892
INV0763,Prime Stationery,Stationery,24,2675.17,64203.96,0,48007.48259803921,65581.04168686338,16.642156862745097,2905.846862745098,204,16196.477401960787,7.357843137254903,230.67686274509788
INV0764,Prime Stationery,Furniture,10,2423.81,24238.1,0,48007.48259803921,65581.04168686338,16.642156862745097,2905.846862745098,204,23769.382598039214,6.642156862745097,482.036862745098
INV0765,XYZ Traders,Software,16,417.94,6686.97,0,47394.08357894737,65372.596975509274,16.789473684210527,2899.4535263157895,190,40707.11357894737,0.7894736842105274,2481.5135263157895
INV0766,Tech World,Office Equipment,16,1592.14,25474.24,0,47178.305097087374,65691.7745801971,15.689320388349515,2958.5622330097085,206,21704.065097087372,0.3106796116504853,1366.4222330097084
INV0767,XYZ Traders,Software,22,4668.85,102714.65,0,47394.08357894737,65372.596975509274,16.789473684210527,2899.4535263157895,190,55320.56642105262,5.210526315789473,1769.3964736842108
INV0768,Prime Stationery,Stationery,10,2080.76,20807.55,0,48007.48259803921,65581.04168686338,16.642156862745097,2905.846862745098,204,27199.932598039213,6.642156862745097,825.0868627450977
INV0769,Prime Stationery,Stationery,25,2824.16,70604.06,0,48007.48259803921,65581.04168686338,16.642156862745097,2905.846862745098,204,22596.577401960785,8.357843137254903,81.6868627450981
INV0770,ABC Supplies,Software,13,2753.7,35798.15,0,37834.155238095234,32918.015297934224,14.323809523809524,2681.076380952381,210,2036.005238095233,1.3238095238095244,72.62361904761883
INV0771,Prime Stationery,Software,6,3034.07,18204.42,0,48007.48259803921,65581.04168686338,16.642156862745097,2905.846862745098,204,29803.062598039214,10.642156862745097,128.2231372549022
INV0772,ABC Supplies,Stationery,12,494.39,5932.66,0,37834.155238095234,32918.015297934224,14.323809523809524,2681.076380952381,210,31901.495238095235,2.3238095238095244,2186.686380952381
INV0773,Tech World,Office Equipment,9,1938.45,17446.01,0,47178.305097087374,65691.7745801971,15.689320388349515,2958.5622330097085,206,29732.295097087375,6.689320388349515,1020.1122330097085
INV0774,XYZ Traders,Furniture,13,3671.02,47723.2,0,47394.08357894737,65372.596975509274,16.789473684210527,2899.4535263157895,190,329.1164210526258,3.7894736842105274,771.5664736842105
INV0775,XYZ Traders,Furniture,4,1162.69,4650.76,0,47394.08357894737,65372.596975509274,16.789473684210527,2899.4535263157895,190,42743.32357894737,12.789473684210527,1736.7635263157895
INV0776,ABC Supplies,Software,24,1177.18,28252.23,0,37834.155238095234,32918.015297934224,14.323809523809524,2681.076380952381,210,9581.925238095235,9.676190476190476,1503.896380952381
INV0777,XYZ Traders,Furniture,11,248.43,2732.78,0,47394.08357894737,65372.596975509274,16.789473684210527,2899.4535263157895,190,44661.30357894737,5.789473684210527,2651.0235263157897
INV0778,Prime Stationery,Stationery,20,2299.91,45998.26,0,48007.48259803921,65581.04168686338,16.642156862745097,2905.846862745098,204,2009.2225980392104,3.3578431372549034,605.9368627450981
INV0779,Global Office,Stationery,18,4437.13,79868.25,0,39556.33615789474,36358.871345434854,15.81578947368421,2589.1354736842104,190,40311.91384210526,2.1842105263157894,1847.9945263157897
INV0780,ABC Supplies,Software,26,449.12,11677.24,0,37834.155238095234,32918.015297934224,14.323809523809524,2681.076380952381,210,26156.915238095236,11.676190476190476,2231.956380952381
INV0781,XYZ Traders,Software,11,1117.37,12291.07,0,47394.08357894737,65372.596975509274,16.789473684210527,2899.4535263157895,190,35103.01357894737,5.789473684210527,1782.0835263157896
INV0782,ABC Supplies,Software,25,1688.41,42210.14,0,37834.155238095234,32918.015297934224,14.323809523809524,2681.076380952381,210,4375.984761904765,10.676190476190476,992.6663809523809
INV0783,ABC Supplies,Office Equipment,21,3712.28,77957.85,0,37834.155238095234,32918.015297934224,14.323809523809524,2681.076380952381,210,40123.69476190477,6.676190476190476,1031.2036190476192
INV0784,Global Office,Furniture,4,3275.05,13100.2,0,39556.33615789474,36358.871345434854,15.81578947368421,2589.1354736842104,190,26456.136157894736,11.81578947368421,685.9145263157898
INV0785,Prime Stationery,Software,18,2196.53,39537.55,0,48007.48259803921,65581.04168686338,16.642156862745097,2905.846862745098,204,8469.93259803921,1.3578431372549034,709.3168627450978
INV0786,ABC Supplies,Electronics,1,3843.53,3843.53,0,37834.155238095234,32918.015297934224,14.323809523809524,2681.076380952381,210,33990.625238095236,13.323809523809524,1162.4536190476192
INV0787,XYZ Traders,Electronics,27,3126.23,84408.18,0,47394.08357894737,65372.596975509274,16.789473684210527,2899.4535263157895,190,37014.09642105262,10.210526315789473,226.7764736842105
INV0788,Tech World,Stationery,7,4501.0,31506.97,0,47178.305097087374,65691.7745801971,15.689320388349515,2958.5622330097085,206,15671.335097087373,8.689320388349515,1542.4377669902915
INV0789,ABC Supplies,Furniture,6,4126.53,24759.17,0,37834.155238095234,32918.015297934224,14.323809523809524,2681.076380952381,210,13074.985238095236,8.323809523809524,1445.4536190476188
INV0790,ABC Supplies,Software,15,1413.51,21202.58,0,37834.155238095234,32918.015297934224,14.323809523809524,2681.076380952381,210,16631.575238095233,0.6761904761904756,1267.566380952381
INV0791,Global Office,Electronics,18,1502.91,27052.29,0,39556.33615789474,36358.871345434854,15.81578947368421,2589.1354736842104,190,12504.046157894736,2.1842105263157894,1086.2254736842103
INV0792,Prime Stationery,Furniture,24,801.71,19241.07,0,48007.48259803921,65581.04168686338,16.642156862745097,2905.846862745098,204,28766.412598039213,7.357843137254903,2104.136862745098
INV0793,Tech World,Stationery,11,1817.43,19991.74,0,47178.305097087374,65691.7745801971,15.689320388349515,2958.5622330097085,206,27186.565097087372,4.689320388349515,1141.1322330097084
INV0794,XYZ Traders,Office Equipment,20,4997.81,99956.22,0,47394.08357894737,65372.596975509274,16.789473684210527,2899.4535263157895,190,52562.13642105263,3.2105263157894726,2098.356473684211
INV0795,Tech World,Furniture,24,2147.61,51542.53,0,47178.305097087374,65691.7745801971,15.689320388349515,2958.5622330097085,206,4364.224902912625,8.310679611650485,810.9522330097084
INV0796,XYZ Traders,Furniture,15,1258.34,18875.17,0,47394.08357894737,65372.596975509274,16.789473684210527,2899.4535263157895,190,28518.913578947373,1.7894736842105274,1641.1135263157896
INV0797,Prime Stationery,Office Equipment,16,3859.92,61758.69,0,48007.48259803921,65581.04168686338,16.642156862745097,2905.846862745098,204,13751.20740196079,0.6421568627450966,954.0731372549021
INV0798,XYZ Traders,Furniture,7,2803.86,19627.03,0,47394.08357894737,65372.596975509274,16.789473684210527,2899.4535263157895,190,27767.053578947372,9.789473684210527,95.5935263157894
INV0799,Global Office,Stationery,21,918.09,19279.83,0,39556.33615789474,36358.871345434854,15.81578947368421,2589.1354736842104,190,20276.506157894735,5.184210526315789,1671.0454736842103
INV0800,Global Office,Stationery,10,2027.31,20273.1,0,39556.33615789474,36358.871345434854,15.81578947368421,2589.1354736842104,190,19283.23615789474,5.815789473684211,561.8254736842105
INV0801,Global Office,Office Equipment,26,2189.45,56925.82,0,39556.33615789474,36358.871345434854,15.81578947368421,2589.1354736842104,190,17369.483842105263,10.18421052631579,399.6854736842106
INV0802,Global Office,Software,12,3818.38,45820.59,0,39556.33615789474,36358.871345434854,15.81578947368421,2589.1354736842104,190,6264.2538421052595,3.8157894736842106,1229.2445263157897
INV0803,Tech World,Electronics,24,299.22,7181.34,0,47178.305097087374,65691.7745801971,15.689320388349515,2958.5622330097085,206,39996.96509708738,8.310679611650485,2659.3422330097083
INV0804,Prime Stationery,Software,14,1491.29,20878.12,0,48007.48259803921,65581.04168686338,16.642156862745097,2905.846862745098,204,27129.362598039213,2.6421568627450966,1414.556862745098
INV0805,XYZ Traders,Furniture,25,2684.46,67111.56,0,47394.08357894737,65372.596975509274,16.789473684210527,2899.4535263157895,190,19717.476421052626,8.210526315789473,214.9935263157895
INV0806,XYZ Traders,Electronics,5,1490.46,7452.32,0,47394.08357894737,65372.596975509274,16.789473684210527,2899.4535263157895,190,39941.76357894737,11.789473684210527,1408.9935263157895
INV0807,Global Office,Office Equipment,26,3216.48,83628.57,0,39556.33615789474,36358.871345434854,15.81578947368421,2589.1354736842104,190,44072.23384210527,10.18421052631579,627.3445263157896
INV0808,Global Office,Office Equipment,21,2512.96,52772.24,0,39556.33615789474,36358.871345434854,15.81578947368421,2589.1354736842104,190,13215.903842105261,5.184210526315789,76.17547368421037
INV0809,ABC Supplies,Electronics,18,1936.21,34851.77,0,37834.155238095234,32918.015297934224,14.323809523809524,2681.076380952381,210,2982.3852380952376,3.6761904761904756,744.866380952381
INV0810,Prime Stationery,Stationery,5,4756.2,23781.01,0,48007.48259803921,65581.04168686338,16.642156862745097,2905.846862745098,204,24226.472598039214,11.642156862745097,1850.3531372549019
INV0811,Tech World,Electronics,3,3234.37,9703.1,0,47178.305097087374,65691.7745801971,15.689320388349515,2958.5622330097085,206,37475.205097087375,12.689320388349515,275.8077669902914
INV0812,XYZ Traders,Furniture,138,3983.09,549665.8,1,47394.08357894737,65372.596975509274,16.789473684210527,2899.4535263157895,190,502271.7164210527,121.21052631578948,1083.6364736842106
INV0813,ABC Supplies,Stationery,26,2888.44,75099.44,0,37834.155238095234,32918.015297934224,14.323809523809524,2681.076380952381,210,37265.28476190477,11.676190476190476,207.36361904761907
INV0814,ABC Supplies,Office Equipment,5,3947.51,19737.56,0,37834.155238095234,32918.015297934224,14.323809523809524,2681.076380952381,210,18096.595238095233,9.323809523809524,1266.4336190476192
INV0815,XYZ Traders,Electronics,24,3600.75,86418.01,0,47394.08357894737,65372.596975509274,16.789473684210527,2899.4535263157895,190,39023.92642105262,7.210526315789473,701.2964736842105
INV0816,Tech World,Software,17,1026.03,17442.48,0,47178.305097087374,65691.7745801971,15.689320388349515,2958.5622330097085,206,29735.825097087374,1.3106796116504853,1932.5322330097085
INV0817,ABC Supplies,Software,19,4867.62,92484.7,0,37834.155238095234,32918.015297934224,14.323809523809524,2681.076380952381,210,54650.54476190476,4.676190476190476,2186.543619047619
INV0818,ABC Supplies,Furniture,19,2354.31,44731.8,0,37834.155238095234,32918.015297934224,14.323809523809524,2681.076380952381,210,6897.6447619047685,4.676190476190476,326.76638095238104
INV0819,Prime Stationery,Software,125,5244.33,655540.84,1,48007.48259803921,65581.04168686338,16.642156862745097,2905.846862745098,204,607533.3574019608,108.3578431372549,2338.483137254902
INV0820,Tech World,Electronics,21,1064.94,22363.73,0,47178.305097087374,65691.7745801971,15.689320388349515,2958.5622330097085,206,24814.575097087374,5.310679611650485,1893.6222330097085
INV0821,ABC Supplies,Electronics,12,671.53,8058.34,0,37834.155238095234,32918.015297934224,14.323809523809524,2681.076380952381,210,29775.815238095234,2.3238095238095244,2009.546380952381
INV0822,Tech World,Software,25,4056.89,101422.17,0,47178.305097087374,65691.7745801971,15.689320388349515,2958.5622330097085,206,54243.864902912625,9.310679611650485,1098.3277669902914
INV0823,XYZ Traders,Electronics,29,785.75,22786.64,0,47394.08357894737,65372.596975509274,16.789473684210527,2899.4535263157895,190,24607.443578947372,12.210526315789473,2113.7035263157895
INV0824,Global Office,Furniture,9,800.6,7205.41,0,39556.33615789474,36358.871345434854,15.81578947368421,2589.1354736842104,190,32350.926157894737,6.815789473684211,1788.5354736842105
INV0825,ABC Supplies,Stationery,1,4282.26,4282.26,0,37834.155238095234,32918.015297934224,14.323809523809524,2681.076380952381,210,33551.89523809523,13.323809523809524,1601.1836190476192
INV0826,Prime Stationery,Furniture,18,1854.1,33373.79,0,48007.48259803921,65581.04168686338,16.642156862745097,2905.846862745098,204,14633.692598039212,1.3578431372549034,1051.746862745098
INV0827,XYZ Traders,Furniture,21,348.12,7310.48,0,47394.08357894737,65372.596975509274,16.789473684210527,2899.4535263157895,190,40083.60357894737,4.210526315789473,2551.3335263157896
INV0828,Tech World,Electronics,4,449.1,1796.39,0,47178.305097087374,65691.7745801971,15.689320388349515,2958.5622330097085,206,45381.915097087374,11.689320388349515,2509.4622330097086
INV0829,XYZ Traders,Stationery,10,882.42,8824.18,0,47394.08357894737,65372.596975509274,16.789473684210527,2899.4535263157895,190,38569.90357894737,6.789473684210527,2017.0335263157895
INV0830,ABC Supplies,Electronics,25,1224.29,30607.2,0,37834.155238095234,32918.015297934224,14.323809523809524,2681.076380952381,210,7226.955238095234,10.676190476190476,1456.786380952381
INV0831,Tech World,Office Equipment,7,3392.7,23748.91,0,47178.305097087374,65691.7745801971,15.689320388349515,2958.5622330097085,206,23429.395097087374,8.689320388349515,434.1377669902913
INV0832,Global Office,Electronics,22,955.17,21013.66,0,39556.33615789474,36358.871345434854,15.81578947368421,2589.1354736842104,190,18542.676157894737,6.184210526315789,1633.9654736842103
INV0833,XYZ Traders,Electronics,23,770.6,17723.73,0,47394.08357894737,65372.596975509274,16.789473684210527,2899.4535263157895,190,29670.35357894737,6.210526315789473,2128.8535263157896
INV0834,ABC Supplies,Electronics,1,3870.65,3870.65,0,37834.155238095234,32918.015297934224,14.323809523809524,2681.076380952381,210,33963.50523809523,13.323809523809524,1189.573619047619
INV0835,Prime Stationery,Stationery,17,3421.07,58158.11,0,48007.48259803921,65581.04168686338,16.642156862745097,2905.846862745098,204,10150.627401960788,0.35784313725490335,515.2231372549022
INV0836,Tech World,Electronics,24,2289.56,54949.35,0,47178.305097087374,65691.7745801971,15.689320388349515,2958.5622330097085,206,7771.044902912625,8.310679611650485,669.0022330097086
INV0837,XYZ Traders,Stationery,29,2836.69,82263.92,0,47394.08357894737,65372.596975509274,16.789473684210527,2899.4535263157895,190,34869.83642105263,12.210526315789473,62.76352631578948
INV0838,XYZ Traders,Software,29,1697.52,49228.18,0,47394.08357894737,65372.596975509274,16.789473684210527,2899.4535263157895,190,1834.096421052629,12.210526315789473,1201.9335263157895
INV0839,Global Office,Office Equipment,2,2516.0,5032.0,0,39556.33615789474,36358.871345434854,15.81578947368421,2589.1354736842104,190,34524.33615789474,13.81578947368421,73.13547368421041
INV0840,Global Office,Stationery,28,2632.03,73696.8,0,39556.33615789474,36358.871345434854,15.81578947368421,2589.1354736842104,190,34140.463842105266,12.18421052631579,42.89452631578979
INV0841,Prime Stationery,Software,26,2058.74,53527.21,0,48007.48259803921,65581.04168686338,16.642156862745097,2905.846862745098,204,5519.727401960787,9.357843137254903,847.1068627450982
INV0842,Prime Stationery,Stationery,11,4551.55,50067.01,0,48007.48259803921,65581.04168686338,16.642156862745097,2905.846862745098,204,2059.5274019607896,5.642156862745097,1645.7031372549022
INV0843,ABC Supplies,Stationery,9,277.1,2493.87,0,37834.155238095234,32918.015297934224,14.323809523809524,2681.076380952381,210,35340.28523809523,5.323809523809524,2403.976380952381
INV0844,ABC Supplies,Office Equipment,7,3954.42,27680.95,0,37834.155238095234,32918.015297934224,14.323809523809524,2681.076380952381,210,10153.205238095234,7.323809523809524,1273.343619047619
INV0845,Prime Stationery,Furniture,22,797.04,17534.83,0,48007.48259803921,65581.04168686338,16.642156862745097,2905.846862745098,204,30472.65259803921,5.357843137254903,2108.806862745098
INV0846,Prime Stationery,Furniture,17,4028.23,68479.86,0,48007.48259803921,65581.04168686338,16.642156862745097,2905.846862745098,204,20472.377401960788,0.35784313725490335,1122.383137254902
INV0847,Tech World,Stationery,17,3156.38,53658.41,0,47178.305097087374,65691.7745801971,15.689320388349515,2958.5622330097085,206,6480.10490291263,1.3106796116504853,197.8177669902916
INV0848,Global Office,Electronics,2,4247.73,8495.47,0,39556.33615789474,36358.871345434854,15.81578947368421,2589.1354736842104,190,31060.866157894736,13.81578947368421,1658.5945263157892
INV0849,ABC Supplies,Software,6,668.07,4008.41,0,37834.155238095234,32918.015297934224,14.323809523809524,2681.076380952381,210,33825.74523809523,8.323809523809524,2013.0063809523808
INV0850,Global Office,Electronics,14,2883.11,40363.5,0,39556.33615789474,36358.871345434854,15.81578947368421,2589.1354736842104,190,807.163842105263,1.8157894736842106,293.9745263157897
INV0851,Global Office,Electronics,6,2605.22,15631.33,0,39556.33615789474,36358.871345434854,15.81578947368421,2589.1354736842104,190,23925.006157894735,9.81578947368421,16.08452631578939
INV0852,Prime Stationery,Stationery,2,3589.73,7179.45,0,48007.48259803921,65581.04168686338,16.642156862745097,2905.846862745098,204,40828.032598039215,14.642156862745097,683.8831372549021
INV0853,Tech World,Stationery,1,2764.59,2764.59,0,47178.305097087374,65691.7745801971,15.689320388349515,2958.5622330097085,206,44413.71509708738,14.689320388349515,193.97223300970836
INV0854,XYZ Traders,Stationery,10,2795.53,27955.26,0,47394.08357894737,65372.596975509274,16.789473684210527,2899.4535263157895,190,19438.823578947373,6.789473684210527,103.92352631578933
INV0855,Tech World,Stationery,21,2262.06,47503.27,0,47178.305097087374,65691.7745801971,15.689320388349515,2958.5622330097085,206,324.9649029126231,5.310679611650485,696.5022330097086
INV0856,Tech World,Furniture,5,1682.41,8412.03,0,47178.305097087374,65691.7745801971,15.689320388349515,2958.5622330097085,206,38766.275097087375,10.689320388349515,1276.1522330097084
INV0857,Global Office,Stationery,2,2514.87,5029.74,0,39556.33615789474,36358.871345434854,15.81578947368421,2589.1354736842104,190,34526.59615789474,13.81578947368421,74.26547368421052
INV0858,Tech World,Furniture,22,768.76,16912.79,0,47178.305097087374,65691.7745801971,15.689320388349515,2958.5622330097085,206,30265.515097087373,6.310679611650485,2189.8022330097083
INV0859,ABC Supplies,Furniture,16,4815.26,77044.22,0,37834.155238095234,32918.015297934224,14.323809523809524,2681.076380952381,210,39210.06476190477,1.6761904761904756,2134.1836190476192
INV0860,Global Office,Stationery,25,3629.17,90729.29,0,39556.33615789474,36358.871345434854,15.81578947368421,2589.1354736842104,190,51172.95384210526,9.18421052631579,1040.0345263157897
INV0861,ABC Supplies,Office Equipment,2,4771.84,9543.68,0,37834.155238095234,32918.015297934224,14.323809523809524,2681.076380952381,210,28290.475238095234,12.323809523809524,2090.763619047619
INV0862,XYZ Traders,Software,10,1288.29,12882.91,0,47394.08357894737,65372.596975509274,16.789473684210527,2899.4535263157895,190,34511.173578947375,6.789473684210527,1611.1635263157896
INV0863,Global Office,Electronics,2,4420.84,8841.67,0,39556.33615789474,36358.871345434854,15.81578947368421,2589.1354736842104,190,30714.66615789474,13.81578947368421,1831.7045263157897
INV0864,XYZ Traders,Furniture,16,4082.19,65315.07,0,47394.08357894737,65372.596975509274,16.789473684210527,2899.4535263157895,190,17920.98642105263,0.7894736842105274,1182.7364736842105
INV0865,Global Office,Software,16,3450.33,55205.31,0,39556.33615789474,36358.871345434854,15.81578947368421,2589.1354736842104,190,15648.97384210526,0.18421052631578938,861.1945263157895
INV0866,Prime Stationery,Office Equipment,19,3200.14,60802.66,0,48007.48259803921,65581.04168686338,16.642156862745097,2905.846862745098,204,12795.177401960791,2.3578431372549034,294.2931372549019
INV0867,Tech World,Electronics,29,1719.44,49863.71,0,47178.305097087374,65691.7745801971,15.689320388349515,2958.5622330097085,206,2685.4049029126254,13.310679611650485,1239.1222330097085
INV0868,Prime Stationery,Electronics,7,4118.77,28831.4,0,48007.48259803921,65581.04168686338,16.642156862745097,2905.846862745098,204,19176.08259803921,9.642156862745097,1212.9231372549025
INV0869,XYZ Traders,Furniture,22,2607.27,57360.03,0,47394.08357894737,65372.596975509274,16.789473684210527,2899.4535263157895,190,9965.946421052628,5.210526315789473,292.18352631578955
INV0870,Tech World,Stationery,12,540.28,6483.35,0,47178.305097087374,65691.7745801971,15.689320388349515,2958.5622330097085,206,40694.955097087375,3.6893203883495147,2418.2822330097088
INV0871,Global Office,Office Equipment,24,1701.74,40841.84,0,39556.33615789474,36358.871345434854,15.81578947368421,2589.1354736842104,190,1285.5038421052595,8.18421052631579,887.3954736842104
INV0872,Tech World,Furniture,15,4689.43,70341.39,0,47178.305097087374,65691.7745801971,15.689320388349515,2958.5622330097085,206,23163.084902912626,0.6893203883495147,1730.8677669902918
INV0873,ABC Supplies,Office Equipment,8,4283.27,34266.12,0,37834.155238095234,32918.015297934224,14.323809523809524,2681.076380952381,210,3568.0352380952318,6.323809523809524,1602.1936190476194
INV0874,Tech World,Stationery,6,4913.15,29478.88,0,47178.305097087374,65691.7745801971,15.689320388349515,2958.5622330097085,206,17699.425097087373,9.689320388349515,1954.5877669902911
INV0875,ABC Supplies,Stationery,28,3214.37,90002.31,0,37834.155238095234,32918.015297934224,14.323809523809524,2681.076380952381,210,52168.15476190476,13.676190476190476,533.2936190476189
INV0876,Tech World,Furniture,27,1388.05,37477.31,0,47178.305097087374,65691.7745801971,15.689320388349515,2958.5622330097085,206,9700.995097087376,11.310679611650485,1570.5122330097086
INV0877,ABC Supplies,Stationery,10,981.51,9815.12,0,37834.155238095234,32918.015297934224,14.323809523809524,2681.076380952381,210,28019.03523809523,4.323809523809524,1699.566380952381
INV0878,XYZ Traders,Software,3,1097.19,3291.57,0,47394.08357894737,65372.596975509274,16.789473684210527,2899.4535263157895,190,44102.51357894737,13.789473684210527,1802.2635263157895
INV0879,Prime Stationery,Electronics,19,295.02,5605.36,0,48007.48259803921,65581.04168686338,16.642156862745097,2905.846862745098,204,42402.12259803921,2.3578431372549034,2610.826862745098
INV0880,Global Office,Furniture,17,2075.27,35279.66,0,39556.33615789474,36358.871345434854,15.81578947368421,2589.1354736842104,190,4276.6761578947335,1.1842105263157894,513.8654736842104
INV0881,Tech World,Office Equipment,7,1118.85,7831.97,0,47178.305097087374,65691.7745801971,15.689320388349515,2958.5622330097085,206,39346.33509708737,8.689320388349515,1839.7122330097086
INV0882,Prime Stationery,Software,21,2175.95,45694.87,0,48007.48259803921,65581.04168686338,16.642156862745097,2905.846862745098,204,2312.61259803921,4.357843137254903,729.8968627450981
INV0883,Global Office,Furniture,20,4687.97,93759.47,0,39556.33615789474,36358.871345434854,15.81578947368421,2589.1354736842104,190,54203.133842105264,4.184210526315789,2098.83452631579
INV0884,Global Office,Stationery,26,2266.59,58931.42,0,39556.33615789474,36358.871345434854,15.81578947368421,2589.1354736842104,190,19375.08384210526,10.18421052631579,322.54547368421026
INV0885,ABC Supplies,Stationery,4,4414.33,17657.3,0,37834.155238095234,32918.015297934224,14.323809523809524,2681.076380952381,210,20176.855238095235,10.323809523809524,1733.253619047619
INV0886,XYZ Traders,Stationery,14,3106.42,43489.92,0,47394.08357894737,65372.596975509274,16.789473684210527,2899.4535263157895,190,3904.163578947373,2.7894736842105274,206.96647368421054
INV0887,XYZ Traders,Stationery,20,1386.23,27724.63,0,47394.08357894737,65372.596975509274,16.789473684210527,2899.4535263157895,190,19669.45357894737,3.2105263157894726,1513.2235263157895
INV0888,Prime Stationery,Office Equipment,22,1908.1,41978.26,0,48007.48259803921,65581.04168686338,16.642156862745097,2905.846862745098,204,6029.22259803921,5.357843137254903,997.746862745098
INV0889,XYZ Traders,Software,15,602.81,9042.21,0,47394.08357894737,65372.596975509274,16.789473684210527,2899.4535263157895,190,38351.87357894737,1.7894736842105274,2296.6435263157896
INV0890,Tech World,Electronics,24,1800.62,43214.89,0,47178.305097087374,65691.7745801971,15.689320388349515,2958.5622330097085,206,3963.4150970873743,8.310679611650485,1157.9422330097086
INV0891,XYZ Traders,Office Equipment,8,3452.2,27617.57,0,47394.08357894737,65372.596975509274,16.789473684210527,2899.4535263157895,190,19776.51357894737,8.789473684210527,552.7464736842103
INV0892,Prime Stationery,Office Equipment,21,546.13,11468.8,0,48007.48259803921,65581.04168686338,16.642156862745097,2905.846862745098,204,36538.68259803922,4.357843137254903,2359.716862745098
INV0893,XYZ Traders,Electronics,15,1185.93,17788.9,0,47394.08357894737,65372.596975509274,16.789473684210527,2899.4535263157895,190,29605.18357894737,1.7894736842105274,1713.5235263157895
INV0894,Tech World,Electronics,22,2030.92,44680.17,0,47178.305097087374,65691.7745801971,15.689320388349515,2958.5622330097085,206,2498.1350970873755,6.310679611650485,927.6422330097084
INV0895,ABC Supplies,Stationery,20,4913.84,98276.76,0,37834.155238095234,32918.015297934224,14.323809523809524,2681.076380952381,210,60442.60476190476,5.676190476190476,2232.763619047619
INV0896,Prime Stationery,Office Equipment,28,3967.34,111085.43,0,48007.48259803921,65581.04168686338,16.642156862745097,2905.846862745098,204,63077.94740196078,11.357843137254903,1061.4931372549022
INV0897,ABC Supplies,Furniture,14,3720.74,52090.31,0,37834.155238095234,32918.015297934224,14.323809523809524,2681.076380952381,210,14256.154761904763,0.32380952380952444,1039.6636190476188
INV0898,ABC Supplies,Electronics,27,757.72,20458.35,0,37834.155238095234,32918.015297934224,14.323809523809524,2681.076380952381,210,17375.805238095236,12.676190476190476,1923.356380952381
INV0899,ABC Supplies,Electronics,29,3948.78,114514.63,0,37834.155238095234,32918.015297934224,14.323809523809524,2681.076380952381,210,76680.47476190477,14.676190476190476,1267.7036190476192
INV0900,Global Office,Software,9,3969.29,35723.61,0,39556.33615789474,36358.871345434854,15.81578947368421,2589.1354736842104,190,3832.7261578947364,6.815789473684211,1380.1545263157896
INV0901,Global Office,Furniture,8,3085.29,24682.34,0,39556.33615789474,36358.871345434854,15.81578947368421,2589.1354736842104,190,14873.996157894737,7.815789473684211,496.15452631578955
INV0902,ABC Supplies,Furniture,26,4953.74,128797.15,0,37834.155238095234,32918.015297934224,14.323809523809524,2681.076380952381,210,90962.99476190476,11.676190476190476,2272.663619047619
INV0903,Prime Stationery,Electronics,28,1761.22,49314.12,0,48007.48259803921,65581.04168686338,16.642156862745097,2905.846862745098,204,1306.6374019607902,11.357843137254903,1144.626862745098
INV0904,Tech World,Stationery,26,4718.11,122670.8,0,47178.305097087374,65691.7745801971,15.689320388349515,2958.5622330097085,206,75492.49490291263,10.310679611650485,1759.5477669902912
INV0905,Tech World,Software,17,4590.71,78042.06,0,47178.305097087374,65691.7745801971,15.689320388349515,2958.5622330097085,206,30863.754902912624,1.3106796116504853,1632.1477669902915
INV0906,XYZ Traders,Furniture,2,255.11,510.21,0,47394.08357894737,65372.596975509274,16.789473684210527,2899.4535263157895,190,46883.87357894737,14.789473684210527,2644.3435263157894
INV0907,Prime Stationery,Electronics,25,2360.56,59013.98,0,48007.48259803921,65581.04168686338,16.642156862745097,2905.846862745098,204,11006.49740196079,8.357843137254903,545.286862745098
INV0908,Global Office,Furniture,24,4890.1,117362.41,0,39556.33615789474,36358.871345434854,15.81578947368421,2589.1354736842104,190,77806.07384210527,8.18421052631579,2300.96452631579
INV0909,ABC Supplies,Software,3,694.98,2084.95,0,37834.155238095234,32918.015297934224,14.323809523809524,2681.076380952381,210,35749.20523809524,11.323809523809524,1986.096380952381
INV0910,XYZ Traders,Software,8,2829.37,22634.93,0,47394.08357894737,65372.596975509274,16.789473684210527,2899.4535263157895,190,24759.15357894737,8.789473684210527,70.08352631578964
INV0911,Tech World,Office Equipment,12,4899.0,58787.95,0,47178.305097087374,65691.7745801971,15.689320388349515,2958.5622330097085,206,11609.644902912623,3.6893203883495147,1940.4377669902915
INV0912,Global Office,Electronics,1,2866.38,2866.38,0,39556.33615789474,36358.871345434854,15.81578947368421,2589.1354736842104,190,36689.95615789474,14.81578947368421,277.2445263157897
INV0913,Global Office,Software,10,1111.11,11111.13,0,39556.33615789474,36358.871345434854,15.81578947368421,2589.1354736842104,190,28445.20615789474,5.815789473684211,1478.0254736842105
INV0914,ABC Supplies,Office Equipment,20,2994.48,59889.59,0,37834.155238095234,32918.015297934224,14.323809523809524,2681.076380952381,210,22055.434761904762,5.676190476190476,313.40361904761903
INV0915,Tech World,Office Equipment,3,1181.31,3543.94,0,47178.305097087374,65691.7745801971,15.689320388349515,2958.5622330097085,206,43634.36509708737,12.689320388349515,1777.2522330097086
INV0916,Prime Stationery,Furniture,6,2694.58,16167.48,0,48007.48259803921,65581.04168686338,16.642156862745097,2905.846862745098,204,31840.002598039213,10.642156862745097,211.26686274509802
INV0917,Global Office,Furniture,7,555.4,3887.82,0,39556.33615789474,36358.871345434854,15.81578947368421,2589.1354736842104,190,35668.51615789474,8.81578947368421,2033.7354736842103
INV0918,ABC Supplies,Office Equipment,20,3106.32,62126.34,0,37834.155238095234,32918.015297934224,14.323809523809524,2681.076380952381,210,24292.184761904762,5.676190476190476,425.2436190476192
INV0919,Prime Stationery,Furniture,23,2680.59,61653.61,0,48007.48259803921,65581.04168686338,16.642156862745097,2905.846862745098,204,13646.127401960788,6.357843137254903,225.2568627450978
INV0920,Tech World,Software,25,3752.77,93819.36,0,47178.305097087374,65691.7745801971,15.689320388349515,2958.5622330097085,206,46641.05490291263,9.310679611650485,794.2077669902915
INV0921,Global Office,Stationery,27,3227.36,87138.78,0,39556.33615789474,36358.871345434854,15.81578947368421,2589.1354736842104,190,47582.44384210526,11.18421052631579,638.2245263157897
INV0922,Prime Stationery,Software,18,2838.11,51085.98,0,48007.48259803921,65581.04168686338,16.642156862745097,2905.846862745098,204,3078.4974019607907,1.3578431372549034,67.73686274509782
INV0923,Prime Stationery,Office Equipment,11,3510.94,38620.32,0,48007.48259803921,65581.04168686338,16.642156862745097,2905.846862745098,204,9387.162598039213,5.642156862745097,605.0931372549021
INV0924,Prime Stationery,Office Equipment,19,890.92,16927.5,0,48007.48259803921,65581.04168686338,16.642156862745097,2905.846862745098,204,31079.982598039212,2.3578431372549034,2014.9268627450979
INV0925,Global Office,Software,5,3057.73,15288.63,0,39556.33615789474,36358.871345434854,15.81578947368421,2589.1354736842104,190,24267.70615789474,10.81578947368421,468.5945263157896
INV0926,Global Office,Furniture,19,1026.13,19496.49,0,39556.33615789474,36358.871345434854,15.81578947368421,2589.1354736842104,190,20059.846157894735,3.1842105263157894,1563.0054736842103
INV0927,XYZ Traders,Furniture,11,4642.51,51067.57,0,47394.08357894737,65372.596975509274,16.789473684210527,2899.4535263157895,190,3673.4864210526284,5.789473684210527,1743.0564736842107
INV0928,Tech World,Office Equipment,24,528.0,12672.09,0,47178.305097087374,65691.7745801971,15.689320388349515,2958.5622330097085,206,34506.21509708738,8.310679611650485,2430.5622330097085
INV0929,ABC Supplies,Electronics,12,2265.8,27189.59,0,37834.155238095234,32918.015297934224,14.323809523809524,2681.076380952381,210,10644.565238095234,2.3238095238095244,415.2763809523808
INV0930,Prime Stationery,Furniture,10,3539.83,35398.28,0,48007.48259803921,65581.04168686338,16.642156862745097,2905.846862745098,204,12609.202598039214,6.642156862745097,633.983137254902
INV0931,XYZ Traders,Software,8,2398.51,19188.05,0,47394.08357894737,65372.596975509274,16.789473684210527,2899.4535263157895,190,28206.033578947372,8.789473684210527,500.9435263157893
INV0932,ABC Supplies,Furniture,24,642.06,15409.37,0,37834.155238095234,32918.015297934224,14.323809523809524,2681.076380952381,210,22424.78523809523,9.676190476190476,2039.016380952381
INV0933,XYZ Traders,Software,28,2856.22,79974.14,0,47394.08357894737,65372.596975509274,16.789473684210527,2899.4535263157895,190,32580.056421052628,11.210526315789473,43.23352631578973
INV0934,Global Office,Office Equipment,28,3279.83,91835.33,0,39556.33615789474,36358.871345434854,15.81578947368421,2589.1354736842104,190,52278.993842105265,12.18421052631579,690.6945263157895
INV0935,Prime Stationery,Furniture,9,3578.2,32203.83,0,48007.48259803921,65581.04168686338,16.642156862745097,2905.846862745098,204,15803.65259803921,7.642156862745097,672.3531372549019
INV0936,ABC Supplies,Software,4,1991.65,7966.59,0,37834.155238095234,32918.015297934224,14.323809523809524,2681.076380952381,210,29867.565238095234,10.323809523809524,689.4263809523809
INV0937,ABC Supplies,Office Equipment,5,2905.57,14527.84,0,37834.155238095234,32918.015297934224,14.323809523809524,2681.076380952381,210,23306.315238095234,9.323809523809524,224.49361904761918
INV0938,ABC Supplies,Electronics,21,2363.3,49629.2,0,37834.155238095234,32918.015297934224,14.323809523809524,2681.076380952381,210,11795.044761904763,6.676190476190476,317.7763809523808
INV0939,ABC Supplies,Software,8,3425.87,27406.95,0,37834.155238095234,32918.015297934224,14.323809523809524,2681.076380952381,210,10427.205238095234,6.323809523809524,744.7936190476189
INV0940,ABC Supplies,Electronics,23,3001.07,69024.69,0,37834.155238095234,32918.015297934224,14.323809523809524,2681.076380952381,210,31190.534761904768,8.676190476190476,319.9936190476192
INV0941,XYZ Traders,Electronics,9,2723.63,24512.67,0,47394.08357894737,65372.596975509274,16.789473684210527,2899.4535263157895,190,22881.413578947373,7.789473684210527,175.82352631578942
INV0942,Prime Stationery,Stationery,15,1397.72,20965.75,0,48007.48259803921,65581.04168686338,16.642156862745097,2905.846862745098,204,27041.732598039212,1.6421568627450966,1508.126862745098
INV0943,Global Office,Furniture,15,209.69,3145.33,0,39556.33615789474,36358.871345434854,15.81578947368421,2589.1354736842104,190,36411.006157894735,0.8157894736842106,2379.4454736842104
INV0944,Global Office,Software,16,1035.59,16569.47,0,39556.33615789474,36358.871345434854,15.81578947368421,2589.1354736842104,190,22986.866157894736,0.18421052631578938,1553.5454736842105
INV0945,Global Office,Electronics,14,761.92,10666.84,0,39556.33615789474,36358.871345434854,15.81578947368421,2589.1354736842104,190,28889.496157894737,1.8157894736842106,1827.2154736842103
INV0946,Global Office,Stationery,8,2355.61,18844.85,0,39556.33615789474,36358.871345434854,15.81578947368421,2589.1354736842104,190,20711.48615789474,7.815789473684211,233.52547368421028
INV0947,XYZ Traders,Office Equipment,18,3138.84,56499.1,0,47394.08357894737,65372.596975509274,16.789473684210527,2899.4535263157895,190,9105.016421052627,1.2105263157894726,239.3864736842106
INV0948,Tech World,Software,10,1222.81,12228.08,0,47178.305097087374,65691.7745801971,15.689320388349515,2958.5622330097085,206,34950.22509708737,5.689320388349515,1735.7522330097086
INV0949,Prime Stationery,Electronics,28,4707.47,131809.27,0,48007.48259803921,65581.04168686338,16.642156862745097,2905.846862745098,204,83801.78740196078,11.357843137254903,1801.6231372549023
INV0950,ABC Supplies,Furniture,20,232.07,4641.48,0,37834.155238095234,32918.015297934224,14.323809523809524,2681.076380952381,210,33192.67523809524,5.676190476190476,2449.006380952381
INV0951,Tech World,Stationery,6,3907.04,23442.27,0,47178.305097087374,65691.7745801971,15.689320388349515,2958.5622330097085,206,23736.035097087373,9.689320388349515,948.4777669902915
INV0952,Global Office,Electronics,12,3200.98,38411.79,0,39556.33615789474,36358.871345434854,15.81578947368421,2589.1354736842104,190,1144.546157894736,3.8157894736842106,611.8445263157896
INV0953,Tech World,Furniture,2,1993.06,3986.13,0,47178.305097087374,65691.7745801971,15.689320388349515,2958.5622330097085,206,43192.175097087376,13.689320388349515,965.5022330097086
INV0954,Prime Stationery,Electronics,7,442.35,3096.43,0,48007.48259803921,65581.04168686338,16.642156862745097,2905.846862745098,204,44911.05259803921,9.642156862745097,2463.496862745098
INV0955,ABC Supplies,Software,16,3211.94,51390.97,0,37834.155238095234,32918.015297934224,14.323809523809524,2681.076380952381,210,13556.814761904767,1.6761904761904756,530.8636190476191
INV0956,ABC Supplies,Software,3,2050.94,6152.83,0,37834.155238095234,32918.015297934224,14.323809523809524,2681.076380952381,210,31681.325238095233,11.323809523809524,630.1363809523809
INV0957,Prime Stationery,Software,13,4694.08,61023.07,0,48007.48259803921,65581.04168686338,16.642156862745097,2905.846862745098,204,13015.587401960787,3.6421568627450966,1788.233137254902
INV0958,Prime Stationery,Stationery,3,2801.55,8404.66,0,48007.48259803921,65581.04168686338,16.642156862745097,2905.846862745098,204,39602.822598039216,13.642156862745097,104.29686274509777
INV0959,Global Office,Software,27,4710.33,127178.84,0,39556.33615789474,36358.871345434854,15.81578947368421,2589.1354736842104,190,87622.50384210526,11.18421052631579,2121.1945263157895
INV0960,ABC Supplies,Furniture,18,1258.32,22649.79,0,37834.155238095234,32918.015297934224,14.323809523809524,2681.076380952381,210,15184.365238095234,3.6761904761904756,1422.756380952381
INV0961,Tech World,Electronics,11,3683.48,40518.33,0,47178.305097087374,65691.7745801971,15.689320388349515,2958.5622330097085,206,6659.975097087372,4.689320388349515,724.9177669902915
INV0962,XYZ Traders,Office Equipment,8,3162.8,25302.36,0,47394.08357894737,65372.596975509274,16.789473684210527,2899.4535263157895,190,22091.72357894737,8.789473684210527,263.34647368421065
INV0963,XYZ Traders,Furniture,6,3749.16,22494.96,0,47394.08357894737,65372.596975509274,16.789473684210527,2899.4535263157895,190,24899.123578947372,10.789473684210527,849.7064736842103
INV0964,Prime Stationery,Furniture,1,1230.41,1230.41,0,48007.48259803921,65581.04168686338,16.642156862745097,2905.846862745098,204,46777.07259803921,15.642156862745097,1675.4368627450979
INV0965,Global Office,Software,28,3391.97,94975.26,0,39556.33615789474,36358.871345434854,15.81578947368421,2589.1354736842104,190,55418.92384210526,12.18421052631579,802.8345263157894
INV0966,XYZ Traders,Stationery,1,2590.59,2590.59,0,47394.08357894737,65372.596975509274,16.789473684210527,2899.4535263157895,190,44803.49357894737,15.789473684210527,308.8635263157894
INV0967,ABC Supplies,Electronics,23,3765.56,86607.88,0,37834.155238095234,32918.015297934224,14.323809523809524,2681.076380952381,210,48773.72476190477,8.676190476190476,1084.483619047619
INV0968,Prime Stationery,Stationery,8,1769.81,14158.51,0,48007.48259803921,65581.04168686338,16.642156862745097,2905.846862745098,204,33848.97259803921,8.642156862745097,1136.036862745098
INV0969,Tech World,Electronics,5,4472.27,22361.37,0,47178.305097087374,65691.7745801971,15.689320388349515,2958.5622330097085,206,24816.935097087375,10.689320388349515,1513.707766990292
INV0970,Prime Stationery,Electronics,28,604.65,16930.1,0,48007.48259803921,65581.04168686338,16.642156862745097,2905.846862745098,204,31077.382598039214,11.357843137254903,2301.196862745098
INV0971,Tech World,Stationery,16,4074.51,65192.14,0,47178.305097087374,65691.7745801971,15.689320388349515,2958.5622330097085,206,18013.834902912626,0.3106796116504853,1115.9477669902917
INV0972,Prime Stationery,Furniture,11,4334.33,47677.68,0,48007.48259803921,65581.04168686338,16.642156862745097,2905.846862745098,204,329.80259803921217,5.642156862745097,1428.483137254902
INV0973,Prime Stationery,Electronics,5,4122.81,20614.06,0,48007.48259803921,65581.04168686338,16.642156862745097,2905.846862745098,204,27393.42259803921,11.642156862745097,1216.9631372549024
INV0974,Prime Stationery,Stationery,4,2661.09,10644.35,0,48007.48259803921,65581.04168686338,16.642156862745097,2905.846862745098,204,37363.132598039214,12.642156862745097,244.7568627450978
INV0975,Tech World,Electronics,6,2304.25,13825.49,0,47178.305097087374,65691.7745801971,15.689320388349515,2958.5622330097085,206,33352.815097087376,9.689320388349515,654.3122330097085
INV0976,Tech World,Office Equipment,14,4982.06,69748.83,0,47178.305097087374,65691.7745801971,15.689320388349515,2958.5622330097085,206,22570.524902912628,1.6893203883495147,2023.497766990292
INV0977,Prime Stationery,Furniture,22,1300.03,28600.56,0,48007.48259803921,65581.04168686338,16.642156862745097,2905.846862745098,204,19406.92259803921,5.357843137254903,1605.816862745098
INV0978,XYZ Traders,Software,19,2825.0,53675.09,0,47394.08357894737,65372.596975509274,16.789473684210527,2899.4535263157895,190,6281.006421052625,2.2105263157894726,74.45352631578953
INV0979,Global Office,Electronics,9,3419.24,30773.18,0,39556.33615789474,36358.871345434854,15.81578947368421,2589.1354736842104,190,8783.156157894737,6.815789473684211,830.1045263157894
INV0980,Global Office,Office Equipment,12,3564.16,42769.98,0,39556.33615789474,36358.871345434854,15.81578947368421,2589.1354736842104,190,3213.6438421052662,3.8157894736842106,975.0245263157894
INV0981,Global Office,Software,11,1179.32,12972.5,0,39556.33615789474,36358.871345434854,15.81578947368421,2589.1354736842104,190,26583.836157894737,4.815789473684211,1409.8154736842105
INV0982,Tech World,Software,14,3339.17,46748.4,0,47178.305097087374,65691.7745801971,15.689320388349515,2958.5622330097085,206,429.90509708737227,1.6893203883495147,380.60776699029157
INV0983,Tech World,Electronics,23,4128.17,94948.0,0,47178.305097087374,65691.7745801971,15.689320388349515,2958.5622330097085,206,47769.694902912626,7.310679611650485,1169.6077669902916
INV0984,XYZ Traders,Stationery,16,440.09,7041.43,0,47394.08357894737,65372.596975509274,16.789473684210527,2899.4535263157895,190,40352.65357894737,0.7894736842105274,2459.3635263157894
INV0985,Global Office,Electronics,1,4575.3,4575.3,0,39556.33615789474,36358.871345434854,15.81578947368421,2589.1354736842104,190,34981.036157894734,14.81578947368421,1986.1645263157898
INV0986,Global Office,Office Equipment,13,341.62,4441.05,0,39556.33615789474,36358.871345434854,15.81578947368421,2589.1354736842104,190,35115.286157894734,2.8157894736842106,2247.5154736842105
INV0987,Prime Stationery,Software,23,1908.66,43899.2,0,48007.48259803921,65581.04168686338,16.642156862745097,2905.846862745098,204,4108.282598039215,6.357843137254903,997.1868627450979
INV0988,Tech World,Electronics,21,275.9,5793.97,0,47178.305097087374,65691.7745801971,15.689320388349515,2958.5622330097085,206,41384.33509708737,5.310679611650485,2682.6622330097084
INV0989,Global Office,Stationery,21,570.3,11976.23,0,39556.33615789474,36358.871345434854,15.81578947368421,2589.1354736842104,190,27580.106157894737,5.184210526315789,2018.8354736842105
INV0990,XYZ Traders,Electronics,13,4573.61,59456.9,0,47394.08357894737,65372.596975509274,16.789473684210527,2899.4535263157895,190,12062.81642105263,3.7894736842105274,1674.1564736842101
INV0991,XYZ Traders,Furniture,2,1903.33,3806.66,0,47394.08357894737,65372.596975509274,16.789473684210527,2899.4535263157895,190,43587.423578947375,14.789473684210527,996.1235263157896
INV0992,Global Office,Stationery,4,2238.9,8955.61,0,39556.33615789474,36358.871345434854,15.81578947368421,2589.1354736842104,190,30600.726157894736,11.81578947368421,350.2354736842103
INV0993,Tech World,Office Equipment,28,1233.65,34542.28,0,47178.305097087374,65691.7745801971,15.689320388349515,2958.5622330097085,206,12636.025097087375,12.310679611650485,1724.9122330097084
INV0994,XYZ Traders,Software,6,3066.06,18396.36,0,47394.08357894737,65372.596975509274,16.789473684210527,2899.4535263157895,190,28997.72357894737,10.789473684210527,166.6064736842104
INV0995,Prime Stationery,Electronics,26,3055.06,79431.44,0,48007.48259803921,65581.04168686338,16.642156862745097,2905.846862745098,204,31423.95740196079,9.357843137254903,149.213137254902
INV0996,XYZ Traders,Stationery,27,1986.56,53637.17,0,47394.08357894737,65372.596975509274,16.789473684210527,2899.4535263157895,190,6243.086421052627,10.210526315789473,912.8935263157896
INV0997,ABC Supplies,Furniture,23,1798.57,41367.05,0,37834.155238095234,32918.015297934224,14.323809523809524,2681.076380952381,210,3532.8947619047685,8.676190476190476,882.506380952381
INV0998,ABC Supplies,Stationery,27,4447.83,120091.37,0,37834.155238095234,32918.015297934224,14.323809523809524,2681.076380952381,210,82257.21476190476,12.676190476190476,1766.753619047619
INV0999,Tech World,Furniture,5,2039.76,10198.82,0,47178.305097087374,65691.7745801971,15.689320388349515,2958.5622330097085,206,36979.485097087374,10.689320388349515,918.8022330097085
INV1000,Global Office,Office Equipment,25,2568.8,64220.12,0,39556.33615789474,36358.871345434854,15.81578947368421,2589.1354736842104,190,24663.783842105266,9.18421052631579,20.33547368421023
