invoice_id,vendor,category,invoice_date,quantity,unit_price,amount,actual_anomaly,vendor_avg_amount,vendor_std_amount,vendor_avg_quantity,vendor_avg_unit_price,vendor_invoice_count,amount_deviation,quantity_deviation,unit_price_deviation,prediction,anomaly_score,model_result,normalized_anomaly_score,risk_score,risk_level,explanation
INV0001,Tech World,Software,2026-06-09,6,4764.46,28586.74,0,50436.67067961165,78785.82328290903,15.728155339805824,3009.856310679612,206,21849.930679611647,9.728155339805824,1754.6036893203882,1,0.1105380294608082,Normal,0.0861489029694054,8.61,Low,No major individual anomaly reason was identified.
INV0002,Prime Stationery,Software,2026-01-11,17,2970.19,50493.2,0,49099.6287745098,118131.68858502238,16.75980392156863,2887.2864215686277,204,1393.5712254901955,0.2401960784313708,82.90357843137235,1,0.0866128429066809,Normal,0.1499615087255258,15.0,Low,No major individual anomaly reason was identified.
INV0003,Global Office,Software,2026-05-18,14,1914.18,26798.54,0,45078.94052631578,49567.56191589249,17.58421052631579,2430.9345263157893,190,18280.40052631578,3.5842105263157897,516.7545263157892,1,0.1227116164207665,Normal,0.0536798434886692,5.37,Low,No major individual anomaly reason was identified.
INV0004,Prime Stationery,Software,2026-03-19,17,3980.24,67664.01,0,49099.6287745098,118131.68858502238,16.75980392156863,2887.2864215686277,204,18564.381225490193,0.2401960784313708,1092.953578431372,1,0.1022925684195975,Normal,0.1081409720180566,10.81,Low,No major individual anomaly reason was identified.
INV0005,Prime Stationery,Furniture,2026-03-18,8,10989.74,87917.89,1,49099.6287745098,118131.68858502238,16.75980392156863,2887.2864215686277,204,38818.2612254902,8.75980392156863,8102.453578431372,-1,-0.0143518744563875,Anomaly,0.4192518521797623,41.93,Low,Unit price is significantly different from the vendor average. Machine learning model identified this invoice as unusual.
INV0006,XYZ Traders,Furniture,2026-09-11,11,2907.56,31983.11,0,41375.7582631579,62834.003986022224,14.242105263157894,2716.9371578947366,190,9392.648263157898,3.242105263157894,190.62284210526332,1,0.1148721416566225,Normal,0.0745890769998736,7.46,Low,No major individual anomaly reason was identified.
INV0007,Global Office,Electronics,2026-09-15,20,1921.18,38423.53,0,45078.94052631578,49567.56191589249,17.58421052631579,2430.9345263157893,190,6655.4105263157835,2.4157894736842103,509.7545263157893,1,0.0988731945047413,Normal,0.1172610329658714,11.73,Low,No major individual anomaly reason was identified.
INV0008,Global Office,Stationery,2026-11-16,28,3351.83,93851.22,0,45078.94052631578,49567.56191589249,17.58421052631579,2430.9345263157893,190,48772.27947368422,10.41578947368421,920.8954736842106,1,0.0813729084530683,Normal,0.163937319142712,16.39,Low,No major individual anomaly reason was identified.
INV0009,Global Office,Software,2026-10-18,1,1353.91,1353.91,0,45078.94052631578,49567.56191589249,17.58421052631579,2430.9345263157893,190,43725.03052631578,16.58421052631579,1077.0245263157892,1,0.0362532650677069,Normal,0.2842792027344256,28.43,Low,No major individual anomaly reason was identified.
INV0010,Prime Stationery,Electronics,2026-09-20,26,1119.65,29110.8,0,49099.6287745098,118131.68858502238,16.75980392156863,2887.2864215686277,204,19988.8287745098,9.24019607843137,1767.6364215686276,1,0.112863373964556,Normal,0.0799468074610122,7.99,Low,No major individual anomaly reason was identified.
INV0011,Tech World,Stationery,2026-03-26,7,4607.55,32252.83,0,50436.67067961165,78785.82328290903,15.728155339805824,3009.856310679612,206,18183.840679611647,8.728155339805825,1597.6936893203883,1,0.1154119938665328,Normal,0.0731491978934082,7.31,Low,No major individual anomaly reason was identified.
INV0012,Global Office,Office Equipment,2026-05-26,21,688.66,14461.81,0,45078.94052631578,49567.56191589249,17.58421052631579,2430.9345263157893,190,30617.130526315785,3.4157894736842103,1742.2745263157894,1,0.1044111710387979,Normal,0.1024902928316241,10.25,Low,No major individual anomaly reason was identified.
INV0013,Prime Stationery,Furniture,2026-11-19,21,2628.6,55200.56,0,49099.6287745098,118131.68858502238,16.75980392156863,2887.2864215686277,204,6100.931225490196,4.240196078431371,258.6864215686278,1,0.1036329683662518,Normal,0.1045658937983793,10.46,Low,No major individual anomaly reason was identified.
INV0014,XYZ Traders,Stationery,2026-02-11,17,1260.09,21421.59,0,41375.7582631579,62834.003986022224,14.242105263157894,2716.9371578947366,190,19954.1682631579,2.757894736842106,1456.8471578947367,1,0.129222908223983,Normal,0.0363131033856527,3.63,Low,No major individual anomaly reason was identified.
INV0015,Tech World,Office Equipment,2026-05-05,10,386.86,3868.64,0,50436.67067961165,78785.82328290903,15.728155339805824,3009.856310679612,206,46568.03067961165,5.728155339805825,2622.9963106796117,1,0.098012828355574,Normal,0.1195557781189976,11.96,Low,No major individual anomaly reason was identified.
INV0016,XYZ Traders,Stationery,2026-06-16,11,372.89,4101.79,0,41375.7582631579,62834.003986022224,14.242105263157894,2716.9371578947366,190,37273.9682631579,3.242105263157894,2344.0471578947368,1,0.0941690166559064,Normal,0.1298078879630205,12.98,Low,No major individual anomaly reason was identified.
INV0017,Tech World,Furniture,2026-08-29,22,1041.06,22903.42,0,50436.67067961165,78785.82328290903,15.728155339805824,3009.856310679612,206,27533.25067961165,6.271844660194175,1968.796310679612,1,0.112818227924068,Normal,0.0800672197502369,8.01,Low,No major individual anomaly reason was identified.
INV0018,Prime Stationery,Furniture,2026-10-07,9,4360.5,39244.48,0,49099.6287745098,118131.68858502238,16.75980392156863,2887.2864215686277,204,9855.148774509798,7.759803921568629,1473.2135784313723,1,0.1062916114655269,Normal,0.0974748333564282,9.75,Low,No major individual anomaly reason was identified.
INV0019,ABC Supplies,Electronics,2026-07-07,9,1555.9,14003.08,0,39308.7219047619,30437.02387711439,14.652380952380952,2675.61380952381,210,25305.6419047619,5.652380952380952,1119.7138095238097,1,0.1349325374101082,Normal,0.0210845359743364,2.11,Low,No major individual anomaly reason was identified.
INV0020,Tech World,Software,2026-10-29,24,4762.2,114292.9,0,50436.67067961165,78785.82328290903,15.728155339805824,3009.856310679612,206,63856.229320388346,8.271844660194175,1752.343689320388,1,0.0717207367258135,Normal,0.1896813286085621,18.97,Low,No major individual anomaly reason was identified.
INV0021,XYZ Traders,Stationery,2026-01-19,5,2991.79,14958.94,0,41375.7582631579,62834.003986022224,14.242105263157894,2716.9371578947366,190,26416.818263157897,9.242105263157894,274.85284210526333,1,0.1001483406103484,Normal,0.1138599980132507,11.39,Low,No major individual anomaly reason was identified.
INV0022,Prime Stationery,Stationery,2026-03-09,17,2295.75,39027.72,0,49099.6287745098,118131.68858502238,16.75980392156863,2887.2864215686277,204,10071.9087745098,0.2401960784313708,591.5364215686277,1,0.1096473936549314,Normal,0.0885243825262365,8.85,Low,No major individual anomaly reason was identified.
INV0023,Tech World,Office Equipment,2026-08-06,9,2984.43,26859.84,0,50436.67067961165,78785.82328290903,15.728155339805824,3009.856310679612,206,23576.83067961165,6.728155339805825,25.426310679612016,1,0.1269536140584165,Normal,0.0423657029590917,4.24,Low,No major individual anomaly reason was identified.
INV0024,ABC Supplies,Furniture,2026-04-12,17,2680.15,45562.59,0,39308.7219047619,30437.02387711439,14.652380952380952,2675.61380952381,210,6253.868095238096,2.347619047619048,4.536190476190313,1,0.0955590921633035,Normal,0.1261003164410978,12.61,Low,No major individual anomaly reason was identified.
INV0025,ABC Supplies,Stationery,2026-02-11,24,3842.13,92211.02,0,39308.7219047619,30437.02387711439,14.652380952380952,2675.61380952381,210,52902.298095238104,9.347619047619048,1166.5161904761903,1,0.086494414167715,Normal,0.150277378631607,15.03,Low,No major individual anomaly reason was identified.
INV0026,Global Office,Furniture,2026-10-15,21,1555.98,32675.6,0,45078.94052631578,49567.56191589249,17.58421052631579,2430.9345263157893,190,12403.340526315784,3.4157894736842103,874.9545263157893,1,0.1059788783613106,Normal,0.0983089465718505,9.83,Low,No major individual anomaly reason was identified.
INV0027,Global Office,Stationery,2026-06-16,19,1894.64,35998.2,0,45078.94052631578,49567.56191589249,17.58421052631579,2430.9345263157893,190,9080.740526315783,1.4157894736842105,536.2945263157892,1,0.1022777387659208,Normal,0.1081805252663219,10.82,Low,No major individual anomaly reason was identified.
INV0028,XYZ Traders,Electronics,2026-04-19,27,4491.65,121274.62,0,41375.7582631579,62834.003986022224,14.242105263157894,2716.9371578947366,190,79898.8617368421,12.757894736842106,1774.712842105263,1,0.0244227717583069,Normal,0.3158331721776829,31.58,Low,Invoice amount is significantly higher than the vendor average.
INV0029,Tech World,Software,2026-02-05,7,4742.99,33200.94,0,50436.67067961165,78785.82328290903,15.728155339805824,3009.856310679612,206,17235.730679611646,8.728155339805825,1733.133689320388,1,0.1105637542490169,Normal,0.0860802905151447,8.61,Low,No major individual anomaly reason was identified.
INV0030,Tech World,Stationery,2026-08-20,23,4484.28,103138.43,0,50436.67067961165,78785.82328290903,15.728155339805824,3009.856310679612,206,52701.759320388344,7.271844660194175,1474.423689320388,1,0.0944947520883098,Normal,0.1289390952920947,12.89,Low,No major individual anomaly reason was identified.
INV0031,Global Office,Furniture,2026-08-17,9,2213.35,19920.15,0,45078.94052631578,49567.56191589249,17.58421052631579,2430.9345263157893,190,25158.79052631578,8.58421052631579,217.5845263157894,1,0.1116760461740089,Normal,0.0831136157962391,8.31,Low,No major individual anomaly reason was identified.
INV0032,Tech World,Electronics,2026-12-19,7,3945.75,27620.28,0,50436.67067961165,78785.82328290903,15.728155339805824,3009.856310679612,206,22816.39067961165,8.728155339805825,935.893689320388,1,0.1280545667958051,Normal,0.0394292718124354,3.94,Low,No major individual anomaly reason was identified.
INV0033,Tech World,Stationery,2026-06-13,13,2486.41,32323.35,0,50436.67067961165,78785.82328290903,15.728155339805824,3009.856310679612,206,18113.32067961165,2.728155339805826,523.446310679612,1,0.1327107966311073,Normal,0.0270103024506785,2.7,Low,No major individual anomaly reason was identified.
INV0034,ABC Supplies,Office Equipment,2026-03-14,11,2588.19,28470.1,0,39308.7219047619,30437.02387711439,14.652380952380952,2675.61380952381,210,10838.621904761902,3.652380952380952,87.42380952380972,1,0.1156544529129909,Normal,0.0725025177302825,7.25,Low,No major individual anomaly reason was identified.
INV0035,Global Office,Software,2026-05-16,14,1182.46,16554.5,0,45078.94052631578,49567.56191589249,17.58421052631579,2430.9345263157893,190,28524.440526315782,3.5842105263157897,1248.4745263157893,1,0.1140284084553153,Normal,0.0768394592076177,7.68,Low,No major individual anomaly reason was identified.
INV0036,Prime Stationery,Stationery,2026-12-19,19,3037.43,57711.08,0,49099.6287745098,118131.68858502238,16.75980392156863,2887.2864215686277,204,8611.4512254902,2.240196078431371,150.1435784313721,1,0.1039158100967946,Normal,0.1038115060404543,10.38,Low,No major individual anomaly reason was identified.
INV0037,Global Office,Electronics,2026-03-11,11,1093.45,12027.98,0,45078.94052631578,49567.56191589249,17.58421052631579,2430.9345263157893,190,33050.96052631579,6.58421052631579,1337.4845263157893,1,0.1140775510286644,Normal,0.0767083874748279,7.67,Low,No major individual anomaly reason was identified.
INV0038,Prime Stationery,Office Equipment,2026-07-15,13,1791.51,23289.64,0,49099.6287745098,118131.68858502238,16.75980392156863,2887.2864215686277,204,25809.9887745098,3.759803921568629,1095.7764215686277,1,0.1252723273170641,Normal,0.0468499851504213,4.68,Low,No major individual anomaly reason was identified.
INV0039,ABC Supplies,Electronics,2026-09-26,14,4304.14,60258.03,0,39308.7219047619,30437.02387711439,14.652380952380952,2675.61380952381,210,20949.3080952381,0.6523809523809518,1628.5261904761903,1,0.096887544130044,Normal,0.1225571055479342,12.26,Low,No major individual anomaly reason was identified.
INV0040,XYZ Traders,Electronics,2026-02-18,13,1193.96,15521.53,0,41375.7582631579,62834.003986022224,14.242105263157894,2716.9371578947366,190,25854.2282631579,1.2421052631578942,1522.9771578947366,1,0.1285430629029723,Normal,0.0381263683040537,3.81,Low,No major individual anomaly reason was identified.
INV0041,Tech World,Office Equipment,2026-11-12,1,541.56,541.56,0,50436.67067961165,78785.82328290903,15.728155339805824,3009.856310679612,206,49895.11067961165,14.728155339805824,2468.296310679612,1,0.0579576688246931,Normal,0.2263898083515301,22.64,Low,No major individual anomaly reason was identified.
INV0042,ABC Supplies,Electronics,2026-05-10,8,531.24,4249.89,0,39308.7219047619,30437.02387711439,14.652380952380952,2675.61380952381,210,35058.8319047619,6.652380952380952,2144.3738095238095,1,0.0900796496243816,Normal,0.1407149362982299,14.07,Low,No major individual anomaly reason was identified.
INV0043,Tech World,Office Equipment,2026-01-05,12,4715.77,56589.19,0,50436.67067961165,78785.82328290903,15.728155339805824,3009.856310679612,206,6152.519320388354,3.728155339805826,1705.9136893203886,1,0.0979098459697122,Normal,0.1198304499329021,11.98,Low,No major individual anomaly reason was identified.
INV0044,XYZ Traders,Stationery,2026-01-27,19,2633.22,50031.14,0,41375.7582631579,62834.003986022224,14.242105263157894,2716.9371578947366,190,8655.3817368421,4.757894736842106,83.71715789473683,1,0.1005279539661183,Normal,0.1128475036129793,11.28,Low,No major individual anomaly reason was identified.
INV0045,XYZ Traders,Office Equipment,2026-06-09,12,2165.18,25982.14,0,41375.7582631579,62834.003986022224,14.242105263157894,2716.9371578947366,190,15393.6182631579,2.242105263157894,551.7571578947368,1,0.1335491711549661,Normal,0.0247742127614323,2.48,Low,No major individual anomaly reason was identified.
INV0046,ABC Supplies,Office Equipment,2026-05-29,8,4092.22,32737.74,0,39308.7219047619,30437.02387711439,14.652380952380952,2675.61380952381,210,6570.9819047618985,6.652380952380952,1416.60619047619,1,0.1112699522864741,Normal,0.0841967383493946,8.42,Low,No major individual anomaly reason was identified.
INV0047,XYZ Traders,Software,2026-09-21,8,4211.96,33695.72,0,41375.7582631579,62834.003986022224,14.242105263157894,2716.9371578947366,190,7680.038263157898,6.242105263157894,1495.0228421052634,1,0.1053239723351347,Normal,0.1000556940825177,10.01,Low,No major individual anomaly reason was identified.
INV0048,Prime Stationery,Office Equipment,2026-08-18,29,1794.52,52040.99,0,49099.6287745098,118131.68858502238,16.75980392156863,2887.2864215686277,204,2941.3612254901964,12.24019607843137,1092.7664215686275,1,0.0903840093292326,Normal,0.1399031563854687,13.99,Low,No major individual anomaly reason was identified.
INV0049,XYZ Traders,Office Equipment,2026-07-19,21,3529.37,74116.7,0,41375.7582631579,62834.003986022224,14.242105263157894,2716.9371578947366,190,32740.941736842095,6.757894736842106,812.4328421052633,1,0.1130462627184063,Normal,0.0794590115593889,7.95,Low,No major individual anomaly reason was identified.
INV0050,Tech World,Stationery,2026-02-19,13,3901.39,50718.06,0,50436.67067961165,78785.82328290903,15.728155339805824,3009.856310679612,206,281.389320388349,2.728155339805826,891.533689320388,1,0.1186805391177587,Normal,0.0644314230480314,6.44,Low,No major individual anomaly reason was identified.
INV0051,Tech World,Software,2026-03-08,12,3342.32,40107.88,0,50436.67067961165,78785.82328290903,15.728155339805824,3009.856310679612,206,10328.790679611651,3.728155339805826,332.4636893203883,1,0.1290845100973699,Normal,0.0366822350984177,3.67,Low,No major individual anomaly reason was identified.
INV0052,Tech World,Furniture,2026-10-27,29,927.66,26902.03,0,50436.67067961165,78785.82328290903,15.728155339805824,3009.856310679612,206,23534.64067961165,13.271844660194176,2082.196310679612,1,0.0736047736028129,Normal,0.1846562767791872,18.47,Low,No major individual anomaly reason was identified.
INV0053,Tech World,Stationery,2026-02-27,16,4404.24,70467.82,0,50436.67067961165,78785.82328290903,15.728155339805824,3009.856310679612,206,20031.14932038836,0.2718446601941746,1394.383689320388,1,0.1005132091069459,Normal,0.1128868306996529,11.29,Low,No major individual anomaly reason was identified.
INV0054,Prime Stationery,Stationery,2026-09-16,1,2787.65,2787.65,0,49099.6287745098,118131.68858502238,16.75980392156863,2887.2864215686277,204,46311.9787745098,15.75980392156863,99.6364215686276,1,0.0687587346813025,Normal,0.1975814997644939,19.76,Low,No major individual anomaly reason was identified.
INV0055,Global Office,Furniture,2026-12-08,13,1555.87,20226.28,0,45078.94052631578,49567.56191589249,17.58421052631579,2430.9345263157893,190,24852.660526315783,4.58421052631579,875.0645263157894,1,0.128044823580857,Normal,0.0394552586498995,3.95,Low,No major individual anomaly reason was identified.
INV0056,ABC Supplies,Office Equipment,2026-11-22,26,2241.1,58268.48,0,39308.7219047619,30437.02387711439,14.652380952380952,2675.61380952381,210,18959.758095238103,11.347619047619048,434.5138095238098,1,0.0911685697259416,Normal,0.137810598270037,13.78,Low,No major individual anomaly reason was identified.
INV0057,Tech World,Electronics,2026-05-10,7,380.34,2662.39,0,50436.67067961165,78785.82328290903,15.728155339805824,3009.856310679612,206,47774.28067961165,8.728155339805825,2629.5163106796117,1,0.092495220882664,Normal,0.1342721904482922,13.43,Low,No major individual anomaly reason was identified.
INV0058,XYZ Traders,Software,2026-08-03,28,813.76,22785.3,0,41375.7582631579,62834.003986022224,14.242105263157894,2716.9371578947366,190,18590.4582631579,13.757894736842106,1903.1771578947369,1,0.0691257443945383,Normal,0.1966026214562141,19.66,Low,No major individual anomaly reason was identified.
INV0059,Tech World,Electronics,2026-06-21,26,3874.62,100740.23,0,50436.67067961165,78785.82328290903,15.728155339805824,3009.856310679612,206,50303.55932038835,10.271844660194176,864.763689320388,1,0.1018872046351716,Normal,0.1092221472600911,10.92,Low,No major individual anomaly reason was identified.
INV0060,XYZ Traders,Furniture,2026-09-15,5,200.06,1000.28,0,41375.7582631579,62834.003986022224,14.242105263157894,2716.9371578947366,190,40375.4782631579,9.242105263157894,2516.8771578947367,1,0.0656806301934753,Normal,0.2057913361941279,20.58,Low,No major individual anomaly reason was identified.
INV0061,XYZ Traders,Stationery,2026-04-12,8,2199.52,17596.13,0,41375.7582631579,62834.003986022224,14.242105263157894,2716.9371578947366,190,23779.628263157894,6.242105263157894,517.4171578947366,1,0.1232682423827806,Normal,0.0521952258875788,5.22,Low,No major individual anomaly reason was identified.
INV0062,Tech World,Stationery,2026-07-28,25,15622.51,390562.83,1,50436.67067961165,78785.82328290903,15.728155339805824,3009.856310679612,206,340126.15932038834,9.271844660194176,12612.653689320388,-1,-0.1156342660769711,Anomaly,0.6893894877588825,68.94,Medium,Invoice amount is significantly higher than the vendor average. Unit price is significantly different from the vendor average. Machine learning model identified this invoice as unusual.
INV0063,Prime Stationery,Software,2026-10-18,27,462.25,12480.62,0,49099.6287745098,118131.68858502238,16.75980392156863,2887.2864215686277,204,36619.0087745098,10.24019607843137,2425.0364215686277,1,0.0840383002642076,Normal,0.1568282587203395,15.68,Low,No major individual anomaly reason was identified.
INV0064,XYZ Traders,Stationery,2026-12-20,14,4870.78,68190.85,0,41375.7582631579,62834.003986022224,14.242105263157894,2716.9371578947366,190,26815.091736842107,0.2421052631578941,2153.842842105263,1,0.0740210870841359,Normal,0.1835458968039037,18.35,Low,No major individual anomaly reason was identified.
INV0065,XYZ Traders,Stationery,2026-10-13,23,1285.4,29564.24,0,41375.7582631579,62834.003986022224,14.242105263157894,2716.9371578947366,190,11811.518263157895,8.757894736842106,1431.5371578947363,1,0.1162728155478604,Normal,0.0708532377573146,7.09,Low,No major individual anomaly reason was identified.
INV0066,Tech World,Software,2026-04-26,13,1660.15,21582.0,0,50436.67067961165,78785.82328290903,15.728155339805824,3009.856310679612,206,28854.67067961165,2.728155339805826,1349.7063106796118,1,0.1316139770023905,Normal,0.0299357098824883,2.99,Low,No major individual anomaly reason was identified.
INV0067,XYZ Traders,Software,2026-09-21,15,1658.92,24883.86,0,41375.7582631579,62834.003986022224,14.242105263157894,2716.9371578947366,190,16491.8982631579,0.7578947368421058,1058.0171578947366,1,0.1227737909285963,Normal,0.0535140133352763,5.35,Low,No major individual anomaly reason was identified.
INV0068,XYZ Traders,Furniture,2026-05-30,23,1306.0,30038.0,0,41375.7582631579,62834.003986022224,14.242105263157894,2716.9371578947366,190,11337.7582631579,8.757894736842106,1410.9371578947366,1,0.1134994837175199,Normal,0.0782501928581678,7.83,Low,No major individual anomaly reason was identified.
INV0069,Tech World,Stationery,2026-10-27,17,207.07,3520.26,0,50436.67067961165,78785.82328290903,15.728155339805824,3009.856310679612,206,46916.41067961165,1.2718446601941746,2802.7863106796117,1,0.0808284197765497,Normal,0.1653895645065986,16.54,Low,No major individual anomaly reason was identified.
INV0070,Tech World,Stationery,2026-02-05,15,3700.86,55512.83,0,50436.67067961165,78785.82328290903,15.728155339805824,3009.856310679612,206,5076.159320388353,0.7281553398058254,691.0036893203883,1,0.1049086487309978,Normal,0.1011634338843387,10.12,Low,No major individual anomaly reason was identified.
INV0071,ABC Supplies,Furniture,2026-11-29,20,4840.86,96817.17,0,39308.7219047619,30437.02387711439,14.652380952380952,2675.61380952381,210,57508.4480952381,5.347619047619048,2165.24619047619,1,0.0484070217058646,Normal,0.251863034147736,25.19,Low,No major individual anomaly reason was identified.
INV0072,Prime Stationery,Office Equipment,2026-10-14,18,1276.61,22978.96,0,49099.6287745098,118131.68858502238,16.75980392156863,2887.2864215686277,204,26120.6687745098,1.2401960784313708,1610.6764215686278,1,0.1283534071040391,Normal,0.0386322130839598,3.86,Low,No major individual anomaly reason was identified.
INV0073,Prime Stationery,Office Equipment,2026-10-30,18,3382.63,60887.28,0,49099.6287745098,118131.68858502238,16.75980392156863,2887.2864215686277,204,11787.651225490195,1.2401960784313708,495.3435784313724,1,0.1055885278445624,Normal,0.0993500788353586,9.94,Low,No major individual anomaly reason was identified.
INV0074,XYZ Traders,Office Equipment,2026-11-07,2,3761.1,7522.2,0,41375.7582631579,62834.003986022224,14.242105263157894,2716.9371578947366,190,33853.5582631579,12.242105263157894,1044.1628421052633,1,0.0938638587116868,Normal,0.1306217969180783,13.06,Low,No major individual anomaly reason was identified.
INV0075,Prime Stationery,Furniture,2026-07-27,4,4272.44,17089.77,0,49099.6287745098,118131.68858502238,16.75980392156863,2887.2864215686277,204,32009.8587745098,12.75980392156863,1385.153578431372,1,0.1123130873014078,Normal,0.0814145170568762,8.14,Low,No major individual anomaly reason was identified.
INV0076,XYZ Traders,Stationery,2026-04-16,1,2228.62,2228.62,0,41375.7582631579,62834.003986022224,14.242105263157894,2716.9371578947366,190,39147.138263157896,13.242105263157894,488.31715789473674,1,0.080623546824415,Normal,0.1659359960629456,16.59,Low,No major individual anomaly reason was identified.
INV0077,ABC Supplies,Furniture,2026-06-07,4,1654.07,6616.27,0,39308.7219047619,30437.02387711439,14.652380952380952,2675.61380952381,210,32692.4519047619,10.652380952380952,1021.5438095238098,1,0.1080729426793778,Normal,0.0927237152736758,9.27,Low,No major individual anomaly reason was identified.
INV0078,Tech World,Furniture,2026-05-01,18,1761.42,31705.5,0,50436.67067961165,78785.82328290903,15.728155339805824,3009.856310679612,206,18731.17067961165,2.271844660194174,1248.4363106796118,1,0.1270875928310659,Normal,0.0420083584268171,4.2,Low,No major individual anomaly reason was identified.
INV0079,Tech World,Office Equipment,2026-02-24,5,3620.58,18102.91,0,50436.67067961165,78785.82328290903,15.728155339805824,3009.856310679612,206,32333.76067961165,10.728155339805824,610.7236893203881,1,0.1243621016029359,Normal,0.0492777143768305,4.93,Low,No major individual anomaly reason was identified.
INV0080,Tech World,Electronics,2026-01-12,19,4120.54,78290.29,0,50436.67067961165,78785.82328290903,15.728155339805824,3009.856310679612,206,27853.619320388345,3.271844660194174,1110.683689320388,1,0.1148079764096425,Normal,0.0747602167984919,7.48,Low,No major individual anomaly reason was identified.
INV0081,Prime Stationery,Stationery,2026-05-25,15,1071.75,16076.21,0,49099.6287745098,118131.68858502238,16.75980392156863,2887.2864215686277,204,33023.4187745098,1.7598039215686292,1815.5364215686277,1,0.1238020027435607,Normal,0.0507715947951463,5.08,Low,No major individual anomaly reason was identified.
INV0082,ABC Supplies,Office Equipment,2026-05-16,28,1980.52,55454.47,0,39308.7219047619,30437.02387711439,14.652380952380952,2675.61380952381,210,16145.7480952381,13.347619047619048,695.0938095238098,1,0.0757442909910349,Normal,0.1789498142906251,17.89,Low,No major individual anomaly reason was identified.
INV0083,Prime Stationery,Electronics,2026-01-03,8,4529.31,36234.5,0,49099.6287745098,118131.68858502238,16.75980392156863,2887.2864215686277,204,12865.128774509802,8.75980392156863,1642.0235784313727,1,0.0966417179470188,Normal,0.123212766445977,12.32,Low,No major individual anomaly reason was identified.
INV0084,Prime Stationery,Electronics,2026-05-24,20,4072.13,81442.58,0,49099.6287745098,118131.68858502238,16.75980392156863,2887.2864215686277,204,32342.9512254902,3.240196078431371,1184.8435784313724,1,0.1024058551686732,Normal,0.1078388166873215,10.78,Low,No major individual anomaly reason was identified.
INV0085,ABC Supplies,Software,2026-01-30,17,4927.32,83764.45,0,39308.7219047619,30437.02387711439,14.652380952380952,2675.61380952381,210,44455.7280952381,2.347619047619048,2251.70619047619,1,0.0508725191515984,Normal,0.2452871265308236,24.53,Low,No major individual anomaly reason was identified.
INV0086,ABC Supplies,Stationery,2026-08-25,1,3820.39,3820.39,0,39308.7219047619,30437.02387711439,14.652380952380952,2675.61380952381,210,35488.3319047619,13.652380952380952,1144.77619047619,1,0.0766888545630011,Normal,0.1764305000652958,17.64,Low,No major individual anomaly reason was identified.
INV0087,ABC Supplies,Electronics,2026-10-06,12,2087.34,25048.04,0,39308.7219047619,30437.02387711439,14.652380952380952,2675.61380952381,210,14260.6819047619,2.652380952380952,588.2738095238096,1,0.1295562335552787,Normal,0.0354240671431816,3.54,Low,No major individual anomaly reason was identified.
INV0088,ABC Supplies,Office Equipment,2026-12-14,26,3035.06,78911.6,0,39308.7219047619,30437.02387711439,14.652380952380952,2675.61380952381,210,39602.878095238106,11.347619047619048,359.44619047619017,1,0.0849495574207446,Normal,0.1543977784588384,15.44,Low,No major individual anomaly reason was identified.
INV0089,Tech World,Software,2026-04-25,19,3372.87,64084.5,0,50436.67067961165,78785.82328290903,15.728155339805824,3009.856310679612,206,13647.829320388351,3.271844660194174,363.013689320388,1,0.1251478773937234,Normal,0.0471819145954249,4.72,Low,No major individual anomaly reason was identified.
INV0090,Global Office,Stationery,2026-04-14,15,576.59,8648.82,0,45078.94052631578,49567.56191589249,17.58421052631579,2430.9345263157893,190,36430.12052631578,2.5842105263157897,1854.3445263157892,1,0.0918851640038744,Normal,0.1358993175349269,13.59,Low,No major individual anomaly reason was identified.
INV0091,Global Office,Furniture,2026-04-28,9,2813.59,25322.27,0,45078.94052631578,49567.56191589249,17.58421052631579,2430.9345263157893,190,19756.670526315786,8.58421052631579,382.6554736842109,1,0.1171016187645928,Normal,0.0686426763976739,6.86,Low,No major individual anomaly reason was identified.
INV0092,ABC Supplies,Office Equipment,2026-01-05,7,3604.74,25233.18,0,39308.7219047619,30437.02387711439,14.652380952380952,2675.61380952381,210,14075.5419047619,7.652380952380952,929.12619047619,1,0.1309111778052374,Normal,0.0318101967539778,3.18,Low,No major individual anomaly reason was identified.
INV0093,Global Office,Electronics,2026-12-26,2,1003.14,2006.28,0,45078.94052631578,49567.56191589249,17.58421052631579,2430.9345263157893,190,43072.66052631578,15.58421052631579,1427.7945263157894,1,0.0432537418816381,Normal,0.265607721698254,26.56,Low,No major individual anomaly reason was identified.
INV0094,Global Office,Electronics,2026-09-05,29,3947.03,114463.94,0,45078.94052631578,49567.56191589249,17.58421052631579,2430.9345263157893,190,69384.99947368422,11.41578947368421,1516.095473684211,1,0.0445669877202578,Normal,0.2621050681757364,26.21,Low,Invoice amount is significantly higher than the vendor average.
INV0095,ABC Supplies,Office Equipment,2026-12-30,9,3002.11,27018.98,0,39308.7219047619,30437.02387711439,14.652380952380952,2675.61380952381,210,12289.7419047619,5.652380952380952,326.49619047619035,1,0.1292398143007145,Normal,0.0362680119583859,3.63,Low,No major individual anomaly reason was identified.
INV0096,Global Office,Electronics,2026-11-17,10,4770.66,47706.65,0,45078.94052631578,49567.56191589249,17.58421052631579,2430.9345263157893,190,2627.709473684219,7.58421052631579,2339.7254736842106,1,0.0397513914053491,Normal,0.2749490954700977,27.49,Low,No major individual anomaly reason was identified.
INV0097,Prime Stationery,Software,2026-05-01,2,403.63,807.25,0,49099.6287745098,118131.68858502238,16.75980392156863,2887.2864215686277,204,48292.3787745098,14.75980392156863,2483.6564215686276,1,0.0640693624651921,Normal,0.2100888655814069,21.01,Low,No major individual anomaly reason was identified.
INV0098,XYZ Traders,Stationery,2026-10-13,19,1473.57,27997.74,0,41375.7582631579,62834.003986022224,14.242105263157894,2716.9371578947366,190,13378.018263157895,4.757894736842106,1243.3671578947367,1,0.1230123251288897,Normal,0.0528778014149121,5.29,Low,No major individual anomaly reason was identified.
INV0099,XYZ Traders,Software,2026-05-29,11,3087.46,33962.04,0,41375.7582631579,62834.003986022224,14.242105263157894,2716.9371578947366,190,7413.718263157898,3.242105263157894,370.5228421052634,1,0.1141613368599147,Normal,0.0764849161883898,7.65,Low,No major individual anomaly reason was identified.
INV0100,ABC Supplies,Electronics,2026-03-25,13,1623.49,21105.34,0,39308.7219047619,30437.02387711439,14.652380952380952,2675.61380952381,210,18203.3819047619,1.6523809523809518,1052.1238095238098,1,0.1262080434492851,Normal,0.0443542685753395,4.44,Low,No major individual anomaly reason was identified.
INV0101,Tech World,Furniture,2026-08-19,10,3629.24,36292.36,0,50436.67067961165,78785.82328290903,15.728155339805824,3009.856310679612,206,14144.310679611648,5.728155339805825,619.3836893203879,1,0.1324999481030189,Normal,0.0275726719004098,2.76,Low,No major individual anomaly reason was identified.
INV0102,ABC Supplies,Stationery,2026-10-15,14,3843.23,53805.15,0,39308.7219047619,30437.02387711439,14.652380952380952,2675.61380952381,210,14496.4280952381,0.6523809523809518,1167.6161904761902,1,0.1044250461475082,Normal,0.1024532855196874,10.25,Low,No major individual anomaly reason was identified.
INV0103,Tech World,Stationery,2026-06-10,18,692.08,12457.38,0,50436.67067961165,78785.82328290903,15.728155339805824,3009.856310679612,206,37979.29067961165,2.271844660194174,2317.776310679612,1,0.1089829116255308,Normal,0.0902966708918147,9.03,Low,No major individual anomaly reason was identified.
INV0104,XYZ Traders,Office Equipment,2026-09-29,19,2666.5,50663.53,0,41375.7582631579,62834.003986022224,14.242105263157894,2716.9371578947366,190,9287.7717368421,4.757894736842106,50.43715789473663,1,0.0993324086842916,Normal,0.1160362294170686,11.6,Low,No major individual anomaly reason was identified.
INV0105,ABC Supplies,Office Equipment,2026-02-07,22,2642.67,58138.84,0,39308.7219047619,30437.02387711439,14.652380952380952,2675.61380952381,210,18830.118095238096,7.347619047619048,32.943809523809705,1,0.0976204162992536,Normal,0.1206024088646878,12.06,Low,No major individual anomaly reason was identified.
INV0106,Prime Stationery,Furniture,2026-08-14,9,1972.55,17752.93,0,49099.6287745098,118131.68858502238,16.75980392156863,2887.2864215686277,204,31346.6987745098,7.759803921568629,914.7364215686276,1,0.1332389671353555,Normal,0.025601580471297,2.56,Low,No major individual anomaly reason was identified.
INV0107,Global Office,Stationery,2026-05-22,25,4678.04,116950.98,0,45078.94052631578,49567.56191589249,17.58421052631579,2430.9345263157893,190,71872.03947368421,7.41578947368421,2247.1054736842107,1,0.0388296597835657,Normal,0.2774075129399362,27.74,Low,Invoice amount is significantly higher than the vendor average.
INV0108,Tech World,Furniture,2026-10-19,7,4172.03,29204.21,0,50436.67067961165,78785.82328290903,15.728155339805824,3009.856310679612,206,21232.46067961165,8.728155339805825,1162.173689320388,1,0.1245181422657494,Normal,0.0488615269721674,4.89,Low,No major individual anomaly reason was identified.
INV0109,Global Office,Office Equipment,2026-05-31,28,3546.61,99304.94,0,45078.94052631578,49567.56191589249,17.58421052631579,2430.9345263157893,190,54225.99947368422,10.41578947368421,1115.6754736842108,1,0.0887563827236641,Normal,0.1442443177245596,14.42,Low,No major individual anomaly reason was identified.
INV0110,Global Office,Office Equipment,2026-04-24,3,3628.77,10886.3,0,45078.94052631578,49567.56191589249,17.58421052631579,2430.9345263157893,190,34192.64052631578,14.58421052631579,1197.835473684211,1,0.0668270921819031,Normal,0.2027335240129601,20.27,Low,No major individual anomaly reason was identified.
INV0111,ABC Supplies,Stationery,2026-08-25,20,2416.24,48324.75,0,39308.7219047619,30437.02387711439,14.652380952380952,2675.61380952381,210,9016.0280952381,5.347619047619048,259.37380952381,1,0.1129098113884737,Normal,0.0798229508290865,7.98,Low,No major individual anomaly reason was identified.
INV0112,Global Office,Software,2026-03-07,6,4620.77,27724.64,0,45078.94052631578,49567.56191589249,17.58421052631579,2430.9345263157893,190,17354.300526315783,11.58421052631579,2189.835473684211,1,0.0517804389193112,Normal,0.2428655476618701,24.29,Low,No major individual anomaly reason was identified.
INV0113,Prime Stationery,Electronics,2026-12-27,27,3534.06,95419.57,0,49099.6287745098,118131.68858502238,16.75980392156863,2887.2864215686277,204,46319.941225490205,10.24019607843137,646.7735784313722,1,0.091717448529928,Normal,0.1363466436777735,13.63,Low,No major individual anomaly reason was identified.
INV0114,Global Office,Office Equipment,2026-12-07,21,3699.11,77681.29,0,45078.94052631578,49567.56191589249,17.58421052631579,2430.9345263157893,190,32602.34947368421,3.4157894736842103,1268.1754736842108,1,0.1007254463330958,Normal,0.1123207573522859,11.23,Low,No major individual anomaly reason was identified.
INV0115,ABC Supplies,Office Equipment,2026-09-15,2,4336.12,8672.23,0,39308.7219047619,30437.02387711439,14.652380952380952,2675.61380952381,210,30636.4919047619,12.652380952380952,1660.50619047619,1,0.0832831302060367,Normal,0.1588424277255368,15.88,Low,No major individual anomaly reason was identified.
INV0116,Prime Stationery,Software,2026-09-06,29,1515.54,43950.77,0,49099.6287745098,118131.68858502238,16.75980392156863,2887.2864215686277,204,5148.858774509805,12.24019607843137,1371.7464215686275,1,0.0959275964584017,Normal,0.1251174518247932,12.51,Low,No major individual anomaly reason was identified.
INV0117,XYZ Traders,Software,2026-11-27,6,4073.94,24443.64,0,41375.7582631579,62834.003986022224,14.242105263157894,2716.9371578947366,190,16932.1182631579,8.242105263157894,1357.0028421052634,1,0.1080200792765311,Normal,0.0928647111015308,9.29,Low,No major individual anomaly reason was identified.
INV0118,Global Office,Furniture,2026-11-19,3,1137.15,3411.46,0,45078.94052631578,49567.56191589249,17.58421052631579,2430.9345263157893,190,41667.48052631578,14.58421052631579,1293.7845263157892,1,0.0620894133007416,Normal,0.215369732050824,21.54,Low,No major individual anomaly reason was identified.
INV0119,ABC Supplies,Furniture,2026-06-29,16,1857.64,29722.26,0,39308.7219047619,30437.02387711439,14.652380952380952,2675.61380952381,210,9586.461904761902,1.3476190476190482,817.9738095238097,1,0.1189479353913086,Normal,0.0637182309921996,6.37,Low,No major individual anomaly reason was identified.
INV0120,XYZ Traders,Electronics,2026-07-09,8,1810.93,14487.44,0,41375.7582631579,62834.003986022224,14.242105263157894,2716.9371578947366,190,26888.318263157897,6.242105263157894,906.0071578947366,1,0.1189211153630748,Normal,0.0637897646408163,6.38,Low,No major individual anomaly reason was identified.
INV0121,XYZ Traders,Electronics,2026-06-03,2,4896.92,9793.84,0,41375.7582631579,62834.003986022224,14.242105263157894,2716.9371578947366,190,31581.9182631579,12.242105263157894,2179.982842105263,1,0.0582169277230605,Normal,0.2256983200810894,22.57,Low,No major individual anomaly reason was identified.
INV0122,Tech World,Stationery,2026-07-15,17,4311.38,73293.44,0,50436.67067961165,78785.82328290903,15.728155339805824,3009.856310679612,206,22856.769320388354,1.2718446601941746,1301.5236893203885,1,0.1076826604040307,Normal,0.093764665525578,9.38,Low,No major individual anomaly reason was identified.
INV0123,Prime Stationery,Furniture,2026-11-07,9,3565.62,32090.54,0,49099.6287745098,118131.68858502238,16.75980392156863,2887.2864215686277,204,17009.0887745098,7.759803921568629,678.3335784313722,1,0.1146333039673685,Normal,0.0752260983777253,7.52,Low,No major individual anomaly reason was identified.
INV0124,Global Office,Office Equipment,2026-09-19,12,3689.87,44278.47,0,45078.94052631578,49567.56191589249,17.58421052631579,2430.9345263157893,190,800.4705263157812,5.58421052631579,1258.9354736842106,1,0.085992789252749,Normal,0.1516152989384667,15.16,Low,No major individual anomaly reason was identified.
INV0125,ABC Supplies,Furniture,2026-05-23,3,2897.95,8693.85,0,39308.7219047619,30437.02387711439,14.652380952380952,2675.61380952381,210,30614.8719047619,11.652380952380952,222.33619047619004,1,0.096668844719774,Normal,0.1231404146567298,12.31,Low,No major individual anomaly reason was identified.
INV0126,Tech World,Office Equipment,2026-12-08,11,4746.04,52206.39,0,50436.67067961165,78785.82328290903,15.728155339805824,3009.856310679612,206,1769.7193203883508,4.728155339805825,1736.183689320388,1,0.0967801956898262,Normal,0.1228434223830676,12.28,Low,No major individual anomaly reason was identified.
INV0127,Prime Stationery,Software,2026-11-12,1,2582.04,2582.04,0,49099.6287745098,118131.68858502238,16.75980392156863,2887.2864215686277,204,46517.5887745098,15.75980392156863,305.24642156862774,1,0.0758420956917076,Normal,0.1786889522575955,17.87,Low,No major individual anomaly reason was identified.
INV0128,Tech World,Furniture,2026-04-11,23,2026.49,46609.16,0,50436.67067961165,78785.82328290903,15.728155339805824,3009.856310679612,206,3827.510679611645,7.271844660194175,983.3663106796118,1,0.1062808055054743,Normal,0.0975036547186815,9.75,Low,No major individual anomaly reason was identified.
INV0129,Prime Stationery,Software,2026-09-01,13,982.57,12773.41,0,49099.6287745098,118131.68858502238,16.75980392156863,2887.2864215686277,204,36326.218774509805,3.759803921568629,1904.7164215686275,1,0.1215352388181928,Normal,0.0568174457808618,5.68,Low,No major individual anomaly reason was identified.
INV0130,Prime Stationery,Electronics,2026-01-12,15,3973.79,59606.81,0,49099.6287745098,118131.68858502238,16.75980392156863,2887.2864215686277,204,10507.181225490196,1.7598039215686292,1086.5035784313725,1,0.1104708580711443,Normal,0.0863280606698904,8.63,Low,No major individual anomaly reason was identified.
INV0131,Global Office,Electronics,2026-08-27,26,3725.33,96858.6,0,45078.94052631578,49567.56191589249,17.58421052631579,2430.9345263157893,190,51779.65947368422,8.41578947368421,1294.3954736842106,1,0.0943703500127904,Normal,0.129270897118693,12.93,Low,No major individual anomaly reason was identified.
INV0132,Prime Stationery,Stationery,2026-02-18,5,2044.9,10224.52,0,49099.6287745098,118131.68858502238,16.75980392156863,2887.2864215686277,204,38875.108774509805,11.75980392156863,842.3864215686276,1,0.1236328545607873,Normal,0.0512227422199433,5.12,Low,No major individual anomaly reason was identified.
INV0133,Tech World,Furniture,2026-02-11,21,320.93,6739.5,0,50436.67067961165,78785.82328290903,15.728155339805824,3009.856310679612,206,43697.17067961165,5.271844660194175,2688.926310679612,1,0.0898019524397591,Normal,0.1414556026634351,14.15,Low,No major individual anomaly reason was identified.
INV0134,Prime Stationery,Software,2026-06-15,17,4227.19,71862.18,0,49099.6287745098,118131.68858502238,16.75980392156863,2887.2864215686277,204,22762.55122549019,0.2401960784313708,1339.903578431372,1,0.0991672985859237,Normal,0.1164766065731534,11.65,Low,No major individual anomaly reason was identified.
INV0135,Global Office,Office Equipment,2026-03-23,25,254.81,6370.16,0,45078.94052631578,49567.56191589249,17.58421052631579,2430.9345263157893,190,38708.78052631578,7.41578947368421,2176.12452631579,1,0.0710043139902752,Normal,0.1915921518104711,19.16,Low,No major individual anomaly reason was identified.
INV0136,Global Office,Electronics,2026-10-18,23,3577.76,82288.46,0,45078.94052631578,49567.56191589249,17.58421052631579,2430.9345263157893,190,37209.519473684224,5.41578947368421,1146.825473684211,1,0.1070407253113186,Normal,0.0954768173158924,9.55,Low,No major individual anomaly reason was identified.
INV0137,Tech World,Electronics,2026-06-07,24,4857.23,116573.62,0,50436.67067961165,78785.82328290903,15.728155339805824,3009.856310679612,206,66136.94932038835,8.271844660194175,1847.3736893203877,1,0.0678020422869921,Normal,0.2001331636543404,20.01,Low,No major individual anomaly reason was identified.
INV0138,XYZ Traders,Office Equipment,2026-08-04,25,2300.77,57519.36,0,41375.7582631579,62834.003986022224,14.242105263157894,2716.9371578947366,190,16143.601736842102,10.757894736842106,416.16715789473665,1,0.0811488332454344,Normal,0.1645349664317776,16.45,Low,No major individual anomaly reason was identified.
INV0139,XYZ Traders,Software,2026-06-07,6,1327.87,7967.23,0,41375.7582631579,62834.003986022224,14.242105263157894,2716.9371578947366,190,33408.5282631579,8.242105263157894,1389.0671578947367,1,0.1145469756731691,Normal,0.0754563508520741,7.55,Low,No major individual anomaly reason was identified.
INV0140,Prime Stationery,Software,2026-05-14,28,3583.38,100334.66,0,49099.6287745098,118131.68858502238,16.75980392156863,2887.2864215686277,204,51235.0312254902,11.24019607843137,696.0935784313724,1,0.0823910258416695,Normal,0.1612218241815639,16.12,Low,No major individual anomaly reason was identified.
INV0141,ABC Supplies,Furniture,2026-03-08,21,4122.22,86566.52,0,39308.7219047619,30437.02387711439,14.652380952380952,2675.61380952381,210,47257.798095238104,6.347619047619048,1446.6061904761905,1,0.0954605929814533,Normal,0.1263630307754035,12.64,Low,No major individual anomaly reason was identified.
INV0142,Prime Stationery,Furniture,2026-12-02,22,2822.87,62103.04,0,49099.6287745098,118131.68858502238,16.75980392156863,2887.2864215686277,204,13003.4112254902,5.240196078431371,64.41642156862781,1,0.0933507089320359,Normal,0.1319904560300406,13.2,Low,No major individual anomaly reason was identified.
INV0143,Tech World,Stationery,2026-01-07,11,4841.77,53259.46,0,50436.67067961165,78785.82328290903,15.728155339805824,3009.856310679612,206,2822.7893203883505,4.728155339805825,1831.9136893203888,1,0.09011422972764,Normal,0.1406227051889242,14.06,Low,No major individual anomaly reason was identified.
INV0144,Tech World,Electronics,2026-01-14,18,448.01,8064.18,0,50436.67067961165,78785.82328290903,15.728155339805824,3009.856310679612,206,42372.49067961165,2.271844660194174,2561.8463106796116,1,0.0969034698459299,Normal,0.1225146289124057,12.25,Low,No major individual anomaly reason was identified.
INV0145,Tech World,Furniture,2026-03-14,4,2623.02,10492.08,0,50436.67067961165,78785.82328290903,15.728155339805824,3009.856310679612,206,39944.59067961165,11.728155339805824,386.8363106796118,1,0.12211544127307,Normal,0.0552699456003282,5.53,Low,No major individual anomaly reason was identified.
INV0146,Tech World,Software,2026-06-12,3,3648.58,10945.74,0,50436.67067961165,78785.82328290903,15.728155339805824,3009.856310679612,206,39490.93067961165,12.728155339805824,638.7236893203881,1,0.1170682036189776,Normal,0.0687318003636919,6.87,Low,No major individual anomaly reason was identified.
INV0147,Tech World,Office Equipment,2026-03-07,13,4340.67,56428.77,0,50436.67067961165,78785.82328290903,15.728155339805824,3009.856310679612,206,5992.099320388348,2.728155339805826,1330.8136893203882,1,0.1076850763644723,Normal,0.0937582217417089,9.38,Low,No major individual anomaly reason was identified.
INV0148,Global Office,Software,2026-12-13,23,1060.43,24389.82,0,45078.94052631578,49567.56191589249,17.58421052631579,2430.9345263157893,190,20689.120526315783,5.41578947368421,1370.5045263157892,1,0.1084574864418939,Normal,0.0916980706268556,9.17,Low,No major individual anomaly reason was identified.
INV0149,XYZ Traders,Electronics,2026-05-10,9,4040.02,36360.15,0,41375.7582631579,62834.003986022224,14.242105263157894,2716.9371578947366,190,5015.608263157897,5.242105263157894,1323.0828421052634,1,0.1017226497814182,Normal,0.1096610434828672,10.97,Low,No major individual anomaly reason was identified.
INV0150,Tech World,Software,2026-07-25,21,2852.99,59912.87,0,50436.67067961165,78785.82328290903,15.728155339805824,3009.856310679612,206,9476.199320388354,5.271844660194175,156.86631067961207,1,0.1138512126524172,Normal,0.0773120710255609,7.73,Low,No major individual anomaly reason was identified.
INV0151,ABC Supplies,Stationery,2026-10-03,6,2103.46,12620.75,0,39308.7219047619,30437.02387711439,14.652380952380952,2675.61380952381,210,26687.9719047619,8.652380952380952,572.1538095238097,1,0.1286063641864049,Normal,0.0379575328454711,3.8,Low,No major individual anomaly reason was identified.
INV0152,ABC Supplies,Electronics,2026-09-13,26,832.23,21638.04,0,39308.7219047619,30437.02387711439,14.652380952380952,2675.61380952381,210,17670.6819047619,11.347619047619048,1843.3838095238095,1,0.0778298752701166,Normal,0.1733872007214012,17.34,Low,No major individual anomaly reason was identified.
INV0153,ABC Supplies,Office Equipment,2026-09-23,28,4353.42,121895.75,0,39308.7219047619,30437.02387711439,14.652380952380952,2675.61380952381,210,82587.0280952381,13.347619047619048,1677.8061904761903,1,0.0003622391452544,Normal,0.3800067692547822,38.0,Low,Invoice amount is significantly higher than the vendor average.
INV0154,ABC Supplies,Stationery,2026-01-25,12,954.91,11458.94,0,39308.7219047619,30437.02387711439,14.652380952380952,2675.61380952381,210,27849.781904761898,2.652380952380952,1720.70380952381,1,0.1212361479099695,Normal,0.0576151729028014,5.76,Low,No major individual anomaly reason was identified.
INV0155,Global Office,Electronics,2026-10-08,2,1686.98,3373.96,0,45078.94052631578,49567.56191589249,17.58421052631579,2430.9345263157893,190,41704.98052631578,15.58421052631579,743.9545263157893,1,0.0569125323406667,Normal,0.2291773679078843,22.92,Low,No major individual anomaly reason was identified.
INV0156,ABC Supplies,Office Equipment,2026-09-10,3,1592.22,4776.66,0,39308.7219047619,30437.02387711439,14.652380952380952,2675.61380952381,210,34532.0619047619,11.652380952380952,1083.3938095238098,1,0.1030668850419058,Normal,0.1060757358186236,10.61,Low,No major individual anomaly reason was identified.
INV0157,Tech World,Stationery,2026-11-06,3,4382.79,13148.36,0,50436.67067961165,78785.82328290903,15.728155339805824,3009.856310679612,206,37288.31067961165,12.728155339805824,1372.933689320388,1,0.1122718816030505,Normal,0.0815244197729211,8.15,Low,No major individual anomaly reason was identified.
INV0158,Prime Stationery,Stationery,2026-10-16,28,3428.97,96011.28,0,49099.6287745098,118131.68858502238,16.75980392156863,2887.2864215686277,204,46911.6512254902,11.24019607843137,541.6835784313721,1,0.0860261922583909,Normal,0.1515262073518546,15.15,Low,No major individual anomaly reason was identified.
INV0159,ABC Supplies,Electronics,2026-06-13,12,4024.07,48288.85,0,39308.7219047619,30437.02387711439,14.652380952380952,2675.61380952381,210,8980.128095238098,2.652380952380952,1348.4561904761904,1,0.1111968015483168,Normal,0.084391844005279,8.44,Low,No major individual anomaly reason was identified.
INV0160,Global Office,Furniture,2026-04-05,15,1402.25,21033.69,0,45078.94052631578,49567.56191589249,17.58421052631579,2430.9345263157893,190,24045.250526315784,2.5842105263157897,1028.6845263157893,1,0.1225161059547612,Normal,0.0542013036770847,5.42,Low,No major individual anomaly reason was identified.
INV0161,Global Office,Stationery,2026-09-27,9,3199.4,28794.56,0,45078.94052631578,49567.56191589249,17.58421052631579,2430.9345263157893,190,16284.38052631578,8.58421052631579,768.4654736842108,1,0.1126863615137229,Normal,0.0804189302473229,8.04,Low,No major individual anomaly reason was identified.
INV0162,ABC Supplies,Stationery,2026-11-17,23,2944.38,67720.76,0,39308.7219047619,30437.02387711439,14.652380952380952,2675.61380952381,210,28412.038095238095,8.347619047619048,268.76619047619033,1,0.1044749406722598,Normal,0.1023202082026032,10.23,Low,No major individual anomaly reason was identified.
INV0163,Prime Stationery,Office Equipment,2026-04-20,8,4197.59,33580.69,0,49099.6287745098,118131.68858502238,16.75980392156863,2887.2864215686277,204,15518.9387745098,8.75980392156863,1310.3035784313724,1,0.1172808959906298,Normal,0.0681645130646412,6.82,Low,No major individual anomaly reason was identified.
INV0164,ABC Supplies,Software,2026-12-02,11,4549.22,50041.4,0,39308.7219047619,30437.02387711439,14.652380952380952,2675.61380952381,210,10732.6780952381,3.652380952380952,1873.6061904761905,1,0.0978760580051034,Normal,0.1199205682715827,11.99,Low,No major individual anomaly reason was identified.
INV0165,Global Office,Electronics,2026-11-06,16,258.35,4133.64,0,45078.94052631578,49567.56191589249,17.58421052631579,2430.9345263157893,190,40945.30052631578,1.5842105263157895,2172.5845263157894,1,0.0655989279175249,Normal,0.2060092502786348,20.6,Low,No major individual anomaly reason was identified.
INV0166,XYZ Traders,Electronics,2026-08-26,26,3435.3,89317.69,0,41375.7582631579,62834.003986022224,14.242105263157894,2716.9371578947366,190,47941.9317368421,11.757894736842106,718.3628421052636,1,0.0685858829266521,Normal,0.1980425252553007,19.8,Low,No major individual anomaly reason was identified.
INV0167,Tech World,Furniture,2026-01-25,27,448.81,12117.92,0,50436.67067961165,78785.82328290903,15.728155339805824,3009.856310679612,206,38318.75067961165,11.271844660194176,2561.046310679612,1,0.0722751558268343,Normal,0.1882025970869891,18.82,Low,No major individual anomaly reason was identified.
INV0168,Global Office,Furniture,2026-05-21,25,2834.52,70863.04,0,45078.94052631578,49567.56191589249,17.58421052631579,2430.9345263157893,190,25784.09947368421,7.41578947368421,403.5854736842107,1,0.110611394003,Normal,0.085953227061225,8.6,Low,No major individual anomaly reason was identified.
INV0169,ABC Supplies,Electronics,2026-04-27,22,1580.64,34774.02,0,39308.7219047619,30437.02387711439,14.652380952380952,2675.61380952381,210,4534.701904761903,7.347619047619048,1094.9738095238097,1,0.1050701791367118,Normal,0.1007326043869748,10.07,Low,No major individual anomaly reason was identified.
INV0170,Tech World,Furniture,2026-01-25,4,1672.53,6690.11,0,50436.67067961165,78785.82328290903,15.728155339805824,3009.856310679612,206,43746.56067961165,11.728155339805824,1337.326310679612,1,0.1267384318412717,Normal,0.0429396311062066,4.29,Low,No major individual anomaly reason was identified.
INV0171,ABC Supplies,Office Equipment,2026-03-20,28,1894.2,53037.62,0,39308.7219047619,30437.02387711439,14.652380952380952,2675.61380952381,210,13728.898095238104,13.347619047619048,781.4138095238097,1,0.0726227147121121,Normal,0.1872755974971179,18.73,Low,No major individual anomaly reason was identified.
INV0172,ABC Supplies,Electronics,2026-03-09,1,3182.2,3182.2,0,39308.7219047619,30437.02387711439,14.652380952380952,2675.61380952381,210,36126.5219047619,13.652380952380952,506.5861904761901,1,0.0714166715230821,Normal,0.1904923230332934,19.05,Low,No major individual anomaly reason was identified.
INV0173,XYZ Traders,Furniture,2026-06-22,24,1803.44,43282.56,0,41375.7582631579,62834.003986022224,14.242105263157894,2716.9371578947366,190,1906.8017368420988,9.757894736842106,913.4971578947366,1,0.0801938244802813,Normal,0.1670821397918048,16.71,Low,No major individual anomaly reason was identified.
INV0174,Tech World,Electronics,2026-01-12,7,3716.96,26018.69,0,50436.67067961165,78785.82328290903,15.728155339805824,3009.856310679612,206,24417.98067961165,8.728155339805825,707.1036893203882,1,0.132182211954169,Normal,0.0284201291001753,2.84,Low,No major individual anomaly reason was identified.
INV0175,Tech World,Software,2026-10-15,2,2141.73,4283.46,0,50436.67067961165,78785.82328290903,15.728155339805824,3009.856310679612,206,46153.21067961165,13.728155339805824,868.1263106796118,1,0.1090774553562303,Normal,0.0900445064290553,9.0,Low,No major individual anomaly reason was identified.
INV0176,XYZ Traders,Stationery,2026-05-08,24,528.1,12674.29,0,41375.7582631579,62834.003986022224,14.242105263157894,2716.9371578947366,190,28701.468263157894,9.757894736842106,2188.8371578947367,1,0.0888377152019174,Normal,0.1440273899543956,14.4,Low,No major individual anomaly reason was identified.
INV0177,Global Office,Electronics,2026-04-06,28,3962.05,110937.32,0,45078.94052631578,49567.56191589249,17.58421052631579,2430.9345263157893,190,65858.37947368422,10.41578947368421,1531.1154736842109,1,0.0577898997091819,Normal,0.226837277565697,22.68,Low,No major individual anomaly reason was identified.
INV0178,ABC Supplies,Stationery,2026-04-02,5,1571.64,7858.2,0,39308.7219047619,30437.02387711439,14.652380952380952,2675.61380952381,210,31450.5219047619,9.652380952380952,1103.9738095238097,1,0.121456966044284,Normal,0.0570262127909572,5.7,Low,No major individual anomaly reason was identified.
INV0179,Prime Stationery,Furniture,2026-05-21,7,2277.28,15940.97,0,49099.6287745098,118131.68858502238,16.75980392156863,2887.2864215686277,204,33158.6587745098,9.75980392156863,610.0064215686275,1,0.1361027629907536,Normal,0.0179633421874243,1.8,Low,No major individual anomaly reason was identified.
INV0180,ABC Supplies,Stationery,2026-01-31,4,3490.13,13960.52,0,39308.7219047619,30437.02387711439,14.652380952380952,2675.61380952381,210,25348.2019047619,10.652380952380952,814.5161904761903,1,0.1245464327513992,Normal,0.0487860713595921,4.88,Low,No major individual anomaly reason was identified.
INV0181,ABC Supplies,Electronics,2026-11-30,5,1795.79,8978.95,0,39308.7219047619,30437.02387711439,14.652380952380952,2675.61380952381,210,30329.7719047619,9.652380952380952,879.8238095238098,1,0.1246859000468346,Normal,0.0484140879888729,4.84,Low,No major individual anomaly reason was identified.
INV0182,Global Office,Software,2026-01-20,24,471.61,11318.67,0,45078.94052631578,49567.56191589249,17.58421052631579,2430.9345263157893,190,33760.270526315784,6.41578947368421,1959.3245263157892,1,0.0957198715002944,Normal,0.1256714901737699,12.57,Low,No major individual anomaly reason was identified.
INV0183,ABC Supplies,Furniture,2026-05-26,1,1994.82,1994.82,0,39308.7219047619,30437.02387711439,14.652380952380952,2675.61380952381,210,37313.9019047619,13.652380952380952,680.7938095238098,1,0.0698033417673131,Normal,0.1947953522041044,19.48,Low,No major individual anomaly reason was identified.
INV0184,XYZ Traders,Electronics,2026-11-12,1,4733.35,4733.35,0,41375.7582631579,62834.003986022224,14.242105263157894,2716.9371578947366,190,36642.4082631579,13.242105263157894,2016.4128421052635,1,0.0704934365585587,Normal,0.1929547501779308,19.3,Low,No major individual anomaly reason was identified.
INV0185,XYZ Traders,Furniture,2026-06-09,15,3280.33,49204.88,0,41375.7582631579,62834.003986022224,14.242105263157894,2716.9371578947366,190,7829.121736842099,0.7578947368421058,563.3928421052633,1,0.1062278557508135,Normal,0.0976448808617424,9.76,Low,No major individual anomaly reason was identified.
INV0186,Tech World,Office Equipment,2026-12-15,20,3423.1,68462.0,0,50436.67067961165,78785.82328290903,15.728155339805824,3009.856310679612,206,18025.32932038835,4.271844660194175,413.24368932038806,1,0.1262569022497079,Normal,0.0442239537139676,4.42,Low,No major individual anomaly reason was identified.
INV0187,Prime Stationery,Stationery,2026-02-12,19,3234.95,61464.13,0,49099.6287745098,118131.68858502238,16.75980392156863,2887.2864215686277,204,12364.501225490196,2.240196078431371,347.6635784313721,1,0.1044561445235287,Normal,0.1023703407784139,10.24,Low,No major individual anomaly reason was identified.
INV0188,ABC Supplies,Office Equipment,2026-09-11,29,1155.16,33499.71,0,39308.7219047619,30437.02387711439,14.652380952380952,2675.61380952381,210,5809.011904761901,14.347619047619048,1520.4538095238097,1,0.0475818071150571,Normal,0.2540640240220788,25.41,Low,No major individual anomaly reason was identified.
INV0189,ABC Supplies,Electronics,2026-05-10,10,2208.0,22080.03,0,39308.7219047619,30437.02387711439,14.652380952380952,2675.61380952381,210,17228.6919047619,4.652380952380952,467.6138095238098,1,0.1338798203331074,Normal,0.0238923142817451,2.39,Low,No major individual anomaly reason was identified.
INV0190,Global Office,Software,2026-03-01,28,3804.51,106526.31,0,45078.94052631578,49567.56191589249,17.58421052631579,2430.9345263157893,190,61447.369473684215,10.41578947368421,1373.575473684211,1,0.0731362251870528,Normal,0.1859059763485055,18.59,Low,No major individual anomaly reason was identified.
INV0191,XYZ Traders,Furniture,2026-05-31,18,686.59,12358.62,0,41375.7582631579,62834.003986022224,14.242105263157894,2716.9371578947366,190,29017.138263157896,3.757894736842106,2030.3471578947365,1,0.1069121681989069,Normal,0.0958197013436894,9.58,Low,No major individual anomaly reason was identified.
INV0192,Prime Stationery,Stationery,2026-10-14,168,1533.69,257660.48,1,49099.6287745098,118131.68858502238,16.75980392156863,2887.2864215686277,204,208560.85122549025,151.24019607843138,1353.5964215686276,-1,-0.1497716764905027,Anomaly,0.7804398587695855,78.04,High,Invoice amount is significantly higher than the vendor average. Invoice quantity is significantly higher than the vendor average. Machine learning model identified this invoice as unusual.
INV0193,Tech World,Furniture,2026-01-05,3,1526.33,4579.0,0,50436.67067961165,78785.82328290903,15.728155339805824,3009.856310679612,206,45857.67067961165,12.728155339805824,1483.526310679612,1,0.121348838412274,Normal,0.0573146078652103,5.73,Low,No major individual anomaly reason was identified.
INV0194,XYZ Traders,Electronics,2026-09-23,11,2273.69,25010.6,0,41375.7582631579,62834.003986022224,14.242105263157894,2716.9371578947366,190,16365.1582631579,3.242105263157894,443.2471578947366,1,0.1291275678377013,Normal,0.0365673926664767,3.66,Low,No major individual anomaly reason was identified.
INV0195,Tech World,Furniture,2026-12-11,15,4905.77,73586.55,0,50436.67067961165,78785.82328290903,15.728155339805824,3009.856310679612,206,23149.87932038835,0.7281553398058254,1895.9136893203888,1,0.0801669350557736,Normal,0.1671538585322726,16.72,Low,No major individual anomaly reason was identified.
INV0196,Global Office,Stationery,2026-05-10,27,524.01,14148.33,0,45078.94052631578,49567.56191589249,17.58421052631579,2430.9345263157893,190,30930.61052631578,9.41578947368421,1906.9245263157893,1,0.0885040183780591,Normal,0.1449174170317086,14.49,Low,No major individual anomaly reason was identified.
INV0197,Global Office,Electronics,2026-09-24,11,2689.76,29587.41,0,45078.94052631578,49567.56191589249,17.58421052631579,2430.9345263157893,190,15491.530526315782,6.58421052631579,258.8254736842109,1,0.1209542497368998,Normal,0.0583670440299406,5.84,Low,No major individual anomaly reason was identified.
INV0198,ABC Supplies,Furniture,2026-06-27,17,1060.95,18036.16,0,39308.7219047619,30437.02387711439,14.652380952380952,2675.61380952381,210,21272.5619047619,2.347619047619048,1614.6638095238095,1,0.115785445585907,Normal,0.0721531376418629,7.22,Low,No major individual anomaly reason was identified.
INV0199,Prime Stationery,Software,2026-09-10,17,4859.25,82607.21,0,49099.6287745098,118131.68858502238,16.75980392156863,2887.2864215686277,204,33507.581225490205,0.2401960784313708,1971.9635784313723,1,0.0663469547714076,Normal,0.2040141334333045,20.4,Low,No major individual anomaly reason was identified.
INV0200,Tech World,Electronics,2026-02-25,6,743.86,4463.14,0,50436.67067961165,78785.82328290903,15.728155339805824,3009.856310679612,206,45973.53067961165,9.728155339805824,2265.9963106796117,1,0.1065690826569044,Normal,0.0967347697542491,9.67,Low,No major individual anomaly reason was identified.
INV0201,XYZ Traders,Electronics,2026-03-24,5,2137.28,10686.42,0,41375.7582631579,62834.003986022224,14.242105263157894,2716.9371578947366,190,30689.3382631579,9.242105263157894,579.6571578947364,1,0.1084843189439735,Normal,0.0916265037083372,9.16,Low,No major individual anomaly reason was identified.
INV0202,Global Office,Software,2026-04-09,8,3741.85,29934.78,0,45078.94052631578,49567.56191589249,17.58421052631579,2430.9345263157893,190,15144.160526315783,9.58421052631579,1310.9154736842106,1,0.1053947505378417,Normal,0.0998669163885487,9.99,Low,No major individual anomaly reason was identified.
INV0203,ABC Supplies,Office Equipment,2026-05-29,2,3581.86,7163.72,0,39308.7219047619,30437.02387711439,14.652380952380952,2675.61380952381,210,32145.0019047619,12.652380952380952,906.2461904761903,1,0.0934037907142353,Normal,0.1318488777467257,13.18,Low,No major individual anomaly reason was identified.
INV0204,ABC Supplies,Stationery,2026-11-25,16,2229.1,35665.56,0,39308.7219047619,30437.02387711439,14.652380952380952,2675.61380952381,210,3643.1619047619024,1.3476190476190482,446.5138095238098,1,0.1073201141490232,Normal,0.0947316390196743,9.47,Low,No major individual anomaly reason was identified.
INV0205,Tech World,Office Equipment,2026-06-05,20,1863.32,37266.32,0,50436.67067961165,78785.82328290903,15.728155339805824,3009.856310679612,206,13170.350679611647,4.271844660194175,1146.536310679612,1,0.125628063380657,Normal,0.0459011756133283,4.59,Low,No major individual anomaly reason was identified.
INV0206,Global Office,Furniture,2026-07-09,24,2108.54,50604.95,0,45078.94052631578,49567.56191589249,17.58421052631579,2430.9345263157893,190,5526.009473684215,6.41578947368421,322.39452631578934,1,0.0849755686870885,Normal,0.1543284019179004,15.43,Low,No major individual anomaly reason was identified.
INV0207,Prime Stationery,Software,2026-09-20,12,1468.53,17622.31,0,49099.6287745098,118131.68858502238,16.75980392156863,2887.2864215686277,204,31477.3187745098,4.759803921568629,1418.7564215686275,1,0.1333948239904926,Normal,0.0251858833134608,2.52,Low,No major individual anomaly reason was identified.
INV0208,Global Office,Office Equipment,2026-03-21,6,1185.6,7113.59,0,45078.94052631578,49567.56191589249,17.58421052631579,2430.9345263157893,190,37965.350526315786,11.58421052631579,1245.3345263157894,1,0.0862973071002485,Normal,0.1508030972319418,15.08,Low,No major individual anomaly reason was identified.
INV0209,Tech World,Electronics,2026-09-09,1,2518.59,2518.59,0,50436.67067961165,78785.82328290903,15.728155339805824,3009.856310679612,206,47918.08067961165,14.728155339805824,491.2663106796117,1,0.0849796747193903,Normal,0.1543174504204104,15.43,Low,No major individual anomaly reason was identified.
INV0210,Tech World,Furniture,2026-04-07,4,1488.96,5955.85,0,50436.67067961165,78785.82328290903,15.728155339805824,3009.856310679612,206,44480.82067961165,11.728155339805824,1520.8963106796118,1,0.1235088045877446,Normal,0.0515536049284084,5.16,Low,No major individual anomaly reason was identified.
INV0211,Global Office,Furniture,2026-09-17,17,1579.82,26856.87,0,45078.94052631578,49567.56191589249,17.58421052631579,2430.9345263157893,190,18222.070526315783,0.5842105263157897,851.1145263157894,1,0.1114923894455761,Normal,0.0836034600187461,8.36,Low,No major individual anomaly reason was identified.
INV0212,Tech World,Office Equipment,2026-09-17,13,3352.43,43581.58,0,50436.67067961165,78785.82328290903,15.728155339805824,3009.856310679612,206,6855.090679611647,2.728155339805826,342.573689320388,1,0.1239177865861861,Normal,0.0504627792845266,5.05,Low,No major individual anomaly reason was identified.
INV0213,Global Office,Office Equipment,2026-04-13,18,4848.98,87281.63,0,45078.94052631578,49567.56191589249,17.58421052631579,2430.9345263157893,190,42202.68947368422,0.4157894736842102,2418.0454736842103,1,0.0442486214498748,Normal,0.2629542060184879,26.3,Low,No major individual anomaly reason was identified.
INV0214,XYZ Traders,Software,2026-02-09,5,3097.46,15487.29,0,41375.7582631579,62834.003986022224,14.242105263157894,2716.9371578947366,190,25888.468263157894,9.242105263157894,380.5228421052634,1,0.1010547486796739,Normal,0.1114424511050509,11.14,Low,No major individual anomaly reason was identified.
INV0215,Global Office,Stationery,2026-09-30,24,569.5,13668.03,0,45078.94052631578,49567.56191589249,17.58421052631579,2430.9345263157893,190,31410.910526315783,6.41578947368421,1861.4345263157893,1,0.0966637565478051,Normal,0.1231539856903824,12.32,Low,No major individual anomaly reason was identified.
INV0216,Global Office,Office Equipment,2026-04-11,24,562.8,13507.23,0,45078.94052631578,49567.56191589249,17.58421052631579,2430.9345263157893,190,31571.710526315783,6.41578947368421,1868.1345263157891,1,0.0971535877382649,Normal,0.1218475212842158,12.18,Low,No major individual anomaly reason was identified.
INV0217,Tech World,Office Equipment,2026-12-25,27,4766.83,128704.45,0,50436.67067961165,78785.82328290903,15.728155339805824,3009.856310679612,206,78267.77932038835,11.271844660194176,1756.973689320388,1,0.0381488259703667,Normal,0.2792234143377713,27.92,Low,Invoice amount is significantly higher than the vendor average.
INV0218,Tech World,Electronics,2026-11-04,3,1627.0,4880.99,0,50436.67067961165,78785.82328290903,15.728155339805824,3009.856310679612,206,45555.68067961165,12.728155339805824,1382.856310679612,1,0.1213329348435038,Normal,0.0573570254305552,5.74,Low,No major individual anomaly reason was identified.
INV0219,ABC Supplies,Furniture,2026-08-09,11,641.92,7061.14,0,39308.7219047619,30437.02387711439,14.652380952380952,2675.61380952381,210,32247.5819047619,3.652380952380952,2033.6938095238097,1,0.103222941678714,Normal,0.1056595058085571,10.57,Low,No major individual anomaly reason was identified.
INV0220,ABC Supplies,Stationery,2026-11-04,13,3075.41,39980.38,0,39308.7219047619,30437.02387711439,14.652380952380952,2675.61380952381,210,671.6580952380973,1.6523809523809518,399.7961904761901,1,0.1087815128602577,Normal,0.0908338361916157,9.08,Low,No major individual anomaly reason was identified.
INV0221,XYZ Traders,Electronics,2026-05-04,4,3193.51,12774.06,0,41375.7582631579,62834.003986022224,14.242105263157894,2716.9371578947366,190,28601.6982631579,10.242105263157894,476.5728421052636,1,0.0997385364811896,Normal,0.1149530164217834,11.5,Low,No major individual anomaly reason was identified.
INV0222,ABC Supplies,Software,2026-08-19,26,3312.82,86133.4,0,39308.7219047619,30437.02387711439,14.652380952380952,2675.61380952381,210,46824.678095238094,11.347619047619048,637.2061904761904,1,0.0860568378719241,Normal,0.1514444702063521,15.14,Low,No major individual anomaly reason was identified.
INV0223,Global Office,Software,2026-06-27,27,1483.53,40055.3,0,45078.94052631578,49567.56191589249,17.58421052631579,2430.9345263157893,190,5023.640526315779,9.41578947368421,947.4045263157892,1,0.0765619504392736,Normal,0.1767689752867085,17.68,Low,No major individual anomaly reason was identified.
INV0224,Tech World,Office Equipment,2026-03-04,14,272.53,3815.44,0,50436.67067961165,78785.82328290903,15.728155339805824,3009.856310679612,206,46621.230679611646,1.7281553398058254,2737.326310679612,1,0.0895477538448655,Normal,0.142133594230314,14.21,Low,No major individual anomaly reason was identified.
INV0225,ABC Supplies,Office Equipment,2026-04-26,22,4832.07,106305.62,0,39308.7219047619,30437.02387711439,14.652380952380952,2675.61380952381,210,66996.8980952381,7.347619047619048,2156.45619047619,1,0.0351556843208523,Normal,0.2872066401997964,28.72,Low,Invoice amount is significantly higher than the vendor average.
INV0226,ABC Supplies,Software,2026-07-10,11,1404.29,15447.15,0,39308.7219047619,30437.02387711439,14.652380952380952,2675.61380952381,210,23861.5719047619,3.652380952380952,1271.3238095238098,1,0.1284342645759537,Normal,0.0384165522377612,3.84,Low,No major individual anomaly reason was identified.
INV0227,XYZ Traders,Office Equipment,2026-03-03,27,3444.93,93013.01,0,41375.7582631579,62834.003986022224,14.242105263157894,2716.9371578947366,190,51637.251736842096,12.757894736842106,727.9928421052632,1,0.0630278105573738,Normal,0.2128668644537575,21.29,Low,No major individual anomaly reason was identified.
INV0228,XYZ Traders,Stationery,2026-09-13,10,3591.82,35918.23,0,41375.7582631579,62834.003986022224,14.242105263157894,2716.9371578947366,190,5457.528263157896,4.242105263157894,874.8828421052635,1,0.1046729220706625,Normal,0.1017921576106157,10.18,Low,No major individual anomaly reason was identified.
INV0229,Global Office,Office Equipment,2026-01-07,19,3128.04,59432.68,0,45078.94052631578,49567.56191589249,17.58421052631579,2430.9345263157893,190,14353.739473684218,1.4157894736842105,697.1054736842107,1,0.1011142760527056,Normal,0.1112836813174726,11.13,Low,No major individual anomaly reason was identified.
INV0230,Tech World,Furniture,2026-06-04,18,1701.96,30635.2,0,50436.67067961165,78785.82328290903,15.728155339805824,3009.856310679612,206,19801.470679611648,2.271844660194174,1307.8963106796118,1,0.1278216536129783,Normal,0.0400504915081526,4.01,Low,No major individual anomaly reason was identified.
INV0231,XYZ Traders,Office Equipment,2026-04-02,6,1501.26,9007.57,0,41375.7582631579,62834.003986022224,14.242105263157894,2716.9371578947366,190,32368.1882631579,8.242105263157894,1215.6771578947366,1,0.1145894963273653,Normal,0.0753429409216405,7.53,Low,No major individual anomaly reason was identified.
INV0232,ABC Supplies,Electronics,2026-01-14,27,3068.81,82857.81,0,39308.7219047619,30437.02387711439,14.652380952380952,2675.61380952381,210,43549.0880952381,12.347619047619048,393.19619047619017,1,0.072110108806871,Normal,0.1886428060020717,18.86,Low,No major individual anomaly reason was identified.
INV0233,Tech World,Stationery,2026-08-17,29,4357.26,126360.51,0,50436.67067961165,78785.82328290903,15.728155339805824,3009.856310679612,206,75923.83932038835,13.271844660194176,1347.4036893203884,1,0.0418813061111479,Normal,0.269268244994478,26.93,Low,Invoice amount is significantly higher than the vendor average.
INV0234,Tech World,Electronics,2026-03-27,60,14933.53,896011.52,1,50436.67067961165,78785.82328290903,15.728155339805824,3009.856310679612,206,845574.8493203884,44.271844660194176,11923.673689320389,-1,-0.2081669088078764,Anomaly,0.9361900314788056,93.62,High,Invoice amount is significantly higher than the vendor average. Invoice quantity is significantly higher than the vendor average. Unit price is significantly different from the vendor average. Machine learning model identified this invoice as unusual.
INV0235,ABC Supplies,Electronics,2026-05-13,21,708.35,14875.31,0,39308.7219047619,30437.02387711439,14.652380952380952,2675.61380952381,210,24433.411904761902,6.347619047619048,1967.26380952381,1,0.1014749134158564,Normal,0.1103217991677303,11.03,Low,No major individual anomaly reason was identified.
INV0236,XYZ Traders,Furniture,2026-07-02,10,943.18,9431.77,0,41375.7582631579,62834.003986022224,14.242105263157894,2716.9371578947366,190,31943.9882631579,4.242105263157894,1773.7571578947368,1,0.1289948712977412,Normal,0.0369213172626556,3.69,Low,No major individual anomaly reason was identified.
INV0237,ABC Supplies,Stationery,2026-03-03,5,4734.73,23673.67,0,39308.7219047619,30437.02387711439,14.652380952380952,2675.61380952381,210,15635.051904761902,9.652380952380952,2059.11619047619,1,0.0867487183060023,Normal,0.1495991055622638,14.96,Low,No major individual anomaly reason was identified.
INV0238,Tech World,Stationery,2026-08-07,26,3735.37,97119.6,0,50436.67067961165,78785.82328290903,15.728155339805824,3009.856310679612,206,46682.92932038836,10.271844660194176,725.513689320388,1,0.1048962756444941,Normal,0.1011964350435674,10.12,Low,No major individual anomaly reason was identified.
INV0239,Prime Stationery,Stationery,2026-09-03,29,4438.37,128712.74,0,49099.6287745098,118131.68858502238,16.75980392156863,2887.2864215686277,204,79613.1112254902,12.24019607843137,1551.0835784313722,1,0.0157813592677782,Normal,0.3388813121445997,33.89,Low,Invoice amount is significantly higher than the vendor average.
INV0240,Prime Stationery,Stationery,2026-08-18,5,1172.64,5863.18,0,49099.6287745098,118131.68858502238,16.75980392156863,2887.2864215686277,204,43236.4487745098,11.75980392156863,1714.6464215686276,1,0.1134650808168387,Normal,0.0783419513375874,7.83,Low,No major individual anomaly reason was identified.
INV0241,Global Office,Stationery,2026-03-20,10,3020.41,30204.12,0,45078.94052631578,49567.56191589249,17.58421052631579,2430.9345263157893,190,14874.820526315783,7.58421052631579,589.4754736842106,1,0.1166938294426314,Normal,0.0697303209673413,6.97,Low,No major individual anomaly reason was identified.
INV0242,ABC Supplies,Furniture,2026-05-29,28,3565.47,99833.16,0,39308.7219047619,30437.02387711439,14.652380952380952,2675.61380952381,210,60524.4380952381,13.347619047619048,889.85619047619,1,0.0547822262389814,Normal,0.2348592623039492,23.49,Low,Invoice amount is significantly higher than the vendor average.
INV0243,ABC Supplies,Office Equipment,2026-05-18,5,3464.54,17322.69,0,39308.7219047619,30437.02387711439,14.652380952380952,2675.61380952381,210,21986.0319047619,9.652380952380952,788.9261904761902,1,0.1261350508212007,Normal,0.0445489525243451,4.45,Low,No major individual anomaly reason was identified.
INV0244,Global Office,Electronics,2026-11-10,3,2159.13,6477.38,0,45078.94052631578,49567.56191589249,17.58421052631579,2430.9345263157893,190,38601.560526315785,14.58421052631579,271.8045263157892,1,0.0654777551723314,Normal,0.2063324389233681,20.63,Low,No major individual anomaly reason was identified.
INV0245,Global Office,Stationery,2026-03-06,23,273.9,6299.6,0,45078.94052631578,49567.56191589249,17.58421052631579,2430.9345263157893,190,38779.340526315784,5.41578947368421,2157.034526315789,1,0.0778810485909838,Normal,0.1732507126341571,17.33,Low,No major individual anomaly reason was identified.
INV0246,Global Office,Office Equipment,2026-01-13,6,2998.05,17988.27,0,45078.94052631578,49567.56191589249,17.58421052631579,2430.9345263157893,190,27090.670526315786,11.58421052631579,567.1154736842109,1,0.0996104770016746,Normal,0.1152945731766759,11.53,Low,No major individual anomaly reason was identified.
INV0247,Tech World,Office Equipment,2026-08-01,4,1414.89,5659.55,0,50436.67067961165,78785.82328290903,15.728155339805824,3009.856310679612,206,44777.120679611646,11.728155339805824,1594.9663106796118,1,0.1205596486340342,Normal,0.0594195133409374,5.94,Low,No major individual anomaly reason was identified.
INV0248,ABC Supplies,Electronics,2026-08-30,18,2361.22,42501.97,0,39308.7219047619,30437.02387711439,14.652380952380952,2675.61380952381,210,3193.248095238101,3.347619047619048,314.39380952381,1,0.1053038035951322,Normal,0.1001094875963725,10.01,Low,No major individual anomaly reason was identified.
INV0249,Tech World,Furniture,2026-08-01,28,4796.39,134298.89,0,50436.67067961165,78785.82328290903,15.728155339805824,3009.856310679612,206,83862.21932038837,12.271844660194176,1786.5336893203885,1,0.0278091028522318,Normal,0.3068012421416329,30.68,Low,Invoice amount is significantly higher than the vendor average.
INV0250,Global Office,Software,2026-06-30,9,2115.37,19038.33,0,45078.94052631578,49567.56191589249,17.58421052631579,2430.9345263157893,190,26040.61052631578,8.58421052631579,315.5645263157894,1,0.1150572702977431,Normal,0.0740953069319467,7.41,Low,No major individual anomaly reason was identified.
INV0251,ABC Supplies,Software,2026-12-04,17,4231.05,71927.81,0,39308.7219047619,30437.02387711439,14.652380952380952,2675.61380952381,210,32619.088095238098,2.347619047619048,1555.4361904761904,1,0.0969798069679855,Normal,0.122311024620198,12.23,Low,No major individual anomaly reason was identified.
INV0252,Tech World,Office Equipment,2026-06-22,29,1104.99,32044.85,0,50436.67067961165,78785.82328290903,15.728155339805824,3009.856310679612,206,18391.82067961165,13.271844660194176,1904.866310679612,1,0.0756891756669417,Normal,0.1790968163814771,17.91,Low,No major individual anomaly reason was identified.
INV0253,Tech World,Electronics,2026-06-09,13,3427.81,44561.54,0,50436.67067961165,78785.82328290903,15.728155339805824,3009.856310679612,206,5875.130679611648,2.728155339805826,417.9536893203881,1,0.1225617223625564,Normal,0.054079636836993,5.41,Low,No major individual anomaly reason was identified.
INV0254,Global Office,Software,2026-06-13,27,4889.63,132020.1,0,45078.94052631578,49567.56191589249,17.58421052631579,2430.9345263157893,190,86941.15947368422,9.41578947368421,2458.695473684211,1,3.6020020371951844e-05,Normal,0.3808768520171103,38.09,Low,Invoice amount is significantly higher than the vendor average.
INV0255,ABC Supplies,Office Equipment,2026-07-07,15,689.09,10336.3,0,39308.7219047619,30437.02387711439,14.652380952380952,2675.61380952381,210,28972.4219047619,0.3476190476190481,1986.5238095238096,1,0.0943874142895119,Normal,0.1292253837447229,12.92,Low,No major individual anomaly reason was identified.
INV0256,Global Office,Furniture,2026-07-10,20,239.94,4798.71,0,45078.94052631578,49567.56191589249,17.58421052631579,2430.9345263157893,190,40280.23052631578,2.4157894736842103,2190.9945263157892,1,0.064906492943627,Normal,0.2078560939762223,20.79,Low,No major individual anomaly reason was identified.
INV0257,ABC Supplies,Software,2026-11-04,17,2281.2,38780.36,0,39308.7219047619,30437.02387711439,14.652380952380952,2675.61380952381,210,528.3619047618995,2.347619047619048,394.4138095238099,1,0.1114067798394192,Normal,0.083831795627928,8.38,Low,No major individual anomaly reason was identified.
INV0258,Prime Stationery,Office Equipment,2026-09-13,13,644.6,8379.83,0,49099.6287745098,118131.68858502238,16.75980392156863,2887.2864215686277,204,40719.7987745098,3.759803921568629,2242.686421568628,1,0.0970237619950121,Normal,0.1221937889696294,12.22,Low,No major individual anomaly reason was identified.
INV0259,XYZ Traders,Office Equipment,2026-07-02,16,3792.24,60675.92,0,41375.7582631579,62834.003986022224,14.242105263157894,2716.9371578947366,190,19300.1617368421,1.7578947368421058,1075.3028421052632,1,0.1180350611397779,Normal,0.0661530243254116,6.62,Low,No major individual anomaly reason was identified.
INV0260,XYZ Traders,Stationery,2026-04-27,22,4589.83,100976.34,0,41375.7582631579,62834.003986022224,14.242105263157894,2716.9371578947366,190,59600.5817368421,7.757894736842106,1872.8928421052633,1,0.0735855939494819,Normal,0.1847074322280185,18.47,Low,No major individual anomaly reason was identified.
INV0261,XYZ Traders,Furniture,2026-10-09,4,2283.3,9133.2,0,41375.7582631579,62834.003986022224,14.242105263157894,2716.9371578947366,190,32242.5582631579,10.242105263157894,433.6371578947365,1,0.1042947386864341,Normal,0.10280083802975,10.28,Low,No major individual anomaly reason was identified.
INV0262,Global Office,Stationery,2026-07-15,5,1441.82,7209.08,0,45078.94052631578,49567.56191589249,17.58421052631579,2430.9345263157893,190,37869.86052631578,12.58421052631579,989.1145263157894,1,0.0889114964916262,Normal,0.1438306025085917,14.38,Low,No major individual anomaly reason was identified.
INV0263,Prime Stationery,Electronics,2026-02-03,5,2285.14,11425.68,0,49099.6287745098,118131.68858502238,16.75980392156863,2887.2864215686277,204,37673.9487745098,11.75980392156863,602.1464215686278,1,0.1248973086946698,Normal,0.0478502246030129,4.79,Low,No major individual anomaly reason was identified.
INV0264,ABC Supplies,Stationery,2026-02-21,9,3672.55,33052.95,0,39308.7219047619,30437.02387711439,14.652380952380952,2675.61380952381,210,6255.771904761903,5.652380952380952,996.9361904761904,1,0.1196342347639622,Normal,0.0618877520030917,6.19,Low,No major individual anomaly reason was identified.
INV0265,Tech World,Stationery,2026-04-22,17,243.46,4138.82,0,50436.67067961165,78785.82328290903,15.728155339805824,3009.856310679612,206,46297.85067961165,1.2718446601941746,2766.396310679612,1,0.0835228755996645,Normal,0.158202985343309,15.82,Low,No major individual anomaly reason was identified.
INV0266,ABC Supplies,Software,2026-09-09,13,3029.38,39381.93,0,39308.7219047619,30437.02387711439,14.652380952380952,2675.61380952381,210,73.20809523810021,1.6523809523809518,353.76619047619033,1,0.1058931251199655,Normal,0.0985376652808932,9.85,Low,No major individual anomaly reason was identified.
INV0267,Tech World,Office Equipment,2026-03-23,2,3143.8,6287.6,0,50436.67067961165,78785.82328290903,15.728155339805824,3009.856310679612,206,44149.07067961165,13.728155339805824,133.94368932038833,1,0.0952311543628792,Normal,0.1269749832080073,12.7,Low,No major individual anomaly reason was identified.
INV0268,ABC Supplies,Furniture,2026-08-20,13,3260.9,42391.75,0,39308.7219047619,30437.02387711439,14.652380952380952,2675.61380952381,210,3083.0280952381,1.6523809523809518,585.2861904761903,1,0.1087160949217078,Normal,0.0910083171350607,9.1,Low,No major individual anomaly reason was identified.
INV0269,Prime Stationery,Stationery,2026-08-15,22,1361.71,29957.53,0,49099.6287745098,118131.68858502238,16.75980392156863,2887.2864215686277,204,19142.098774509803,5.240196078431371,1525.5764215686277,1,0.1238047019698599,Normal,0.0507643954922991,5.08,Low,No major individual anomaly reason was identified.
INV0270,Tech World,Furniture,2026-08-21,21,3627.45,76176.51,0,50436.67067961165,78785.82328290903,15.728155339805824,3009.856310679612,206,25739.839320388342,5.271844660194175,617.593689320388,1,0.1286622700527048,Normal,0.037808422241983,3.78,Low,No major individual anomaly reason was identified.
INV0271,Global Office,Stationery,2026-08-09,27,638.68,17244.34,0,45078.94052631578,49567.56191589249,17.58421052631579,2430.9345263157893,190,27834.600526315782,9.41578947368421,1792.2545263157897,1,0.0885033050166797,Normal,0.1449193196897448,14.49,Low,No major individual anomaly reason was identified.
INV0272,ABC Supplies,Electronics,2026-02-11,23,1156.5,26599.45,0,39308.7219047619,30437.02387711439,14.652380952380952,2675.61380952381,210,12709.2719047619,8.347619047619048,1519.1138095238098,1,0.1058276454716997,Normal,0.0987123108148112,9.87,Low,No major individual anomaly reason was identified.
INV0273,ABC Supplies,Stationery,2026-01-21,19,4411.86,83825.27,0,39308.7219047619,30437.02387711439,14.652380952380952,2675.61380952381,210,44516.548095238104,4.347619047619048,1736.24619047619,1,0.0860274422934059,Normal,0.1515228732925187,15.15,Low,No major individual anomaly reason was identified.
INV0274,Tech World,Software,2026-02-11,3,3745.87,11237.61,0,50436.67067961165,78785.82328290903,15.728155339805824,3009.856310679612,206,39199.06067961165,12.728155339805824,736.013689320388,1,0.1170481175978932,Normal,0.0687853732519019,6.88,Low,No major individual anomaly reason was identified.
INV0275,Global Office,Office Equipment,2026-04-23,10,265.98,2659.79,0,45078.94052631578,49567.56191589249,17.58421052631579,2430.9345263157893,190,42419.15052631578,7.58421052631579,2164.9545263157893,1,0.0623122224926813,Normal,0.2147754614443265,21.48,Low,No major individual anomaly reason was identified.
INV0276,Global Office,Electronics,2026-04-15,2,1392.21,2784.41,0,45078.94052631578,49567.56191589249,17.58421052631579,2430.9345263157893,190,42294.53052631578,15.58421052631579,1038.7245263157893,1,0.062365401567508,Normal,0.2146336236647667,21.46,Low,No major individual anomaly reason was identified.
INV0277,Prime Stationery,Stationery,2026-07-11,78,1229.15,95873.79,1,49099.6287745098,118131.68858502238,16.75980392156863,2887.2864215686277,204,46774.16122549019,61.24019607843137,1658.1364215686276,-1,-0.0205020189357453,Anomaly,0.4356553499797299,43.57,Low,Invoice quantity is significantly higher than the vendor average. Machine learning model identified this invoice as unusual.
INV0278,Global Office,Furniture,2026-01-17,19,1499.87,28497.54,0,45078.94052631578,49567.56191589249,17.58421052631579,2430.9345263157893,190,16581.40052631578,1.4157894736842105,931.0645263157894,1,0.115589999274101,Normal,0.0726744267199459,7.27,Low,No major individual anomaly reason was identified.
INV0279,Global Office,Electronics,2026-04-30,26,1388.29,36095.46,0,45078.94052631578,49567.56191589249,17.58421052631579,2430.9345263157893,190,8983.480526315783,8.41578947368421,1042.644526315789,1,0.097906983506341,Normal,0.1198380846172204,11.98,Low,No major individual anomaly reason was identified.
INV0280,Global Office,Electronics,2026-05-09,17,500.13,8502.15,0,45078.94052631578,49567.56191589249,17.58421052631579,2430.9345263157893,190,36576.79052631578,0.5842105263157897,1930.8045263157892,1,0.0797346661120227,Normal,0.1683067944822509,16.83,Low,No major individual anomaly reason was identified.
INV0281,XYZ Traders,Stationery,2026-05-10,21,2402.91,50461.2,0,41375.7582631579,62834.003986022224,14.242105263157894,2716.9371578947366,190,9085.441736842098,6.757894736842106,314.0271578947368,1,0.1024577820780321,Normal,0.1077003186493832,10.77,Low,No major individual anomaly reason was identified.
INV0282,Prime Stationery,Electronics,2026-03-01,14,3717.12,52039.69,0,49099.6287745098,118131.68858502238,16.75980392156863,2887.2864215686277,204,2940.0612254902007,2.759803921568629,829.8335784313722,1,0.1018313373557061,Normal,0.1093711549458257,10.94,Low,No major individual anomaly reason was identified.
INV0283,ABC Supplies,Furniture,2026-02-17,12,3112.31,37347.75,0,39308.7219047619,30437.02387711439,14.652380952380952,2675.61380952381,210,1960.9719047619,2.652380952380952,436.69619047619017,1,0.1096815038154108,Normal,0.0884334048355077,8.84,Low,No major individual anomaly reason was identified.
INV0284,Tech World,Electronics,2026-01-29,21,3429.78,72025.46,0,50436.67067961165,78785.82328290903,15.728155339805824,3009.856310679612,206,21588.78932038836,5.271844660194175,419.92368932038835,1,0.1260774785676123,Normal,0.0447025076706097,4.47,Low,No major individual anomaly reason was identified.
INV0285,ABC Supplies,Furniture,2026-04-07,12,589.52,7074.19,0,39308.7219047619,30437.02387711439,14.652380952380952,2675.61380952381,210,32234.5319047619,2.652380952380952,2086.09380952381,1,0.0985077153838289,Normal,0.1182358289200059,11.82,Low,No major individual anomaly reason was identified.
INV0286,Prime Stationery,Stationery,2026-01-10,11,4767.16,52438.71,0,49099.6287745098,118131.68858502238,16.75980392156863,2887.2864215686277,204,3339.0812254901975,5.759803921568629,1879.873578431372,1,0.0781013262563053,Normal,0.1726631940464864,17.27,Low,No major individual anomaly reason was identified.
INV0287,Tech World,Office Equipment,2026-08-30,7,4224.76,29573.33,0,50436.67067961165,78785.82328290903,15.728155339805824,3009.856310679612,206,20863.340679611647,8.728155339805825,1214.9036893203884,1,0.12276433124191,Normal,0.053539243953885,5.35,Low,No major individual anomaly reason was identified.
INV0288,Prime Stationery,Electronics,2026-11-10,4,4064.43,16257.73,0,49099.6287745098,118131.68858502238,16.75980392156863,2887.2864215686277,204,32841.8987745098,12.75980392156863,1177.143578431372,1,0.1163935197296788,Normal,0.0705312988520497,7.05,Low,No major individual anomaly reason was identified.
INV0289,Global Office,Office Equipment,2026-08-20,19,4150.32,78856.12,0,45078.94052631578,49567.56191589249,17.58421052631579,2430.9345263157893,190,33777.17947368421,1.4157894736842105,1719.3854736842104,1,0.0877782321539066,Normal,0.1468532142753492,14.69,Low,No major individual anomaly reason was identified.
INV0290,Tech World,Furniture,2026-10-04,1,4677.01,4677.01,0,50436.67067961165,78785.82328290903,15.728155339805824,3009.856310679612,206,45759.66067961165,14.728155339805824,1667.1536893203884,1,0.0782826740386234,Normal,0.1721795081821513,17.22,Low,No major individual anomaly reason was identified.
INV0291,Global Office,Electronics,2026-10-11,28,2812.42,78747.73,0,45078.94052631578,49567.56191589249,17.58421052631579,2430.9345263157893,190,33668.78947368421,10.41578947368421,381.4854736842108,1,0.0908519748862773,Normal,0.1386550114010366,13.87,Low,No major individual anomaly reason was identified.
INV0292,ABC Supplies,Software,2026-07-22,24,1161.35,27872.49,0,39308.7219047619,30437.02387711439,14.652380952380952,2675.61380952381,210,11436.231904761898,9.347619047619048,1514.26380952381,1,0.098709980612265,Normal,0.1176963526132626,11.77,Low,No major individual anomaly reason was identified.
INV0293,ABC Supplies,Office Equipment,2026-09-04,29,3160.56,91656.28,0,39308.7219047619,30437.02387711439,14.652380952380952,2675.61380952381,210,52347.5580952381,14.347619047619048,484.94619047619017,1,0.0527134557736128,Normal,0.2403770305273154,24.04,Low,No major individual anomaly reason was identified.
INV0294,Tech World,Electronics,2026-10-17,3,3765.83,11297.49,0,50436.67067961165,78785.82328290903,15.728155339805824,3009.856310679612,206,39139.18067961165,12.728155339805824,755.9736893203881,1,0.1161999141154675,Normal,0.0710476784716563,7.1,Low,No major individual anomaly reason was identified.
INV0295,Tech World,Office Equipment,2026-09-21,13,3742.0,48646.05,0,50436.67067961165,78785.82328290903,15.728155339805824,3009.856310679612,206,1790.6206796116458,2.728155339805826,732.1436893203881,1,0.1226942832347527,Normal,0.0537260740901775,5.37,Low,No major individual anomaly reason was identified.
INV0296,Prime Stationery,Electronics,2026-08-02,15,2702.96,40544.33,0,49099.6287745098,118131.68858502238,16.75980392156863,2887.2864215686277,204,8555.2987745098,1.7598039215686292,184.3264215686277,1,0.1080644079576367,Normal,0.0927464788509825,9.27,Low,No major individual anomaly reason was identified.
INV0297,Prime Stationery,Stationery,2026-07-19,2,528.6,1057.2,0,49099.6287745098,118131.68858502238,16.75980392156863,2887.2864215686277,204,48042.428774509804,14.75980392156863,2358.686421568628,1,0.0702317987947307,Normal,0.193652583293518,19.37,Low,No major individual anomaly reason was identified.
INV0298,Global Office,Office Equipment,2026-03-20,11,1981.34,21794.76,0,45078.94052631578,49567.56191589249,17.58421052631579,2430.9345263157893,190,23284.180526315784,6.58421052631579,449.5945263157894,1,0.1264723858835431,Normal,0.0436492216364679,4.36,Low,No major individual anomaly reason was identified.
INV0299,Tech World,Software,2026-12-09,4,4619.68,18478.72,0,50436.67067961165,78785.82328290903,15.728155339805824,3009.856310679612,206,31957.950679611648,11.728155339805824,1609.8236893203884,1,0.1044249460492266,Normal,0.102453552499097,10.25,Low,No major individual anomaly reason was identified.
INV0300,ABC Supplies,Software,2026-12-10,19,3005.35,57101.74,0,39308.7219047619,30437.02387711439,14.652380952380952,2675.61380952381,210,17793.018095238098,4.347619047619048,329.73619047619013,1,0.1150607644988871,Normal,0.074085987293852,7.41,Low,No major individual anomaly reason was identified.
INV0301,Prime Stationery,Furniture,2026-06-22,29,2783.99,80735.81,0,49099.6287745098,118131.68858502238,16.75980392156863,2887.2864215686277,204,31636.181225490196,12.24019607843137,103.29642156862792,1,0.0908204507411333,Normal,0.1387390917421165,13.87,Low,No major individual anomaly reason was identified.
INV0302,Prime Stationery,Electronics,2026-03-10,17,1490.5,25338.45,0,49099.6287745098,118131.68858502238,16.75980392156863,2887.2864215686277,204,23761.1787745098,0.2401960784313708,1396.7864215686277,1,0.1179398422149085,Normal,0.0664069896476659,6.64,Low,No major individual anomaly reason was identified.
INV0303,ABC Supplies,Office Equipment,2026-03-28,3,1968.55,5905.66,0,39308.7219047619,30437.02387711439,14.652380952380952,2675.61380952381,210,33403.0619047619,11.652380952380952,707.0638095238098,1,0.1027715472172288,Normal,0.1068634528183781,10.69,Low,No major individual anomaly reason was identified.
INV0304,Prime Stationery,Furniture,2026-04-11,28,4497.66,125934.51,0,49099.6287745098,118131.68858502238,16.75980392156863,2887.2864215686277,204,76834.88122549019,11.24019607843137,1610.3735784313722,1,0.0267809970762601,Normal,0.3095433778574505,30.95,Low,Invoice amount is significantly higher than the vendor average.
INV0305,Global Office,Office Equipment,2026-01-08,18,3399.02,61182.41,0,45078.94052631578,49567.56191589249,17.58421052631579,2430.9345263157893,190,16103.46947368422,0.4157894736842102,968.0854736842108,1,0.0945263570104344,Normal,0.1288547995048528,12.89,Low,No major individual anomaly reason was identified.
INV0306,Tech World,Electronics,2026-11-29,8,3979.46,31835.66,0,50436.67067961165,78785.82328290903,15.728155339805824,3009.856310679612,206,18601.01067961165,7.728155339805825,969.6036893203882,1,0.1331526408784181,Normal,0.0258318275119161,2.58,Low,No major individual anomaly reason was identified.
INV0307,ABC Supplies,Software,2026-07-19,22,2380.86,52378.88,0,39308.7219047619,30437.02387711439,14.652380952380952,2675.61380952381,210,13070.158095238095,7.347619047619048,294.75380952380965,1,0.1111806036807329,Normal,0.0844350465164019,8.44,Low,No major individual anomaly reason was identified.
INV0308,Tech World,Stationery,2026-03-28,25,3225.19,80629.67,0,50436.67067961165,78785.82328290903,15.728155339805824,3009.856310679612,206,30192.99932038835,9.271844660194176,215.3336893203882,1,0.1177714332827307,Normal,0.0668561653634146,6.69,Low,No major individual anomaly reason was identified.
INV0309,Prime Stationery,Software,2026-02-12,24,1392.24,33413.79,0,49099.6287745098,118131.68858502238,16.75980392156863,2887.2864215686277,204,15685.8387745098,7.240196078431371,1495.0464215686277,1,0.1210914292713254,Normal,0.0580011625130586,5.8,Low,No major individual anomaly reason was identified.
INV0310,Prime Stationery,Furniture,2026-04-19,26,3586.21,93241.51,0,49099.6287745098,118131.68858502238,16.75980392156863,2887.2864215686277,204,44141.88122549019,9.24019607843137,698.9235784313723,1,0.0994576128985229,Normal,0.1157022881479516,11.57,Low,No major individual anomaly reason was identified.
INV0311,ABC Supplies,Stationery,2026-06-01,19,2252.49,42797.24,0,39308.7219047619,30437.02387711439,14.652380952380952,2675.61380952381,210,3488.518095238098,4.347619047619048,423.12380952381,1,0.111234793122725,Normal,0.0842905139130652,8.43,Low,No major individual anomaly reason was identified.
INV0312,Global Office,Furniture,2026-01-17,5,2324.22,11621.09,0,45078.94052631578,49567.56191589249,17.58421052631579,2430.9345263157893,190,33457.850526315786,12.58421052631579,106.7145263157895,1,0.080783460734081,Normal,0.1655094780398008,16.55,Low,No major individual anomaly reason was identified.
INV0313,XYZ Traders,Electronics,2026-05-13,7,3316.75,23217.23,0,41375.7582631579,62834.003986022224,14.242105263157894,2716.9371578947366,190,18158.5282631579,7.242105263157894,599.8128421052634,1,0.1141603422944672,Normal,0.0764875688662553,7.65,Low,No major individual anomaly reason was identified.
INV0314,ABC Supplies,Stationery,2026-05-28,21,4694.15,98577.09,0,39308.7219047619,30437.02387711439,14.652380952380952,2675.61380952381,210,59268.3680952381,6.347619047619048,2018.53619047619,1,0.0583309158441098,Normal,0.2253942940701347,22.54,Low,Invoice amount is significantly higher than the vendor average.
INV0315,XYZ Traders,Furniture,2026-10-04,8,507.23,4057.84,0,41375.7582631579,62834.003986022224,14.242105263157894,2716.9371578947366,190,37317.9182631579,6.242105263157894,2209.7071578947366,1,0.1003263009229937,Normal,0.1133853471157382,11.34,Low,No major individual anomaly reason was identified.
INV0316,XYZ Traders,Electronics,2026-08-20,28,4158.77,116445.49,0,41375.7582631579,62834.003986022224,14.242105263157894,2716.9371578947366,190,75069.7317368421,13.757894736842106,1441.8328421052638,1,0.0333120589072234,Normal,0.2921239076750451,29.21,Low,Invoice amount is significantly higher than the vendor average.
INV0317,Global Office,Software,2026-11-10,5,1603.44,8017.19,0,45078.94052631578,49567.56191589249,17.58421052631579,2430.9345263157893,190,37061.75052631578,12.58421052631579,827.4945263157892,1,0.0882585686486654,Normal,0.1455720738628816,14.56,Low,No major individual anomaly reason was identified.
INV0318,XYZ Traders,Electronics,2026-08-16,17,2330.81,39623.83,0,41375.7582631579,62834.003986022224,14.242105263157894,2716.9371578947366,190,1751.9282631578972,2.757894736842106,386.1271578947367,1,0.0988117751294052,Normal,0.11742484905045,11.74,Low,No major individual anomaly reason was identified.
INV0319,XYZ Traders,Office Equipment,2026-05-19,5,305.18,1525.92,0,41375.7582631579,62834.003986022224,14.242105263157894,2716.9371578947366,190,39849.8382631579,9.242105263157894,2411.757157894737,1,0.0756816012317149,Normal,0.1791170187087551,17.91,Low,No major individual anomaly reason was identified.
INV0320,Global Office,Electronics,2026-07-30,4,1645.02,6580.08,0,45078.94052631578,49567.56191589249,17.58421052631579,2430.9345263157893,190,38498.86052631578,13.58421052631579,785.9145263157893,1,0.0791553565811087,Normal,0.1698519130803168,16.99,Low,No major individual anomaly reason was identified.
INV0321,XYZ Traders,Electronics,2026-01-28,22,2612.63,57477.86,0,41375.7582631579,62834.003986022224,14.242105263157894,2716.9371578947366,190,16102.101736842102,7.757894736842106,104.30715789473652,1,0.1005527182051378,Normal,0.1127814531093468,11.28,Low,No major individual anomaly reason was identified.
INV0322,XYZ Traders,Office Equipment,2026-02-20,19,469.65,8923.26,0,41375.7582631579,62834.003986022224,14.242105263157894,2716.9371578947366,190,32452.498263157897,4.757894736842106,2247.2871578947365,1,0.1033374759020919,Normal,0.1053540232483496,10.54,Low,No major individual anomaly reason was identified.
INV0323,XYZ Traders,Furniture,2026-09-18,27,2557.26,69046.01,0,41375.7582631579,62834.003986022224,14.242105263157894,2716.9371578947366,190,27670.251736842096,12.757894736842106,159.6771578947364,1,0.0652681660375277,Normal,0.2068914493536415,20.69,Low,No major individual anomaly reason was identified.
INV0324,ABC Supplies,Furniture,2026-09-18,21,4650.13,97652.75,0,39308.7219047619,30437.02387711439,14.652380952380952,2675.61380952381,210,58344.0280952381,6.347619047619048,1974.5161904761903,1,0.0579256006759711,Normal,0.2264753396441324,22.65,Low,No major individual anomaly reason was identified.
INV0325,ABC Supplies,Electronics,2026-12-16,2,705.89,1411.77,0,39308.7219047619,30437.02387711439,14.652380952380952,2675.61380952381,210,37896.9519047619,12.652380952380952,1969.72380952381,1,0.0626543568994838,Normal,0.2138629298756593,21.39,Low,No major individual anomaly reason was identified.
INV0326,ABC Supplies,Office Equipment,2026-12-18,11,3869.32,42562.47,0,39308.7219047619,30437.02387711439,14.652380952380952,2675.61380952381,210,3253.748095238101,3.652380952380952,1193.7061904761904,1,0.1116403763983405,Normal,0.0832087532501096,8.32,Low,No major individual anomaly reason was identified.
INV0327,Global Office,Office Equipment,2026-01-08,22,2166.42,47661.26,0,45078.94052631578,49567.56191589249,17.58421052631579,2430.9345263157893,190,2582.3194736842197,4.41578947368421,264.5145263157892,1,0.0809287735367974,Normal,0.1651219036913175,16.51,Low,No major individual anomaly reason was identified.
INV0328,Prime Stationery,Software,2026-11-16,13,3344.83,43482.84,0,49099.6287745098,118131.68858502238,16.75980392156863,2887.2864215686277,204,5616.788774509805,3.759803921568629,457.5435784313722,1,0.1050003834117775,Normal,0.1009187616429953,10.09,Low,No major individual anomaly reason was identified.
INV0329,XYZ Traders,Furniture,2026-05-18,15,1449.14,21737.04,0,41375.7582631579,62834.003986022224,14.242105263157894,2716.9371578947366,190,19638.718263157894,0.7578947368421058,1267.7971578947363,1,0.1277619529716739,Normal,0.0402097234321472,4.02,Low,No major individual anomaly reason was identified.
INV0330,XYZ Traders,Stationery,2026-02-07,12,965.56,11586.75,0,41375.7582631579,62834.003986022224,14.242105263157894,2716.9371578947366,190,29789.0082631579,2.242105263157894,1751.377157894737,1,0.1284018974568049,Normal,0.0385028809361407,3.85,Low,No major individual anomaly reason was identified.
INV0331,Global Office,Furniture,2026-04-21,22,970.22,21344.85,0,45078.94052631578,49567.56191589249,17.58421052631579,2430.9345263157893,190,23734.090526315784,4.41578947368421,1460.7145263157893,1,0.1090828984426848,Normal,0.090029988777156,9.0,Low,No major individual anomaly reason was identified.
INV0332,XYZ Traders,Furniture,2026-08-08,21,538.36,11305.59,0,41375.7582631579,62834.003986022224,14.242105263157894,2716.9371578947366,190,30070.1682631579,6.757894736842106,2178.5771578947365,1,0.1045557631635624,Normal,0.1021046406557399,10.21,Low,No major individual anomaly reason was identified.
INV0333,ABC Supplies,Software,2026-12-03,22,1091.1,24004.29,0,39308.7219047619,30437.02387711439,14.652380952380952,2675.61380952381,210,15304.4319047619,7.347619047619048,1584.51380952381,1,0.114054644136869,Normal,0.0767694841125462,7.68,Low,No major individual anomaly reason was identified.
INV0334,Prime Stationery,Stationery,2026-08-11,11,3388.25,37270.78,0,49099.6287745098,118131.68858502238,16.75980392156863,2887.2864215686277,204,11828.848774509805,5.759803921568629,500.9635784313723,1,0.1112800861744453,Normal,0.0841697095194868,8.42,Low,No major individual anomaly reason was identified.
INV0335,Tech World,Software,2026-05-16,7,4432.11,31024.8,0,50436.67067961165,78785.82328290903,15.728155339805824,3009.856310679612,206,19411.87067961165,8.728155339805825,1422.2536893203878,1,0.1192181226255722,Normal,0.0629975949619896,6.3,Low,No major individual anomaly reason was identified.
INV0336,XYZ Traders,Stationery,2026-09-13,28,4107.8,115018.49,0,41375.7582631579,62834.003986022224,14.242105263157894,2716.9371578947366,190,73642.7317368421,13.757894736842106,1390.8628421052636,1,0.0348769110671475,Normal,0.2879501766271414,28.8,Low,Invoice amount is significantly higher than the vendor average.
INV0337,ABC Supplies,Electronics,2026-12-26,5,3488.64,17443.22,0,39308.7219047619,30437.02387711439,14.652380952380952,2675.61380952381,210,21865.5019047619,9.652380952380952,813.0261904761901,1,0.1291325183413316,Normal,0.0365541888180662,3.66,Low,No major individual anomaly reason was identified.
INV0338,Tech World,Stationery,2026-11-25,17,730.07,12411.24,0,50436.67067961165,78785.82328290903,15.728155339805824,3009.856310679612,206,38025.43067961165,1.2718446601941746,2279.7863106796117,1,0.1042258028917307,Normal,0.1029847017032867,10.3,Low,No major individual anomaly reason was identified.
INV0339,Prime Stationery,Software,2026-02-18,24,1588.1,38114.39,0,49099.6287745098,118131.68858502238,16.75980392156863,2887.2864215686277,204,10985.238774509802,7.240196078431371,1299.1864215686278,1,0.1152629565266866,Normal,0.0735467062258523,7.35,Low,No major individual anomaly reason was identified.
INV0340,Tech World,Furniture,2026-10-19,20,1687.07,33741.46,0,50436.67067961165,78785.82328290903,15.728155339805824,3009.856310679612,206,16695.21067961165,4.271844660194175,1322.786310679612,1,0.1244946767803766,Normal,0.0489241134754569,4.89,Low,No major individual anomaly reason was identified.
INV0341,ABC Supplies,Stationery,2026-11-20,9,1399.79,12598.14,0,39308.7219047619,30437.02387711439,14.652380952380952,2675.61380952381,210,26710.5819047619,5.652380952380952,1275.8238095238098,1,0.1327269354135543,Normal,0.0269672575298231,2.7,Low,No major individual anomaly reason was identified.
INV0342,Tech World,Stationery,2026-03-19,14,2672.03,37408.38,0,50436.67067961165,78785.82328290903,15.728155339805824,3009.856310679612,206,13028.290679611651,1.7281553398058254,337.82631067961165,1,0.1198240823116195,Normal,0.0613813957962127,6.14,Low,No major individual anomaly reason was identified.
INV0343,Global Office,Office Equipment,2026-04-15,26,2770.66,72037.12,0,45078.94052631578,49567.56191589249,17.58421052631579,2430.9345263157893,190,26958.179473684213,8.41578947368421,339.72547368421056,1,0.105607121528378,Normal,0.0993004862684545,9.93,Low,No major individual anomaly reason was identified.
INV0344,Tech World,Furniture,2026-06-18,12,1913.05,22956.63,0,50436.67067961165,78785.82328290903,15.728155339805824,3009.856310679612,206,27480.040679611648,3.728155339805826,1096.806310679612,1,0.1377480607138856,Normal,0.0135750489250024,1.36,Low,No major individual anomaly reason was identified.
INV0345,XYZ Traders,Electronics,2026-08-05,6,1898.19,11389.13,0,41375.7582631579,62834.003986022224,14.242105263157894,2716.9371578947366,190,29986.6282631579,8.242105263157894,818.7471578947366,1,0.1141878532677404,Normal,0.0764141923478537,7.64,Low,No major individual anomaly reason was identified.
INV0346,XYZ Traders,Software,2026-04-29,17,4177.07,71010.14,0,41375.7582631579,62834.003986022224,14.242105263157894,2716.9371578947366,190,29634.3817368421,2.757894736842106,1460.132842105263,1,0.1034698478664041,Normal,0.1050009643514959,10.5,Low,No major individual anomaly reason was identified.
INV0347,Global Office,Electronics,2026-07-09,19,3988.61,75783.51,0,45078.94052631578,49567.56191589249,17.58421052631579,2430.9345263157893,190,30704.569473684212,1.4157894736842105,1557.6754736842108,1,0.0899052644407271,Normal,0.1411800517090995,14.12,Low,No major individual anomaly reason was identified.
INV0348,ABC Supplies,Furniture,2026-09-12,19,1677.42,31870.98,0,39308.7219047619,30437.02387711439,14.652380952380952,2675.61380952381,210,7437.7419047619005,4.347619047619048,998.1938095238096,1,0.1198172234601225,Normal,0.061399689538062,6.14,Low,No major individual anomaly reason was identified.
INV0349,XYZ Traders,Stationery,2026-09-23,26,4586.18,119240.8,0,41375.7582631579,62834.003986022224,14.242105263157894,2716.9371578947366,190,77865.0417368421,11.757894736842106,1869.2428421052637,1,0.0318205460469799,Normal,0.2961020301409067,29.61,Low,Invoice amount is significantly higher than the vendor average.
INV0350,Prime Stationery,Stationery,2026-05-29,16,4773.51,76376.19,0,49099.6287745098,118131.68858502238,16.75980392156863,2887.2864215686277,204,27276.5612254902,0.7598039215686292,1886.2235784313723,1,0.0807123432835713,Normal,0.1656991605662668,16.57,Low,No major individual anomaly reason was identified.
INV0351,XYZ Traders,Furniture,2026-06-13,12,1768.36,21220.37,0,41375.7582631579,62834.003986022224,14.242105263157894,2716.9371578947366,190,20155.3882631579,2.242105263157894,948.5771578947368,1,0.1300264109290335,Normal,0.0341700228614793,3.42,Low,No major individual anomaly reason was identified.
INV0352,XYZ Traders,Stationery,2026-05-20,12,1901.24,22814.88,0,41375.7582631579,62834.003986022224,14.242105263157894,2716.9371578947366,190,18560.878263157894,2.242105263157894,815.6971578947366,1,0.13046942558294,Normal,0.0329884262461316,3.3,Low,No major individual anomaly reason was identified.
INV0353,ABC Supplies,Stationery,2026-12-13,20,2627.04,52540.88,0,39308.7219047619,30437.02387711439,14.652380952380952,2675.61380952381,210,13232.158095238095,5.347619047619048,48.573809523809814,1,0.1052657398299751,Normal,0.1002110102337851,10.02,Low,No major individual anomaly reason was identified.
INV0354,Tech World,Stationery,2026-09-15,6,4717.38,28304.28,0,50436.67067961165,78785.82328290903,15.728155339805824,3009.856310679612,206,22132.39067961165,9.728155339805824,1707.5236893203885,1,0.1135501694340188,Normal,0.0781150052960105,7.81,Low,No major individual anomaly reason was identified.
INV0355,XYZ Traders,Software,2026-09-26,23,4406.33,101345.67,0,41375.7582631579,62834.003986022224,14.242105263157894,2716.9371578947366,190,59969.9117368421,8.757894736842106,1689.3928421052633,1,0.0738018304145825,Normal,0.1841306922194779,18.41,Low,No major individual anomaly reason was identified.
INV0356,Global Office,Software,2026-06-30,26,692.33,18000.48,0,45078.94052631578,49567.56191589249,17.58421052631579,2430.9345263157893,190,27078.460526315783,8.41578947368421,1738.6045263157894,1,0.0963148424933547,Normal,0.1240845997505504,12.41,Low,No major individual anomaly reason was identified.
INV0357,Tech World,Office Equipment,2026-06-09,4,2085.11,8340.43,0,50436.67067961165,78785.82328290903,15.728155339805824,3009.856310679612,206,42096.24067961165,11.728155339805824,924.7463106796116,1,0.1287789412417569,Normal,0.0374972400251491,3.75,Low,No major individual anomaly reason was identified.
INV0358,Prime Stationery,Electronics,2026-12-17,6,2856.18,17137.09,0,49099.6287745098,118131.68858502238,16.75980392156863,2887.2864215686277,204,31962.5387745098,10.75980392156863,31.106421568627862,1,0.1190828017272633,Normal,0.0633585191752581,6.34,Low,No major individual anomaly reason was identified.
INV0359,ABC Supplies,Furniture,2026-10-15,11,2615.04,28765.39,0,39308.7219047619,30437.02387711439,14.652380952380952,2675.61380952381,210,10543.3319047619,3.652380952380952,60.573809523809814,1,0.1146613156706031,Normal,0.0751513863260126,7.52,Low,No major individual anomaly reason was identified.
INV0360,Prime Stationery,Furniture,2026-10-15,9,1130.54,10174.88,1,49099.6287745098,118131.68858502238,16.75980392156863,2887.2864215686277,204,38924.74877450981,7.759803921568629,1756.7464215686275,1,0.1226646621900716,Normal,0.0538050785335511,5.38,Low,No major individual anomaly reason was identified.
INV0361,Tech World,Furniture,2026-08-14,24,4322.32,103735.69,0,50436.67067961165,78785.82328290903,15.728155339805824,3009.856310679612,206,53299.019320388354,8.271844660194175,1312.463689320388,1,0.1007332573082046,Normal,0.112299924132279,11.23,Low,No major individual anomaly reason was identified.
INV0362,Tech World,Office Equipment,2026-01-11,23,3449.32,79334.26,0,50436.67067961165,78785.82328290903,15.728155339805824,3009.856310679612,206,28897.589320388342,7.271844660194175,439.4636893203883,1,0.1238026614554937,Normal,0.0507698378966246,5.08,Low,No major individual anomaly reason was identified.
INV0363,Tech World,Software,2026-01-10,15,4221.96,63329.4,0,50436.67067961165,78785.82328290903,15.728155339805824,3009.856310679612,206,12892.729320388353,0.7281553398058254,1212.1036893203882,1,0.1053011985613486,Normal,0.1001164356715082,10.01,Low,No major individual anomaly reason was identified.
INV0364,Prime Stationery,Office Equipment,2026-09-28,27,4322.07,116695.85,0,49099.6287745098,118131.68858502238,16.75980392156863,2887.2864215686277,204,67596.22122549021,10.24019607843137,1434.783578431372,1,0.0611301861460026,Normal,0.2179281565846283,21.79,Low,No major individual anomaly reason was identified.
INV0365,Tech World,Furniture,2026-09-30,11,3792.11,41713.19,0,50436.67067961165,78785.82328290903,15.728155339805824,3009.856310679612,206,8723.480679611646,4.728155339805825,782.2536893203883,1,0.1291278281148659,Normal,0.0365666984623143,3.66,Low,No major individual anomaly reason was identified.
INV0366,Prime Stationery,Electronics,2026-07-02,25,2308.21,57705.27,0,49099.6287745098,118131.68858502238,16.75980392156863,2887.2864215686277,204,8605.641225490195,8.24019607843137,579.0764215686277,1,0.1052890486153212,Normal,0.1001488416765377,10.01,Low,No major individual anomaly reason was identified.
INV0367,Tech World,Stationery,2026-06-02,19,3130.62,59481.86,0,50436.67067961165,78785.82328290903,15.728155339805824,3009.856310679612,206,9045.189320388352,3.271844660194174,120.76368932038804,1,0.1129122611346833,Normal,0.0798164169327374,7.98,Low,No major individual anomaly reason was identified.
INV0368,Global Office,Software,2026-11-11,18,969.75,17455.57,0,45078.94052631578,49567.56191589249,17.58421052631579,2430.9345263157893,190,27623.370526315783,0.4157894736842102,1461.1845263157893,1,0.1001722536727887,Normal,0.1137962177446006,11.38,Low,No major individual anomaly reason was identified.
INV0369,Tech World,Software,2026-11-30,17,3433.5,58369.47,0,50436.67067961165,78785.82328290903,15.728155339805824,3009.856310679612,206,7932.799320388352,1.2718446601941746,423.64368932038815,1,0.1139398538473987,Normal,0.077075649645259,7.71,Low,No major individual anomaly reason was identified.
INV0370,Prime Stationery,Office Equipment,2026-05-04,19,1060.42,20147.9,0,49099.6287745098,118131.68858502238,16.75980392156863,2887.2864215686277,204,28951.7287745098,2.240196078431371,1826.8664215686276,1,0.1239560657868696,Normal,0.0503606820433473,5.04,Low,No major individual anomaly reason was identified.
INV0371,XYZ Traders,Software,2026-04-24,21,3530.96,74150.12,0,41375.7582631579,62834.003986022224,14.242105263157894,2716.9371578947366,190,32774.3617368421,6.757894736842106,814.0228421052634,1,0.1130462627184063,Normal,0.0794590115593889,7.95,Low,No major individual anomaly reason was identified.
INV0372,Tech World,Furniture,2026-10-05,14,1302.07,18229.0,0,50436.67067961165,78785.82328290903,15.728155339805824,3009.856310679612,206,32207.67067961165,1.7281553398058254,1707.786310679612,1,0.121297540835333,Normal,0.0574514273648691,5.75,Low,No major individual anomaly reason was identified.
INV0373,XYZ Traders,Furniture,2026-08-01,27,764.25,20634.65,0,41375.7582631579,62834.003986022224,14.242105263157894,2716.9371578947366,190,20741.108263157897,12.757894736842106,1952.6871578947369,1,0.0741327481418602,Normal,0.1832480774728506,18.32,Low,No major individual anomaly reason was identified.
INV0374,Global Office,Office Equipment,2026-06-21,18,993.37,17880.58,0,45078.94052631578,49567.56191589249,17.58421052631579,2430.9345263157893,190,27198.36052631578,0.4157894736842102,1437.5645263157894,1,0.0997802829085789,Normal,0.114841671487996,11.48,Low,No major individual anomaly reason was identified.
INV0375,ABC Supplies,Furniture,2026-10-15,28,209.56,5867.74,0,39308.7219047619,30437.02387711439,14.652380952380952,2675.61380952381,210,33440.9819047619,13.347619047619048,2466.05380952381,1,0.0292114751871611,Normal,0.3030608728563327,30.31,Low,No major individual anomaly reason was identified.
INV0376,Global Office,Electronics,2026-06-23,19,3649.95,69349.05,0,45078.94052631578,49567.56191589249,17.58421052631579,2430.9345263157893,190,24270.10947368422,1.4157894736842105,1219.0154736842103,1,0.0956733424216319,Normal,0.1257955912647339,12.58,Low,No major individual anomaly reason was identified.
INV0377,Tech World,Office Equipment,2026-04-23,15,3715.53,55732.88,0,50436.67067961165,78785.82328290903,15.728155339805824,3009.856310679612,206,5296.209320388349,0.7281553398058254,705.6736893203883,1,0.1055848620726346,Normal,0.0993598560823736,9.94,Low,No major individual anomaly reason was identified.
INV0378,XYZ Traders,Electronics,2026-05-02,15,2671.68,40075.2,0,41375.7582631579,62834.003986022224,14.242105263157894,2716.9371578947366,190,1300.5582631579018,0.7578947368421058,45.25715789473679,1,0.0864633354103426,Normal,0.1503602710465568,15.04,Low,No major individual anomaly reason was identified.
INV0379,XYZ Traders,Stationery,2026-02-01,4,974.54,3898.17,0,41375.7582631579,62834.003986022224,14.242105263157894,2716.9371578947366,190,37477.5882631579,10.242105263157894,1742.397157894737,1,0.108106854055008,Normal,0.0926332677764811,9.26,Low,No major individual anomaly reason was identified.
INV0380,Prime Stationery,Electronics,2026-08-10,7,601.06,4207.43,0,49099.6287745098,118131.68858502238,16.75980392156863,2887.2864215686277,204,44892.1987745098,9.75980392156863,2286.226421568628,1,0.0929776787386761,Normal,0.1329853919988844,13.3,Low,No major individual anomaly reason was identified.
INV0381,XYZ Traders,Stationery,2026-04-29,13,291.82,3793.65,0,41375.7582631579,62834.003986022224,14.242105263157894,2716.9371578947366,190,37582.1082631579,1.2421052631578942,2425.1171578947365,1,0.0885649704876169,Normal,0.1447548472256836,14.48,Low,No major individual anomaly reason was identified.
INV0382,Prime Stationery,Stationery,2026-02-08,3,995.59,2986.77,0,49099.6287745098,118131.68858502238,16.75980392156863,2887.2864215686277,204,46112.858774509805,13.75980392156863,1891.6964215686276,1,0.0983071351749637,Normal,0.1187708109884566,11.88,Low,No major individual anomaly reason was identified.
INV0383,ABC Supplies,Electronics,2026-09-25,16,4476.11,71617.71,0,39308.7219047619,30437.02387711439,14.652380952380952,2675.61380952381,210,32308.988095238103,1.3476190476190482,1800.49619047619,1,0.0921315488205177,Normal,0.1352421666645175,13.52,Low,No major individual anomaly reason was identified.
INV0384,Tech World,Office Equipment,2026-08-21,9,1359.38,12234.39,0,50436.67067961165,78785.82328290903,15.728155339805824,3009.856310679612,206,38202.28067961165,6.728155339805825,1650.4763106796115,1,0.1322423077864425,Normal,0.0282598431335945,2.83,Low,No major individual anomaly reason was identified.
INV0385,Prime Stationery,Furniture,2026-01-18,8,1900.5,15204.02,0,49099.6287745098,118131.68858502238,16.75980392156863,2887.2864215686277,204,33895.608774509805,8.75980392156863,986.7864215686276,1,0.1345078898884107,Normal,0.0222171442750529,2.22,Low,No major individual anomaly reason was identified.
INV0386,ABC Supplies,Furniture,2026-05-29,20,705.66,14113.17,0,39308.7219047619,30437.02387711439,14.652380952380952,2675.61380952381,210,25195.551904761905,5.347619047619048,1969.95380952381,1,0.1056065589720997,Normal,0.0993019867032336,9.93,Low,No major individual anomaly reason was identified.
INV0387,XYZ Traders,Stationery,2026-05-29,13,1267.33,16475.35,0,41375.7582631579,62834.003986022224,14.242105263157894,2716.9371578947366,190,24900.4082631579,1.2421052631578942,1449.6071578947367,1,0.1303273798644662,Normal,0.033367286716532,3.34,Low,No major individual anomaly reason was identified.
INV0388,XYZ Traders,Stationery,2026-05-06,17,2692.28,45768.72,0,41375.7582631579,62834.003986022224,14.242105263157894,2716.9371578947366,190,4392.961736842102,2.757894736842106,24.65715789473643,1,0.0850494228082912,Normal,0.1541314202179204,15.41,Low,No major individual anomaly reason was identified.
INV0389,ABC Supplies,Office Equipment,2026-10-29,17,3117.21,52992.62,0,39308.7219047619,30437.02387711439,14.652380952380952,2675.61380952381,210,13683.898095238104,2.347619047619048,441.59619047619026,1,0.1144537709768032,Normal,0.0757049438789397,7.57,Low,No major individual anomaly reason was identified.
INV0390,XYZ Traders,Software,2026-12-26,17,1377.69,23420.75,0,41375.7582631579,62834.003986022224,14.242105263157894,2716.9371578947366,190,17955.0082631579,2.757894736842106,1339.2471578947366,1,0.1285230351335251,Normal,0.038179785825084,3.82,Low,No major individual anomaly reason was identified.
INV0391,ABC Supplies,Electronics,2026-08-26,1,477.11,477.11,0,39308.7219047619,30437.02387711439,14.652380952380952,2675.61380952381,210,38831.6119047619,13.652380952380952,2198.5038095238097,1,0.0436129651459449,Normal,0.2646496111944226,26.46,Low,No major individual anomaly reason was identified.
INV0392,Prime Stationery,Stationery,2026-05-15,8,2076.96,16615.66,0,49099.6287745098,118131.68858502238,16.75980392156863,2887.2864215686277,204,32483.9687745098,8.75980392156863,810.3264215686277,1,0.1346609787615721,Normal,0.0218088298033309,2.18,Low,No major individual anomaly reason was identified.
INV0393,Prime Stationery,Furniture,2026-05-31,19,1324.18,25159.35,0,49099.6287745098,118131.68858502238,16.75980392156863,2887.2864215686277,204,23940.278774509803,2.240196078431371,1563.1064215686276,1,0.1256950826956279,Normal,0.0457224235223212,4.57,Low,No major individual anomaly reason was identified.
INV0394,ABC Supplies,Office Equipment,2026-08-24,6,1253.86,7523.15,0,39308.7219047619,30437.02387711439,14.652380952380952,2675.61380952381,210,31785.5719047619,8.652380952380952,1421.75380952381,1,0.1156302706297034,Normal,0.0725670160574415,7.26,Low,No major individual anomaly reason was identified.
INV0395,Prime Stationery,Electronics,2026-08-12,3,4807.34,14422.02,0,49099.6287745098,118131.68858502238,16.75980392156863,2887.2864215686277,204,34677.608774509805,13.75980392156863,1920.0535784313724,1,0.0918015551704014,Normal,0.1361223167377157,13.61,Low,No major individual anomaly reason was identified.
INV0396,Prime Stationery,Office Equipment,2026-07-22,27,3158.24,85272.54,0,49099.6287745098,118131.68858502238,16.75980392156863,2887.2864215686277,204,36172.91122549019,10.24019607843137,270.9535784313721,1,0.1055267158269693,Normal,0.0995149421646678,9.95,Low,No major individual anomaly reason was identified.
INV0397,Prime Stationery,Electronics,2026-09-13,5,2873.02,14365.08,0,49099.6287745098,118131.68858502238,16.75980392156863,2887.2864215686277,204,34734.5487745098,11.75980392156863,14.26642156862772,1,0.1116582947699204,Normal,0.0831609618576023,8.32,Low,No major individual anomaly reason was identified.
INV0398,Global Office,Electronics,2026-03-27,13,2195.72,28544.37,0,45078.94052631578,49567.56191589249,17.58421052631579,2430.9345263157893,190,16534.570526315783,4.58421052631579,235.2145263157895,1,0.1178041848972714,Normal,0.0667688111494011,6.68,Low,No major individual anomaly reason was identified.
INV0399,Tech World,Stationery,2026-05-30,15,2258.93,33883.99,0,50436.67067961165,78785.82328290903,15.728155339805824,3009.856310679612,206,16552.68067961165,0.7281553398058254,750.926310679612,1,0.1207974070073489,Normal,0.0587853706851541,5.88,Low,No major individual anomaly reason was identified.
INV0400,XYZ Traders,Office Equipment,2026-08-23,14,2796.34,39148.82,0,41375.7582631579,62834.003986022224,14.242105263157894,2716.9371578947366,190,2226.938263157899,0.2421052631578941,79.40284210526352,1,0.0874901782101644,Normal,0.1476215039063174,14.76,Low,No major individual anomaly reason was identified.
INV0401,Global Office,Office Equipment,2026-12-11,29,3542.86,102743.03,0,45078.94052631578,49567.56191589249,17.58421052631579,2430.9345263157893,190,57664.08947368422,11.41578947368421,1111.9254736842108,1,0.0778127359167274,Normal,0.173432914337814,17.34,Low,No major individual anomaly reason was identified.
INV0402,Prime Stationery,Furniture,2026-01-22,23,3570.3,82116.93,0,49099.6287745098,118131.68858502238,16.75980392156863,2887.2864215686277,204,33017.30122549019,6.240196078431371,683.0135784313725,1,0.1144499346653186,Normal,0.0757151759844145,7.57,Low,No major individual anomaly reason was identified.
INV0403,ABC Supplies,Furniture,2026-12-14,16,1024.13,16386.09,0,39308.7219047619,30437.02387711439,14.652380952380952,2675.61380952381,210,22922.6319047619,1.3476190476190482,1651.4838095238097,1,0.1156606913804611,Normal,0.0724858786598076,7.25,Low,No major individual anomaly reason was identified.
INV0404,Prime Stationery,Stationery,2026-10-12,18,2600.54,46809.74,0,49099.6287745098,118131.68858502238,16.75980392156863,2887.2864215686277,204,2289.8887745098036,1.2401960784313708,286.74642156862774,1,0.1072962333218032,Normal,0.094795333311423,9.48,Low,No major individual anomaly reason was identified.
INV0405,Tech World,Stationery,2026-09-26,22,2177.4,47902.77,0,50436.67067961165,78785.82328290903,15.728155339805824,3009.856310679612,206,2533.900679611652,6.271844660194175,832.4563106796118,1,0.1135824367168336,Normal,0.0780289428783812,7.8,Low,No major individual anomaly reason was identified.
INV0406,Prime Stationery,Software,2026-09-15,29,4378.53,126977.35,0,49099.6287745098,118131.68858502238,16.75980392156863,2887.2864215686277,204,77877.72122549021,12.24019607843137,1491.243578431372,1,0.0287015441528671,Normal,0.304420947018371,30.44,Low,Invoice amount is significantly higher than the vendor average.
INV0407,ABC Supplies,Furniture,2026-01-29,22,3230.81,71077.84,0,39308.7219047619,30437.02387711439,14.652380952380952,2675.61380952381,210,31769.118095238096,7.347619047619048,555.1961904761902,1,0.1173550999002499,Normal,0.0679665984185239,6.8,Low,No major individual anomaly reason was identified.
INV0408,Tech World,Electronics,2026-08-01,11,2756.02,30316.21,0,50436.67067961165,78785.82328290903,15.728155339805824,3009.856310679612,206,20120.46067961165,4.728155339805825,253.83631067961187,1,0.1292502472553696,Normal,0.0362401854659666,3.62,Low,No major individual anomaly reason was identified.
INV0409,Prime Stationery,Office Equipment,2026-10-10,3,753.89,2261.68,0,49099.6287745098,118131.68858502238,16.75980392156863,2887.2864215686277,204,46837.9487745098,13.75980392156863,2133.396421568628,1,0.0841752064342601,Normal,0.1564631063134659,15.65,Low,No major individual anomaly reason was identified.
INV0410,Tech World,Stationery,2026-02-19,22,3107.06,68355.36,0,50436.67067961165,78785.82328290903,15.728155339805824,3009.856310679612,206,17918.689320388352,6.271844660194175,97.2036893203881,1,0.1131235937855805,Normal,0.07925275624384,7.93,Low,No major individual anomaly reason was identified.
INV0411,XYZ Traders,Office Equipment,2026-04-05,10,762.58,7625.79,0,41375.7582631579,62834.003986022224,14.242105263157894,2716.9371578947366,190,33749.9682631579,4.242105263157894,1954.3571578947367,1,0.119805171392446,Normal,0.0614318344846206,6.14,Low,No major individual anomaly reason was identified.
INV0412,XYZ Traders,Office Equipment,2026-03-29,10,1818.59,18185.92,0,41375.7582631579,62834.003986022224,14.242105263157894,2716.9371578947366,190,23189.8382631579,4.242105263157894,898.3471578947367,1,0.1275070454456547,Normal,0.0408896058408102,4.09,Low,No major individual anomaly reason was identified.
INV0413,Prime Stationery,Software,2026-02-13,21,885.64,18598.47,0,49099.6287745098,118131.68858502238,16.75980392156863,2887.2864215686277,204,30501.1587745098,4.240196078431371,2001.646421568628,1,0.1191133289205395,Normal,0.0632770978770389,6.33,Low,No major individual anomaly reason was identified.
INV0414,Tech World,Furniture,2026-10-05,16,3521.95,56351.26,0,50436.67067961165,78785.82328290903,15.728155339805824,3009.856310679612,206,5914.589320388353,0.2718446601941746,512.093689320388,1,0.1017899383189296,Normal,0.1094815733288349,10.95,Low,No major individual anomaly reason was identified.
INV0415,ABC Supplies,Stationery,2026-06-20,12,1190.01,14280.12,0,39308.7219047619,30437.02387711439,14.652380952380952,2675.61380952381,210,25028.601904761897,2.652380952380952,1485.6038095238098,1,0.1271187165529125,Normal,0.0419253460838469,4.19,Low,No major individual anomaly reason was identified.
INV0416,Prime Stationery,Office Equipment,2026-07-08,2,2080.92,4161.85,0,49099.6287745098,118131.68858502238,16.75980392156863,2887.2864215686277,204,44937.7787745098,14.75980392156863,806.3664215686276,1,0.0982850702902177,Normal,0.1188296618479124,11.88,Low,No major individual anomaly reason was identified.
INV0417,XYZ Traders,Stationery,2026-12-19,9,4499.24,40493.15,0,41375.7582631579,62834.003986022224,14.242105263157894,2716.9371578947366,190,882.6082631578975,5.242105263157894,1782.3028421052632,1,0.0863693839588247,Normal,0.1506108557984191,15.06,Low,No major individual anomaly reason was identified.
INV0418,XYZ Traders,Electronics,2026-07-03,24,1180.72,28337.25,0,41375.7582631579,62834.003986022224,14.242105263157894,2716.9371578947366,190,13038.5082631579,9.757894736842106,1536.2171578947366,1,0.1056373031323735,Normal,0.0992199867165494,9.92,Low,No major individual anomaly reason was identified.
INV0419,Prime Stationery,Software,2026-01-03,3,2637.46,7912.39,0,49099.6287745098,118131.68858502238,16.75980392156863,2887.2864215686277,204,41187.2387745098,13.75980392156863,249.8264215686277,1,0.1080293816578952,Normal,0.0928399000433918,9.28,Low,No major individual anomaly reason was identified.
INV0420,Tech World,Electronics,2026-07-10,24,2212.5,53100.1,0,50436.67067961165,78785.82328290903,15.728155339805824,3009.856310679612,206,2663.42932038835,8.271844660194175,797.3563106796119,1,0.1102565519578303,Normal,0.0868996520967365,8.69,Low,No major individual anomaly reason was identified.
INV0421,XYZ Traders,Stationery,2026-04-28,25,287.0,7174.88,0,41375.7582631579,62834.003986022224,14.242105263157894,2716.9371578947366,190,34200.8782631579,10.757894736842106,2429.9371578947366,1,0.0722150825290471,Normal,0.188362822950202,18.84,Low,No major individual anomaly reason was identified.
INV0422,Tech World,Stationery,2026-01-19,15,4005.24,60078.58,0,50436.67067961165,78785.82328290903,15.728155339805824,3009.856310679612,206,9641.909320388351,0.7281553398058254,995.383689320388,1,0.1078718596673172,Normal,0.0932600384051108,9.33,Low,No major individual anomaly reason was identified.
INV0423,XYZ Traders,Furniture,2026-01-23,3,531.42,1594.26,0,41375.7582631579,62834.003986022224,14.242105263157894,2716.9371578947366,190,39781.4982631579,11.242105263157894,2185.517157894737,1,0.0817458035808759,Normal,0.1629427434170293,16.29,Low,No major individual anomaly reason was identified.
INV0424,XYZ Traders,Office Equipment,2026-01-30,19,2476.42,47052.06,0,41375.7582631579,62834.003986022224,14.242105263157894,2716.9371578947366,190,5676.301736842099,4.757894736842106,240.51715789473656,1,0.0959188515646226,Normal,0.1251407759672337,12.51,Low,No major individual anomaly reason was identified.
INV0425,Global Office,Office Equipment,2026-10-22,18,2891.26,52042.6,0,45078.94052631578,49567.56191589249,17.58421052631579,2430.9345263157893,190,6963.659473684216,0.4157894736842102,460.3254736842109,1,0.0896830823122699,Normal,0.1417726498289603,14.18,Low,No major individual anomaly reason was identified.
INV0426,XYZ Traders,Electronics,2026-04-18,8,3216.45,25731.58,0,41375.7582631579,62834.003986022224,14.242105263157894,2716.9371578947366,190,15644.178263157895,6.242105263157894,499.5128421052632,1,0.1195018521894099,Normal,0.0622408391992887,6.22,Low,No major individual anomaly reason was identified.
INV0427,ABC Supplies,Software,2026-10-08,26,3505.43,91141.23,0,39308.7219047619,30437.02387711439,14.652380952380952,2675.61380952381,210,51832.508095238096,11.347619047619048,829.8161904761901,1,0.0824681738014633,Normal,0.1610160572450315,16.1,Low,No major individual anomaly reason was identified.
INV0428,Prime Stationery,Office Equipment,2026-05-08,17,1415.71,24067.03,0,49099.6287745098,118131.68858502238,16.75980392156863,2887.2864215686277,204,25032.598774509803,0.2401960784313708,1471.5764215686277,1,0.1175787063987165,Normal,0.0673702012577797,6.74,Low,No major individual anomaly reason was identified.
INV0429,Prime Stationery,Furniture,2026-08-17,8,247.9,1983.19,0,49099.6287745098,118131.68858502238,16.75980392156863,2887.2864215686277,204,47116.4387745098,8.75980392156863,2639.3864215686276,1,0.0735414144933476,Normal,0.1848252664697888,18.48,Low,No major individual anomaly reason was identified.
INV0430,Tech World,Electronics,2026-04-21,7,3672.53,25707.71,0,50436.67067961165,78785.82328290903,15.728155339805824,3009.856310679612,206,24728.96067961165,8.728155339805825,662.6736893203883,1,0.1339392458345651,Normal,0.0237338162032536,2.37,Low,No major individual anomaly reason was identified.
INV0431,XYZ Traders,Electronics,2026-05-16,7,2771.15,19398.06,0,41375.7582631579,62834.003986022224,14.242105263157894,2716.9371578947366,190,21977.698263157898,7.242105263157894,54.21284210526346,1,0.1025857746997834,Normal,0.1073589402156966,10.74,Low,No major individual anomaly reason was identified.
INV0432,ABC Supplies,Furniture,2026-12-28,3,4213.36,12640.09,0,39308.7219047619,30437.02387711439,14.652380952380952,2675.61380952381,210,26668.6319047619,11.652380952380952,1537.74619047619,1,0.0952610455894502,Normal,0.1268952581428578,12.69,Low,No major individual anomaly reason was identified.
INV0433,Tech World,Software,2026-07-05,3,15611.94,46835.82,1,50436.67067961165,78785.82328290903,15.728155339805824,3009.856310679612,206,3600.850679611649,12.728155339805824,12602.083689320389,-1,-0.0413277895218097,Anomaly,0.4912012779067447,49.12,Low,Unit price is significantly different from the vendor average. Machine learning model identified this invoice as unusual.
INV0434,Global Office,Furniture,2026-05-24,4,4247.97,16991.86,0,45078.94052631578,49567.56191589249,17.58421052631579,2430.9345263157893,190,28087.08052631578,13.58421052631579,1817.035473684211,1,0.0654218254521896,Normal,0.2064816131491734,20.65,Low,No major individual anomaly reason was identified.
INV0435,Tech World,Software,2026-03-13,25,2528.45,63211.36,0,50436.67067961165,78785.82328290903,15.728155339805824,3009.856310679612,206,12774.689320388352,9.271844660194176,481.406310679612,1,0.1154362444223591,Normal,0.0730845174715937,7.31,Low,No major individual anomaly reason was identified.
INV0436,Tech World,Furniture,2026-05-09,5,1801.42,9007.08,0,50436.67067961165,78785.82328290903,15.728155339805824,3009.856310679612,206,41429.59067961165,10.728155339805824,1208.4363106796118,1,0.128331390680733,Normal,0.0386909346883835,3.87,Low,No major individual anomaly reason was identified.
INV0437,XYZ Traders,Furniture,2026-12-30,1,3999.48,3999.48,0,41375.7582631579,62834.003986022224,14.242105263157894,2716.9371578947366,190,37376.278263157896,13.242105263157894,1282.5428421052634,1,0.0832668456194516,Normal,0.1588858615312171,15.89,Low,No major individual anomaly reason was identified.
INV0438,Global Office,Stationery,2026-09-18,15,2366.21,35493.18,0,45078.94052631578,49567.56191589249,17.58421052631579,2430.9345263157893,190,9585.760526315782,2.5842105263157897,64.72452631578926,1,0.0934194207009009,Normal,0.1318071898721167,13.18,Low,No major individual anomaly reason was identified.
INV0439,Tech World,Electronics,2026-01-03,5,1080.52,5402.61,0,50436.67067961165,78785.82328290903,15.728155339805824,3009.856310679612,206,45034.06067961165,10.728155339805824,1929.336310679612,1,0.1214267162325133,Normal,0.057106894264782,5.71,Low,No major individual anomaly reason was identified.
INV0440,ABC Supplies,Furniture,2026-04-14,13,4303.88,55950.38,0,39308.7219047619,30437.02387711439,14.652380952380952,2675.61380952381,210,16641.658095238097,1.6523809523809518,1628.2661904761903,1,0.1006870903678063,Normal,0.1124230593379309,11.24,Low,No major individual anomaly reason was identified.
INV0441,ABC Supplies,Furniture,2026-08-12,8,4436.29,35490.3,0,39308.7219047619,30437.02387711439,14.652380952380952,2675.61380952381,210,3818.421904761897,6.652380952380952,1760.6761904761902,1,0.0923931723853421,Normal,0.1345443714201259,13.45,Low,No major individual anomaly reason was identified.
INV0442,Prime Stationery,Office Equipment,2026-11-16,8,2438.29,19506.29,0,49099.6287745098,118131.68858502238,16.75980392156863,2887.2864215686277,204,29593.3387745098,8.75980392156863,448.99642156862774,1,0.1304528493746587,Normal,0.033032637857255,3.3,Low,No major individual anomaly reason was identified.
INV0443,Global Office,Electronics,2026-12-28,5,563.36,2816.79,0,45078.94052631578,49567.56191589249,17.58421052631579,2430.9345263157893,190,42262.15052631578,12.58421052631579,1867.5745263157892,1,0.0572333482617141,Normal,0.2283216964236195,22.83,Low,No major individual anomaly reason was identified.
INV0444,Global Office,Office Equipment,2026-12-20,28,2061.57,57723.83,0,45078.94052631578,49567.56191589249,17.58421052631579,2430.9345263157893,190,12644.88947368422,10.41578947368421,369.36452631578913,1,0.0873466005911521,Normal,0.1480044502200988,14.8,Low,No major individual anomaly reason was identified.
INV0445,Prime Stationery,Electronics,2026-01-10,9,4056.98,36512.83,0,49099.6287745098,118131.68858502238,16.75980392156863,2887.2864215686277,204,12586.7987745098,7.759803921568629,1169.6935784313723,1,0.1125555277804977,Normal,0.0807678864161291,8.08,Low,No major individual anomaly reason was identified.
INV0446,Tech World,Office Equipment,2026-10-29,1,4528.52,4528.52,0,50436.67067961165,78785.82328290903,15.728155339805824,3009.856310679612,206,45908.150679611645,14.728155339805824,1518.6636893203886,1,0.082714820658187,Normal,0.1603582074684587,16.04,Low,No major individual anomaly reason was identified.
INV0447,Global Office,Furniture,2026-08-19,4,1176.67,4706.68,0,45078.94052631578,49567.56191589249,17.58421052631579,2430.9345263157893,190,40372.26052631578,13.58421052631579,1254.2645263157892,1,0.0698216213908335,Normal,0.1947465972902634,19.47,Low,No major individual anomaly reason was identified.
INV0448,ABC Supplies,Furniture,2026-08-07,3,521.47,1564.42,0,39308.7219047619,30437.02387711439,14.652380952380952,2675.61380952381,210,37744.3019047619,11.652380952380952,2154.14380952381,1,0.0676120333856212,Normal,0.2006399502194485,20.06,Low,No major individual anomaly reason was identified.
INV0449,ABC Supplies,Stationery,2026-03-07,2,4411.28,8822.56,0,39308.7219047619,30437.02387711439,14.652380952380952,2675.61380952381,210,30486.161904761902,12.652380952380952,1735.66619047619,1,0.0784200243882964,Normal,0.1718131710714951,17.18,Low,No major individual anomaly reason was identified.
INV0450,XYZ Traders,Office Equipment,2026-04-22,8,2069.14,16553.15,0,41375.7582631579,62834.003986022224,14.242105263157894,2716.9371578947366,190,24822.608263157897,6.242105263157894,647.7971578947368,1,0.1234026753269975,Normal,0.051836670001273,5.18,Low,No major individual anomaly reason was identified.
INV0451,Global Office,Software,2026-01-13,23,2800.45,64410.41,0,45078.94052631578,49567.56191589249,17.58421052631579,2430.9345263157893,190,19331.46947368422,5.41578947368421,369.5154736842105,1,0.1099923863905675,Normal,0.087604227300777,8.76,Low,No major individual anomaly reason was identified.
INV0452,Tech World,Stationery,2026-03-27,9,4846.72,43620.44,0,50436.67067961165,78785.82328290903,15.728155339805824,3009.856310679612,206,6816.230679611646,6.728155339805825,1836.8636893203884,1,0.0950361042010767,Normal,0.1274952156855937,12.75,Low,No major individual anomaly reason was identified.
INV0453,Prime Stationery,Office Equipment,2026-08-22,2,519.51,1039.02,0,49099.6287745098,118131.68858502238,16.75980392156863,2887.2864215686277,204,48060.608774509805,14.75980392156863,2367.7764215686275,1,0.0702317987947307,Normal,0.193652583293518,19.37,Low,No major individual anomaly reason was identified.
INV0454,Prime Stationery,Office Equipment,2026-03-31,14,3311.93,46366.97,0,49099.6287745098,118131.68858502238,16.75980392156863,2887.2864215686277,204,2732.6587745098004,2.759803921568629,424.64357843137213,1,0.1058492288509026,Normal,0.0986547442138218,9.87,Low,No major individual anomaly reason was identified.
INV0455,Tech World,Stationery,2026-11-10,14,555.71,7779.88,0,50436.67067961165,78785.82328290903,15.728155339805824,3009.856310679612,206,42656.79067961165,1.7281553398058254,2454.146310679612,1,0.103994164363193,Normal,0.1036025216758108,10.36,Low,No major individual anomaly reason was identified.
INV0456,XYZ Traders,Furniture,2026-02-23,4,2002.25,8009.0,0,41375.7582631579,62834.003986022224,14.242105263157894,2716.9371578947366,190,33366.7582631579,10.242105263157894,714.6871578947366,1,0.1090794976494529,Normal,0.0900390592802125,9.0,Low,No major individual anomaly reason was identified.
INV0457,Prime Stationery,Office Equipment,2026-01-12,6,4058.31,24349.86,0,49099.6287745098,118131.68858502238,16.75980392156863,2887.2864215686277,204,24749.7687745098,10.75980392156863,1171.0235784313722,1,0.1211531947564211,Normal,0.0578364232939587,5.78,Low,No major individual anomaly reason was identified.
INV0458,Global Office,Furniture,2026-07-28,11,2280.67,25087.33,0,45078.94052631578,49567.56191589249,17.58421052631579,2430.9345263157893,190,19991.61052631578,6.58421052631579,150.26452631578923,1,0.1167799596061516,Normal,0.0695005969417422,6.95,Low,No major individual anomaly reason was identified.
INV0459,XYZ Traders,Stationery,2026-01-14,3,4986.48,14959.43,0,41375.7582631579,62834.003986022224,14.242105263157894,2716.9371578947366,190,26416.3282631579,11.242105263157894,2269.542842105263,1,0.056579215522118,Normal,0.2300663814453885,23.01,Low,No major individual anomaly reason was identified.
INV0460,Global Office,Furniture,2026-05-01,8,2883.48,23067.88,0,45078.94052631578,49567.56191589249,17.58421052631579,2430.9345263157893,190,22011.06052631578,9.58421052631579,452.5454736842107,1,0.1119868442167149,Normal,0.0822846637241579,8.23,Low,No major individual anomaly reason was identified.
INV0461,ABC Supplies,Electronics,2026-01-20,3,1741.58,5224.73,0,39308.7219047619,30437.02387711439,14.652380952380952,2675.61380952381,210,34083.991904761904,11.652380952380952,934.03380952381,1,0.1037684413401193,Normal,0.1042045639733241,10.42,Low,No major individual anomaly reason was identified.
INV0462,XYZ Traders,Software,2026-03-16,14,1256.53,17591.48,0,41375.7582631579,62834.003986022224,14.242105263157894,2716.9371578947366,190,23784.2782631579,0.2421052631578941,1460.4071578947369,1,0.126070516242317,Normal,0.0447210773949548,4.47,Low,No major individual anomaly reason was identified.
INV0463,Prime Stationery,Office Equipment,2026-08-31,28,1882.5,52709.96,0,49099.6287745098,118131.68858502238,16.75980392156863,2887.2864215686277,204,3610.3312254901975,11.24019607843137,1004.7864215686276,1,0.0977850643160525,Normal,0.1201632641599748,12.02,Low,No major individual anomaly reason was identified.
INV0464,XYZ Traders,Software,2026-08-11,13,1988.16,25846.08,0,41375.7582631579,62834.003986022224,14.242105263157894,2716.9371578947366,190,15529.678263157895,1.2421052631578942,728.7771578947365,1,0.1289015546312067,Normal,0.0371702089333045,3.72,Low,No major individual anomaly reason was identified.
INV0465,XYZ Traders,Furniture,2026-03-11,13,529.83,6887.73,0,41375.7582631579,62834.003986022224,14.242105263157894,2716.9371578947366,190,34488.0282631579,1.2421052631578942,2187.1071578947367,1,0.1082992913283782,Normal,0.0921200043237354,9.21,Low,No major individual anomaly reason was identified.
INV0466,XYZ Traders,Office Equipment,2026-11-08,2,1973.96,3947.91,0,41375.7582631579,62834.003986022224,14.242105263157894,2716.9371578947366,190,37427.848263157895,12.242105263157894,742.9771578947366,1,0.0931561146445598,Normal,0.1325094726120435,13.25,Low,No major individual anomaly reason was identified.
INV0467,XYZ Traders,Furniture,2026-07-30,39,8968.47,349770.2,1,41375.7582631579,62834.003986022224,14.242105263157894,2716.9371578947366,190,308394.4417368421,24.757894736842104,6251.532842105263,-1,-0.1080968791009375,Anomaly,0.6692859745660051,66.93,Medium,Invoice amount is significantly higher than the vendor average. Invoice quantity is significantly higher than the vendor average. Unit price is significantly different from the vendor average. Machine learning model identified this invoice as unusual.
INV0468,Global Office,Electronics,2026-04-11,29,3669.14,106405.1,0,45078.94052631578,49567.56191589249,17.58421052631579,2430.9345263157893,190,61326.15947368422,11.41578947368421,1238.2054736842106,1,0.072308437562624,Normal,0.1881138289480229,18.81,Low,No major individual anomaly reason was identified.
INV0469,ABC Supplies,Stationery,2026-07-05,19,3352.3,63693.73,0,39308.7219047619,30437.02387711439,14.652380952380952,2675.61380952381,210,24385.008095238103,4.347619047619048,676.6861904761904,1,0.1170106086858422,Normal,0.0688854160002264,6.89,Low,No major individual anomaly reason was identified.
INV0470,Tech World,Office Equipment,2026-05-12,27,3602.08,97256.03,0,50436.67067961165,78785.82328290903,15.728155339805824,3009.856310679612,206,46819.35932038835,11.271844660194176,592.2236893203881,1,0.1032086301055112,Normal,0.1056976772466971,10.57,Low,No major individual anomaly reason was identified.
INV0471,XYZ Traders,Electronics,2026-04-21,6,240.15,1440.87,0,41375.7582631579,62834.003986022224,14.242105263157894,2716.9371578947366,190,39934.888263157896,8.242105263157894,2476.7871578947365,1,0.0707626931386758,Normal,0.1922365963631056,19.22,Low,No major individual anomaly reason was identified.
INV0472,Prime Stationery,Electronics,2026-05-12,16,1244.8,19916.86,0,49099.6287745098,118131.68858502238,16.75980392156863,2887.2864215686277,204,29182.7687745098,0.7598039215686292,1642.4864215686275,1,0.1263308498047015,Normal,0.044026722809926,4.4,Low,No major individual anomaly reason was identified.
INV0473,XYZ Traders,Office Equipment,2026-01-20,2,3376.08,6752.17,0,41375.7582631579,62834.003986022224,14.242105263157894,2716.9371578947366,190,34623.5882631579,12.242105263157894,659.1428421052633,1,0.0941836549847994,Normal,0.1297688450110057,12.98,Low,No major individual anomaly reason was identified.
INV0474,Prime Stationery,Furniture,2026-01-24,8,2523.15,20185.19,0,49099.6287745098,118131.68858502238,16.75980392156863,2887.2864215686277,204,28914.438774509803,8.75980392156863,364.1364215686276,1,0.1307116972552478,Normal,0.0323422458422347,3.23,Low,No major individual anomaly reason was identified.
INV0475,Global Office,Electronics,2026-08-15,17,225.5,3833.58,0,45078.94052631578,49567.56191589249,17.58421052631579,2430.9345263157893,190,41245.36052631578,0.5842105263157897,2205.4345263157893,1,0.0551802332871034,Normal,0.2337977087485566,23.38,Low,No major individual anomaly reason was identified.
INV0476,Prime Stationery,Software,2026-06-03,23,4061.57,93416.21,0,49099.6287745098,118131.68858502238,16.75980392156863,2887.2864215686277,204,44316.581225490205,6.240196078431371,1174.2835784313725,1,0.0967569847763527,Normal,0.1229053298991228,12.29,Low,No major individual anomaly reason was identified.
INV0477,Tech World,Electronics,2026-10-20,2,3909.49,7818.97,0,50436.67067961165,78785.82328290903,15.728155339805824,3009.856310679612,206,42617.70067961165,13.728155339805824,899.6336893203879,1,0.1033701956191943,Normal,0.1052667541103145,10.53,Low,No major individual anomaly reason was identified.
INV0478,ABC Supplies,Furniture,2026-08-18,10,2832.41,28324.12,0,39308.7219047619,30437.02387711439,14.652380952380952,2675.61380952381,210,10984.6019047619,4.652380952380952,156.79619047619008,1,0.1241715274103104,Normal,0.0497860086713719,4.98,Low,No major individual anomaly reason was identified.
INV0479,Prime Stationery,Furniture,2026-11-06,28,519.02,14532.67,0,49099.6287745098,118131.68858502238,16.75980392156863,2887.2864215686277,204,34566.9587745098,11.24019607843137,2368.2664215686277,1,0.0827955064787109,Normal,0.1601430044461728,16.01,Low,No major individual anomaly reason was identified.
INV0480,Prime Stationery,Software,2026-12-25,16,3879.27,62068.36,0,49099.6287745098,118131.68858502238,16.75980392156863,2887.2864215686277,204,12968.7312254902,0.7598039215686292,991.9835784313724,1,0.1055339746948331,Normal,0.0994955815100631,9.95,Low,No major individual anomaly reason was identified.
INV0481,ABC Supplies,Electronics,2026-07-21,6,3001.83,18010.95,0,39308.7219047619,30437.02387711439,14.652380952380952,2675.61380952381,210,21297.7719047619,8.652380952380952,326.21619047619015,1,0.119149590902383,Normal,0.0631803809069923,6.32,Low,No major individual anomaly reason was identified.
INV0482,Tech World,Furniture,2026-02-07,28,3953.41,110695.42,0,50436.67067961165,78785.82328290903,15.728155339805824,3009.856310679612,206,60258.74932038835,12.271844660194176,943.553689320388,1,0.0787306223936261,Normal,0.1709847525336542,17.1,Low,No major individual anomaly reason was identified.
INV0483,XYZ Traders,Office Equipment,2026-09-17,2,3808.39,7616.77,0,41375.7582631579,62834.003986022224,14.242105263157894,2716.9371578947366,190,33758.988263157895,12.242105263157894,1091.4528421052632,1,0.0924880580466784,Normal,0.1342912949692877,13.43,Low,No major individual anomaly reason was identified.
INV0484,Prime Stationery,Stationery,2026-07-07,2,4054.41,8108.82,0,49099.6287745098,118131.68858502238,16.75980392156863,2887.2864215686277,204,40990.8087745098,14.75980392156863,1167.1235784313722,1,0.0998125092123126,Normal,0.1147557183686553,11.48,Low,No major individual anomaly reason was identified.
INV0485,ABC Supplies,Stationery,2026-02-26,26,2686.44,69847.41,0,39308.7219047619,30437.02387711439,14.652380952380952,2675.61380952381,210,30538.688095238103,11.347619047619048,10.826190476190275,1,0.0802971682613244,Normal,0.1668065040745187,16.68,Low,No major individual anomaly reason was identified.
INV0486,Global Office,Stationery,2026-01-20,13,873.56,11356.25,0,45078.94052631578,49567.56191589249,17.58421052631579,2430.9345263157893,190,33722.69052631578,4.58421052631579,1557.3745263157894,1,0.1157929214842396,Normal,0.0721331981295046,7.21,Low,No major individual anomaly reason was identified.
INV0487,ABC Supplies,Electronics,2026-09-30,24,3421.56,82117.34,0,39308.7219047619,30437.02387711439,14.652380952380952,2675.61380952381,210,42808.6180952381,9.347619047619048,745.9461904761902,1,0.0984882776339862,Normal,0.1182876727568217,11.83,Low,No major individual anomaly reason was identified.
INV0488,Global Office,Software,2026-04-29,135,3178.27,429067.01,1,45078.94052631578,49567.56191589249,17.58421052631579,2430.9345263157893,190,383988.06947368424,117.4157894736842,747.3354736842107,-1,-0.1586868570747184,Anomaly,0.8042181855374091,80.42,High,Invoice amount is significantly higher than the vendor average. Invoice quantity is significantly higher than the vendor average. Machine learning model identified this invoice as unusual.
INV0489,Tech World,Furniture,2026-03-12,28,3762.82,105358.83,0,50436.67067961165,78785.82328290903,15.728155339805824,3009.856310679612,206,54922.15932038835,12.271844660194176,752.9636893203883,1,0.0873796656313354,Normal,0.1479162600457504,14.79,Low,No major individual anomaly reason was identified.
INV0490,XYZ Traders,Office Equipment,2026-01-04,2,1015.43,2030.86,0,41375.7582631579,62834.003986022224,14.242105263157894,2716.9371578947366,190,39344.8982631579,12.242105263157894,1701.5071578947368,1,0.0934255632759212,Normal,0.1317908065633717,13.18,Low,No major individual anomaly reason was identified.
INV0491,ABC Supplies,Office Equipment,2026-08-09,7,1135.88,7951.17,0,39308.7219047619,30437.02387711439,14.652380952380952,2675.61380952381,210,31357.551904761905,7.652380952380952,1539.7338095238097,1,0.1156866278061407,Normal,0.0724167017318505,7.24,Low,No major individual anomaly reason was identified.
INV0492,Prime Stationery,Electronics,2026-01-14,3,4473.97,13421.9,0,49099.6287745098,118131.68858502238,16.75980392156863,2887.2864215686277,204,35677.7287745098,13.75980392156863,1586.6835784313726,1,0.0988998351517496,Normal,0.1171899777579723,11.72,Low,No major individual anomaly reason was identified.
INV0493,Tech World,Stationery,2026-01-03,8,3799.89,30399.15,0,50436.67067961165,78785.82328290903,15.728155339805824,3009.856310679612,206,20037.520679611647,7.728155339805825,790.033689320388,1,0.1366737674705506,Normal,0.0164403745954338,1.64,Low,No major individual anomaly reason was identified.
INV0494,ABC Supplies,Electronics,2026-08-04,23,4559.5,104868.43,0,39308.7219047619,30437.02387711439,14.652380952380952,2675.61380952381,210,65559.7080952381,8.347619047619048,1883.8861904761904,1,0.0490330610993792,Normal,0.2501932789332565,25.02,Low,Invoice amount is significantly higher than the vendor average.
INV0495,Prime Stationery,Software,2026-08-17,14,3841.83,53785.67,0,49099.6287745098,118131.68858502238,16.75980392156863,2887.2864215686277,204,4686.041225490197,2.759803921568629,954.5435784313722,1,0.1070475275590935,Normal,0.0954586745459486,9.55,Low,No major individual anomaly reason was identified.
INV0496,ABC Supplies,Software,2026-12-02,24,3066.35,73592.29,0,39308.7219047619,30437.02387711439,14.652380952380952,2675.61380952381,210,34283.56809523809,9.347619047619048,390.7361904761902,1,0.1031962410993929,Normal,0.1057307208662881,10.57,Low,No major individual anomaly reason was identified.
INV0497,Global Office,Furniture,2026-07-05,23,3339.84,76816.25,0,45078.94052631578,49567.56191589249,17.58421052631579,2430.9345263157893,190,31737.309473684218,5.41578947368421,908.9054736842108,1,0.1051443771043573,Normal,0.1005347055891303,10.05,Low,No major individual anomaly reason was identified.
INV0498,ABC Supplies,Furniture,2026-02-24,27,4467.81,120630.98,0,39308.7219047619,30437.02387711439,14.652380952380952,2675.61380952381,210,81322.2580952381,12.347619047619048,1792.1961904761906,1,0.0024357829099238,Normal,0.3744762698175653,37.45,Low,Invoice amount is significantly higher than the vendor average.
INV0499,ABC Supplies,Software,2026-09-11,22,2978.27,65521.99,0,39308.7219047619,30437.02387711439,14.652380952380952,2675.61380952381,210,26213.268095238094,7.347619047619048,302.6561904761902,1,0.1080574656155656,Normal,0.0927649952766164,9.28,Low,No major individual anomaly reason was identified.
INV0500,ABC Supplies,Software,2026-01-24,29,3235.48,93828.87,0,39308.7219047619,30437.02387711439,14.652380952380952,2675.61380952381,210,54520.148095238095,14.347619047619048,559.8661904761902,1,0.0498677827723126,Normal,0.2479669320284797,24.8,Low,No major individual anomaly reason was identified.
INV0501,Tech World,Software,2026-06-11,7,951.09,6657.62,0,50436.67067961165,78785.82328290903,15.728155339805824,3009.856310679612,206,43779.050679611646,8.728155339805825,2058.7663106796117,1,0.1193781547045838,Normal,0.0625707617607857,6.26,Low,No major individual anomaly reason was identified.
INV0502,ABC Supplies,Electronics,2026-06-07,21,2474.82,51971.26,0,39308.7219047619,30437.02387711439,14.652380952380952,2675.61380952381,210,12662.538095238102,6.347619047619048,200.7938095238096,1,0.1111817120778909,Normal,0.0844320902296994,8.44,Low,No major individual anomaly reason was identified.
INV0503,Prime Stationery,Software,2026-03-23,7,3638.71,25470.94,0,49099.6287745098,118131.68858502238,16.75980392156863,2887.2864215686277,204,23628.688774509803,9.75980392156863,751.4235784313723,1,0.1184341357957452,Normal,0.06508862327546,6.51,Low,No major individual anomaly reason was identified.
INV0504,Global Office,Office Equipment,2026-06-08,1,1500.52,1500.52,0,45078.94052631578,49567.56191589249,17.58421052631579,2430.9345263157893,190,43578.420526315786,16.58421052631579,930.4145263157892,1,0.0414502758940312,Normal,0.2704178770465257,27.04,Low,No major individual anomaly reason was identified.
INV0505,Global Office,Stationery,2026-07-07,17,1170.82,19903.94,0,45078.94052631578,49567.56191589249,17.58421052631579,2430.9345263157893,190,25175.000526315784,0.5842105263157897,1260.1145263157894,1,0.1044292660291327,Normal,0.1024420303663856,10.24,Low,No major individual anomaly reason was identified.
INV0506,ABC Supplies,Software,2026-03-01,9,1706.37,15357.32,0,39308.7219047619,30437.02387711439,14.652380952380952,2675.61380952381,210,23951.4019047619,5.652380952380952,969.24380952381,1,0.1343965901687399,Normal,0.0225139998550941,2.25,Low,No major individual anomaly reason was identified.
INV0507,Tech World,Stationery,2026-11-01,21,1359.2,28543.26,0,50436.67067961165,78785.82328290903,15.728155339805824,3009.856310679612,206,21893.41067961165,5.271844660194175,1650.6563106796118,1,0.1223026055132507,Normal,0.0547707462380463,5.48,Low,No major individual anomaly reason was identified.
INV0508,Tech World,Electronics,2026-11-15,13,1231.58,16010.55,0,50436.67067961165,78785.82328290903,15.728155339805824,3009.856310679612,206,34426.120679611646,2.728155339805826,1778.276310679612,1,0.1274967070671375,Normal,0.0409171800823311,4.09,Low,No major individual anomaly reason was identified.
INV0509,Prime Stationery,Stationery,2026-07-30,21,2239.28,47024.96,0,49099.6287745098,118131.68858502238,16.75980392156863,2887.2864215686277,204,2074.6687745098025,4.240196078431371,648.0064215686275,1,0.1082701956633535,Normal,0.092197607488803,9.22,Low,No major individual anomaly reason was identified.
INV0510,ABC Supplies,Electronics,2026-06-01,19,4557.62,86594.87,0,39308.7219047619,30437.02387711439,14.652380952380952,2675.61380952381,210,47286.148095238095,4.347619047619048,1882.00619047619,1,0.0768996823198675,Normal,0.1758681860160019,17.59,Low,No major individual anomaly reason was identified.
INV0511,Global Office,Office Equipment,2026-04-19,21,2633.89,55311.61,0,45078.94052631578,49567.56191589249,17.58421052631579,2430.9345263157893,190,10232.669473684218,3.4157894736842103,202.95547368421057,1,0.0999182023978307,Normal,0.114473816383761,11.45,Low,No major individual anomaly reason was identified.
INV0512,Tech World,Electronics,2026-03-17,19,1102.02,20938.34,0,50436.67067961165,78785.82328290903,15.728155339805824,3009.856310679612,206,29498.33067961165,3.271844660194174,1907.836310679612,1,0.1230112214430886,Normal,0.0528807451356118,5.29,Low,No major individual anomaly reason was identified.
INV0513,ABC Supplies,Electronics,2026-01-30,25,569.46,14236.6,0,39308.7219047619,30437.02387711439,14.652380952380952,2675.61380952381,210,25072.1219047619,10.347619047619048,2106.1538095238097,1,0.0741664613861458,Normal,0.1831581584261803,18.32,Low,No major individual anomaly reason was identified.
INV0514,Tech World,Furniture,2026-11-10,25,3541.55,88538.74,0,50436.67067961165,78785.82328290903,15.728155339805824,3009.856310679612,206,38102.06932038836,9.271844660194176,531.6936893203883,1,0.1178607652598088,Normal,0.0666179015479244,6.66,Low,No major individual anomaly reason was identified.
INV0515,Tech World,Software,2026-04-27,22,2037.43,44823.55,0,50436.67067961165,78785.82328290903,15.728155339805824,3009.856310679612,206,5613.120679611646,6.271844660194175,972.4263106796118,1,0.1080418460897122,Normal,0.0928066552504321,9.28,Low,No major individual anomaly reason was identified.
INV0516,Global Office,Software,2026-12-22,17,4144.79,70461.41,0,45078.94052631578,49567.56191589249,17.58421052631579,2430.9345263157893,190,25382.46947368422,0.5842105263157897,1713.855473684211,1,0.087956138740007,Normal,0.1463787066758135,14.64,Low,No major individual anomaly reason was identified.
INV0517,XYZ Traders,Office Equipment,2026-07-11,23,3365.65,77409.99,0,41375.7582631579,62834.003986022224,14.242105263157894,2716.9371578947366,190,36034.231736842106,8.757894736842106,648.7128421052635,1,0.101770309602457,Normal,0.1095339265066432,10.95,Low,No major individual anomaly reason was identified.
INV0518,Prime Stationery,Office Equipment,2026-01-19,23,4021.96,92505.06,0,49099.6287745098,118131.68858502238,16.75980392156863,2887.2864215686277,204,43405.43122549019,6.240196078431371,1134.6735784313723,1,0.1015529137846468,Normal,0.1101137587091452,11.01,Low,No major individual anomaly reason was identified.
INV0519,Prime Stationery,Software,2026-06-22,10,1505.34,15053.41,0,49099.6287745098,118131.68858502238,16.75980392156863,2887.2864215686277,204,34046.218774509805,6.759803921568629,1381.9464215686278,1,0.1358667015388084,Normal,0.0185929588607622,1.86,Low,No major individual anomaly reason was identified.
INV0520,Global Office,Furniture,2026-08-16,10,3523.32,35233.23,0,45078.94052631578,49567.56191589249,17.58421052631579,2430.9345263157893,190,9845.71052631578,7.58421052631579,1092.3854736842109,1,0.1035543571270419,Normal,0.1047755635539046,10.48,Low,No major individual anomaly reason was identified.
INV0521,Tech World,Software,2026-12-16,4,1467.5,5869.99,0,50436.67067961165,78785.82328290903,15.728155339805824,3009.856310679612,206,44566.68067961165,11.728155339805824,1542.356310679612,1,0.1215202788090844,Normal,0.0568573467095831,5.69,Low,No major individual anomaly reason was identified.
INV0522,ABC Supplies,Furniture,2026-07-02,8,4707.53,37660.23,0,39308.7219047619,30437.02387711439,14.652380952380952,2675.61380952381,210,1648.4919047618969,6.652380952380952,2031.91619047619,1,0.0828039891208778,Normal,0.1601203797740875,16.01,Low,No major individual anomaly reason was identified.
INV0523,Tech World,Office Equipment,2026-04-23,22,3254.6,71601.12,0,50436.67067961165,78785.82328290903,15.728155339805824,3009.856310679612,206,21164.449320388347,6.271844660194175,244.74368932038809,1,0.1230418403878085,Normal,0.0527990791204416,5.28,Low,No major individual anomaly reason was identified.
INV0524,Global Office,Stationery,2026-07-02,20,1757.66,35153.13,0,45078.94052631578,49567.56191589249,17.58421052631579,2430.9345263157893,190,9925.810526315783,2.4157894736842103,673.2745263157892,1,0.1090277720228738,Normal,0.0901770204622042,9.02,Low,No major individual anomaly reason was identified.
INV0525,Prime Stationery,Office Equipment,2026-05-26,20,1493.66,29873.14,0,49099.6287745098,118131.68858502238,16.75980392156863,2887.2864215686277,204,19226.4887745098,3.240196078431371,1393.6264215686276,1,0.1291532065553059,Normal,0.0364990097773864,3.65,Low,No major individual anomaly reason was identified.
INV0526,Tech World,Office Equipment,2026-11-15,18,1116.45,20096.06,0,50436.67067961165,78785.82328290903,15.728155339805824,3009.856310679612,206,30340.610679611647,2.271844660194174,1893.406310679612,1,0.1227335320018876,Normal,0.0536213908477741,5.36,Low,No major individual anomaly reason was identified.
INV0527,Prime Stationery,Electronics,2026-04-26,14,3534.28,49479.87,0,49099.6287745098,118131.68858502238,16.75980392156863,2887.2864215686277,204,380.24122549020103,2.759803921568629,646.9935784313725,1,0.1015289338360994,Normal,0.1101777173745979,11.02,Low,No major individual anomaly reason was identified.
INV0528,ABC Supplies,Electronics,2026-04-23,18,1249.83,22497.03,0,39308.7219047619,30437.02387711439,14.652380952380952,2675.61380952381,210,16811.6919047619,3.347619047619048,1425.78380952381,1,0.1192756985339112,Normal,0.0628440300678738,6.28,Low,No major individual anomaly reason was identified.
INV0529,Prime Stationery,Electronics,2026-09-08,28,3057.46,85608.76,0,49099.6287745098,118131.68858502238,16.75980392156863,2887.2864215686277,204,36509.13122549019,11.24019607843137,170.1735784313723,1,0.0991775931655757,Normal,0.1164491491507725,11.64,Low,No major individual anomaly reason was identified.
INV0530,Prime Stationery,Electronics,2026-09-08,14,1470.25,20583.47,0,49099.6287745098,118131.68858502238,16.75980392156863,2887.2864215686277,204,28516.1587745098,2.759803921568629,1417.0364215686277,1,0.1326809581904306,Normal,0.0270898867267289,2.71,Low,No major individual anomaly reason was identified.
INV0531,XYZ Traders,Furniture,2026-10-30,20,3377.45,67549.02,0,41375.7582631579,62834.003986022224,14.242105263157894,2716.9371578947366,190,26173.261736842105,5.757894736842106,660.5128421052632,1,0.1142727870192266,Normal,0.0761876593598364,7.62,Low,No major individual anomaly reason was identified.
INV0532,XYZ Traders,Software,2026-11-09,21,4111.71,86345.92,0,41375.7582631579,62834.003986022224,14.242105263157894,2716.9371578947366,190,44970.1617368421,6.757894736842106,1394.7728421052634,1,0.099628507034242,Normal,0.1152464839650248,11.52,Low,No major individual anomaly reason was identified.
INV0533,XYZ Traders,Stationery,2026-04-28,24,3934.52,94428.51,0,41375.7582631579,62834.003986022224,14.242105263157894,2716.9371578947366,190,53052.751736842096,9.757894736842106,1217.5828421052634,1,0.0873226372122426,Normal,0.1480683646914647,14.81,Low,No major individual anomaly reason was identified.
INV0534,Prime Stationery,Office Equipment,2026-10-28,15,3852.09,57781.3,0,49099.6287745098,118131.68858502238,16.75980392156863,2887.2864215686277,204,8681.671225490201,1.7598039215686292,964.8035784313724,1,0.1112226143886439,Normal,0.0843229967008071,8.43,Low,No major individual anomaly reason was identified.
INV0535,Global Office,Furniture,2026-06-10,22,1101.07,24223.49,0,45078.94052631578,49567.56191589249,17.58421052631579,2430.9345263157893,190,20855.45052631578,4.41578947368421,1329.8645263157894,1,0.1094373445026666,Normal,0.0890846199025494,8.91,Low,No major individual anomaly reason was identified.
INV0536,Prime Stationery,Stationery,2026-07-17,4,624.25,2496.99,0,49099.6287745098,118131.68858502238,16.75980392156863,2887.2864215686277,204,46602.6387745098,12.75980392156863,2263.0364215686277,1,0.0866488171165366,Normal,0.149865559293085,14.99,Low,No major individual anomaly reason was identified.
INV0537,Global Office,Furniture,2026-09-17,13,3554.95,46214.41,0,45078.94052631578,49567.56191589249,17.58421052631579,2430.9345263157893,190,1135.4694736842212,4.58421052631579,1124.0154736842103,1,0.088513296029171,Normal,0.1448926719334245,14.49,Low,No major individual anomaly reason was identified.
INV0538,Global Office,Furniture,2026-05-28,27,1968.07,53137.8,0,45078.94052631578,49567.56191589249,17.58421052631579,2430.9345263157893,190,8058.859473684221,9.41578947368421,462.86452631578936,1,0.0889911313710568,Normal,0.143618202527758,14.36,Low,No major individual anomaly reason was identified.
INV0539,XYZ Traders,Office Equipment,2026-08-28,23,2275.26,52331.02,0,41375.7582631579,62834.003986022224,14.242105263157894,2716.9371578947366,190,10955.261736842098,8.757894736842106,441.6771578947364,1,0.0961705864190351,Normal,0.1244693556218434,12.45,Low,No major individual anomaly reason was identified.
INV0540,Tech World,Software,2026-02-16,8,349.52,2796.13,0,50436.67067961165,78785.82328290903,15.728155339805824,3009.856310679612,206,47640.54067961165,7.728155339805825,2660.336310679612,1,0.0918372308800547,Normal,0.1360271634568823,13.6,Low,No major individual anomaly reason was identified.
INV0541,ABC Supplies,Electronics,2026-07-17,18,1445.97,26027.41,0,39308.7219047619,30437.02387711439,14.652380952380952,2675.61380952381,210,13281.3119047619,3.347619047619048,1229.6438095238098,1,0.1172925769347836,Normal,0.0681333579686314,6.81,Low,No major individual anomaly reason was identified.
INV0542,XYZ Traders,Software,2026-02-16,12,361.65,4339.76,0,41375.7582631579,62834.003986022224,14.242105263157894,2716.9371578947366,190,37035.9982631579,2.242105263157894,2355.2871578947365,1,0.0948118517588512,Normal,0.1280933356899334,12.81,Low,No major individual anomaly reason was identified.
INV0543,XYZ Traders,Office Equipment,2026-03-19,23,4420.09,101662.11,0,41375.7582631579,62834.003986022224,14.242105263157894,2716.9371578947366,190,60286.3517368421,8.757894736842106,1703.1528421052635,1,0.0734589777379423,Normal,0.1850451395378876,18.5,Low,No major individual anomaly reason was identified.
INV0544,Tech World,Office Equipment,2026-05-04,14,1368.3,19156.26,0,50436.67067961165,78785.82328290903,15.728155339805824,3009.856310679612,206,31280.41067961165,1.7281553398058254,1641.556310679612,1,0.1214615114711753,Normal,0.0570140893521889,5.7,Low,No major individual anomaly reason was identified.
INV0545,ABC Supplies,Office Equipment,2026-03-16,2,2875.22,5750.44,0,39308.7219047619,30437.02387711439,14.652380952380952,2675.61380952381,210,33558.2819047619,12.652380952380952,199.60619047619,1,0.0787322212389686,Normal,0.1709804881369158,17.1,Low,No major individual anomaly reason was identified.
INV0546,Prime Stationery,Stationery,2026-12-25,18,387.1,6967.81,0,49099.6287745098,118131.68858502238,16.75980392156863,2887.2864215686277,204,42131.81877450981,1.2401960784313708,2500.186421568628,1,0.0813627176993642,Normal,0.1639644996433533,16.4,Low,No major individual anomaly reason was identified.
INV0547,Prime Stationery,Software,2026-05-17,24,3400.87,81620.82,0,49099.6287745098,118131.68858502238,16.75980392156863,2887.2864215686277,204,32521.191225490205,7.240196078431371,513.5835784313722,1,0.1107162403076487,Normal,0.085673583853913,8.57,Low,No major individual anomaly reason was identified.
INV0548,XYZ Traders,Software,2026-03-31,2,1750.53,3501.06,0,41375.7582631579,62834.003986022224,14.242105263157894,2716.9371578947366,190,37874.6982631579,12.242105263157894,966.4071578947368,1,0.095024511830033,Normal,0.1275261345418173,12.75,Low,No major individual anomaly reason was identified.
INV0549,ABC Supplies,Furniture,2026-11-21,11,4510.01,49610.13,0,39308.7219047619,30437.02387711439,14.652380952380952,2675.61380952381,210,10301.408095238095,3.652380952380952,1834.3961904761904,1,0.1004155016286701,Normal,0.1131474334237543,11.31,Low,No major individual anomaly reason was identified.
INV0550,XYZ Traders,Furniture,2026-03-02,9,4462.97,40166.71,0,41375.7582631579,62834.003986022224,14.242105263157894,2716.9371578947366,190,1209.0482631578998,5.242105263157894,1746.0328421052636,1,0.0840572576864635,Normal,0.1567776960001772,15.68,Low,No major individual anomaly reason was identified.
INV0551,Global Office,Furniture,2026-05-18,12,1761.39,21136.74,0,45078.94052631578,49567.56191589249,17.58421052631579,2430.9345263157893,190,23942.20052631578,5.58421052631579,669.5445263157892,1,0.1253317280683298,Normal,0.0466915530849677,4.67,Low,No major individual anomaly reason was identified.
INV0552,XYZ Traders,Office Equipment,2026-02-19,17,4524.61,76918.41,0,41375.7582631579,62834.003986022224,14.242105263157894,2716.9371578947366,190,35542.651736842105,2.757894736842106,1807.672842105263,1,0.0999165894306361,Normal,0.1144781184459186,11.45,Low,No major individual anomaly reason was identified.
INV0553,XYZ Traders,Software,2026-09-16,15,4981.56,74723.35,0,41375.7582631579,62834.003986022224,14.242105263157894,2716.9371578947366,190,33347.59173684211,0.7578947368421058,2264.622842105264,1,0.0703279435102144,Normal,0.1933961487277596,19.34,Low,No major individual anomaly reason was identified.
INV0554,Prime Stationery,Office Equipment,2026-04-17,25,4162.0,104049.88,0,49099.6287745098,118131.68858502238,16.75980392156863,2887.2864215686277,204,54950.2512254902,8.24019607843137,1274.7135784313723,1,0.0865852874140417,Normal,0.1500350039847675,15.0,Low,No major individual anomaly reason was identified.
INV0555,Prime Stationery,Stationery,2026-04-23,17,4255.38,72341.5,0,49099.6287745098,118131.68858502238,16.75980392156863,2887.2864215686277,204,23241.8712254902,0.2401960784313708,1368.0935784313724,1,0.1007607105221404,Normal,0.1122267016680085,11.22,Low,No major individual anomaly reason was identified.
INV0556,Prime Stationery,Furniture,2026-12-16,26,1395.24,36276.29,0,49099.6287745098,118131.68858502238,16.75980392156863,2887.2864215686277,204,12823.3387745098,9.24019607843137,1492.0464215686277,1,0.1189352670196519,Normal,0.0637520197279435,6.38,Low,No major individual anomaly reason was identified.
INV0557,Global Office,Office Equipment,2026-09-11,29,2968.17,86076.97,0,45078.94052631578,49567.56191589249,17.58421052631579,2430.9345263157893,190,40998.02947368422,11.41578947368421,537.2354736842108,1,0.0822510996818438,Normal,0.1615950314228837,16.16,Low,No major individual anomaly reason was identified.
INV0558,Prime Stationery,Office Equipment,2026-04-28,26,522.83,13593.54,0,49099.6287745098,118131.68858502238,16.75980392156863,2887.2864215686277,204,35506.0887745098,9.24019607843137,2364.456421568628,1,0.089423158514769,Normal,0.1424659115002553,14.25,Low,No major individual anomaly reason was identified.
INV0559,ABC Supplies,Stationery,2026-07-17,18,655.61,11800.91,0,39308.7219047619,30437.02387711439,14.652380952380952,2675.61380952381,210,27507.8119047619,3.347619047619048,2020.0038095238097,1,0.1014876368951957,Normal,0.1102878634502767,11.03,Low,No major individual anomaly reason was identified.
INV0560,Tech World,Electronics,2026-12-03,22,4994.68,109883.06,0,50436.67067961165,78785.82328290903,15.728155339805824,3009.856310679612,206,59446.38932038835,6.271844660194175,1984.8236893203884,1,0.0708211166913712,Normal,0.1920807706550556,19.21,Low,No major individual anomaly reason was identified.
INV0561,ABC Supplies,Software,2026-12-31,6,1767.87,10607.21,0,39308.7219047619,30437.02387711439,14.652380952380952,2675.61380952381,210,28701.5119047619,8.652380952380952,907.74380952381,1,0.1269316531742389,Normal,0.0424242764310648,4.24,Low,No major individual anomaly reason was identified.
INV0562,ABC Supplies,Electronics,2026-02-20,17,3791.28,64451.81,0,39308.7219047619,30437.02387711439,14.652380952380952,2675.61380952381,210,25143.088095238098,2.347619047619048,1115.6661904761904,1,0.1140261982549686,Normal,0.0768453541937674,7.68,Low,No major individual anomaly reason was identified.
INV0563,Prime Stationery,Furniture,2026-09-02,115,13903.31,1598880.9,1,49099.6287745098,118131.68858502238,16.75980392156863,2887.2864215686277,204,1549781.27122549,98.24019607843135,11016.023578431372,-1,-0.2320911065865596,Anomaly,1.0,100.0,High,Invoice amount is significantly higher than the vendor average. Invoice quantity is significantly higher than the vendor average. Unit price is significantly different from the vendor average. Machine learning model identified this invoice as unusual.
INV0564,Tech World,Office Equipment,2026-02-04,24,4318.51,103644.28,0,50436.67067961165,78785.82328290903,15.728155339805824,3009.856310679612,206,53207.60932038835,8.271844660194175,1308.6536893203884,1,0.1007332573082046,Normal,0.112299924132279,11.23,Low,No major individual anomaly reason was identified.
INV0565,Tech World,Stationery,2026-10-29,18,4988.62,89795.08,0,50436.67067961165,78785.82328290903,15.728155339805824,3009.856310679612,206,39358.40932038835,2.271844660194174,1978.763689320388,1,0.0805603628357121,Normal,0.1661045186762208,16.61,Low,No major individual anomaly reason was identified.
INV0566,Tech World,Stationery,2026-03-10,8,1359.18,10873.47,0,50436.67067961165,78785.82328290903,15.728155339805824,3009.856310679612,206,39563.20067961165,7.728155339805825,1650.6763106796118,1,0.1295534625015647,Normal,0.0354314580221526,3.54,Low,No major individual anomaly reason was identified.
INV0567,Global Office,Software,2026-12-15,9,393.68,3543.16,0,45078.94052631578,49567.56191589249,17.58421052631579,2430.9345263157893,190,41535.78052631578,8.58421052631579,2037.2545263157892,1,0.0692808457579847,Normal,0.1961889393252326,19.62,Low,No major individual anomaly reason was identified.
INV0568,Prime Stationery,Electronics,2026-11-16,6,2173.72,13042.32,0,49099.6287745098,118131.68858502238,16.75980392156863,2887.2864215686277,204,36057.3087745098,10.75980392156863,713.5664215686279,1,0.1292099920337528,Normal,0.0363475530963442,3.63,Low,No major individual anomaly reason was identified.
INV0569,Tech World,Software,2026-02-18,5,824.39,4121.94,0,50436.67067961165,78785.82328290903,15.728155339805824,3009.856310679612,206,46314.730679611646,10.728155339805824,2185.466310679612,1,0.1080889592637766,Normal,0.0926809962761253,9.27,Low,No major individual anomaly reason was identified.
INV0570,Global Office,Office Equipment,2026-03-15,12,307.64,3691.73,0,45078.94052631578,49567.56191589249,17.58421052631579,2430.9345263157893,190,41387.21052631578,5.58421052631579,2123.2945263157894,1,0.0728401774278749,Normal,0.1866955868662193,18.67,Low,No major individual anomaly reason was identified.
INV0571,XYZ Traders,Software,2026-07-11,25,1930.05,48251.22,0,41375.7582631579,62834.003986022224,14.242105263157894,2716.9371578947366,190,6875.461736842102,10.757894736842106,786.8871578947367,1,0.0805392269864175,Normal,0.1661608916376314,16.62,Low,No major individual anomaly reason was identified.
INV0572,XYZ Traders,Stationery,2026-09-18,29,3961.94,114896.36,0,41375.7582631579,62834.003986022224,14.242105263157894,2716.9371578947366,190,73520.6017368421,14.757894736842106,1245.0028421052634,1,0.0275603465017166,Normal,0.3074647183025751,30.75,Low,Invoice amount is significantly higher than the vendor average.
INV0573,Global Office,Stationery,2026-12-22,28,2917.67,81694.68,0,45078.94052631578,49567.56191589249,17.58421052631579,2430.9345263157893,190,36615.73947368421,10.41578947368421,486.7354736842108,1,0.0923975544255489,Normal,0.1345326837618713,13.45,Low,No major individual anomaly reason was identified.
INV0574,Global Office,Furniture,2026-03-11,11,1701.33,18714.68,0,45078.94052631578,49567.56191589249,17.58421052631579,2430.9345263157893,190,26364.260526315786,6.58421052631579,729.6045263157894,1,0.1265236818186242,Normal,0.0435124065159331,4.35,Low,No major individual anomaly reason was identified.
INV0575,Prime Stationery,Furniture,2026-03-31,25,3340.84,83521.04,0,49099.6287745098,118131.68858502238,16.75980392156863,2887.2864215686277,204,34421.41122549019,8.24019607843137,453.5535784313725,1,0.1111076207041106,Normal,0.0846297047232908,8.46,Low,No major individual anomaly reason was identified.
INV0576,Prime Stationery,Office Equipment,2026-09-17,1,1313.69,1313.69,0,49099.6287745098,118131.68858502238,16.75980392156863,2887.2864215686277,204,47785.9387745098,15.75980392156863,1573.5964215686276,1,0.079195496463,Normal,0.1697448530809127,16.97,Low,No major individual anomaly reason was identified.
INV0577,XYZ Traders,Electronics,2026-05-06,11,269.03,2959.34,0,41375.7582631579,62834.003986022224,14.242105263157894,2716.9371578947366,190,38416.4182631579,3.242105263157894,2447.907157894737,1,0.0847162583390818,Normal,0.1550200274134174,15.5,Low,No major individual anomaly reason was identified.
INV0578,Tech World,Software,2026-08-19,19,3868.9,73509.03,0,50436.67067961165,78785.82328290903,15.728155339805824,3009.856310679612,206,23072.35932038835,3.271844660194174,859.0436893203882,1,0.1242999497974636,Normal,0.0494434839791139,4.94,Low,No major individual anomaly reason was identified.
INV0579,XYZ Traders,Office Equipment,2026-10-22,9,3193.97,28745.7,0,41375.7582631579,62834.003986022224,14.242105263157894,2716.9371578947366,190,12630.058263157898,5.242105263157894,477.0328421052632,1,0.1195855414397131,Normal,0.0620176255109213,6.2,Low,No major individual anomaly reason was identified.
INV0580,Tech World,Furniture,2026-05-09,27,3859.05,104194.42,0,50436.67067961165,78785.82328290903,15.728155339805824,3009.856310679612,206,53757.74932038835,11.271844660194176,849.1936893203883,1,0.0986638197887297,Normal,0.1178194715041842,11.78,Low,No major individual anomaly reason was identified.
INV0581,Tech World,Software,2026-10-07,2,386.9,773.8,0,50436.67067961165,78785.82328290903,15.728155339805824,3009.856310679612,206,49662.870679611646,13.728155339805824,2622.956310679612,1,0.0608278778667427,Normal,0.2187344649909423,21.87,Low,No major individual anomaly reason was identified.
INV0582,Prime Stationery,Furniture,2026-11-09,12,4218.17,50618.09,0,49099.6287745098,118131.68858502238,16.75980392156863,2887.2864215686277,204,1518.461225490195,4.759803921568629,1330.8835784313724,1,0.0925751829862011,Normal,0.1340589177042365,13.41,Low,No major individual anomaly reason was identified.
INV0583,ABC Supplies,Software,2026-04-10,4,3173.73,12694.9,0,39308.7219047619,30437.02387711439,14.652380952380952,2675.61380952381,210,26613.8219047619,10.652380952380952,498.11619047619024,1,0.1180070082287402,Normal,0.066227846285454,6.62,Low,No major individual anomaly reason was identified.
INV0584,ABC Supplies,Electronics,2026-11-22,4,2904.3,11617.19,0,39308.7219047619,30437.02387711439,14.652380952380952,2675.61380952381,210,27691.531904761898,10.652380952380952,228.6861904761904,1,0.105355328733238,Normal,0.0999720611517746,10.0,Low,No major individual anomaly reason was identified.
INV0585,Global Office,Office Equipment,2026-10-24,18,3198.15,57566.65,0,45078.94052631578,49567.56191589249,17.58421052631579,2430.9345263157893,190,12487.70947368422,0.4157894736842102,767.2154736842108,1,0.0951785732651223,Normal,0.1271152260794179,12.71,Low,No major individual anomaly reason was identified.
INV0586,Prime Stationery,Software,2026-07-01,15,4349.28,65239.19,0,49099.6287745098,118131.68858502238,16.75980392156863,2887.2864215686277,204,16139.5612254902,1.7598039215686292,1461.993578431372,1,0.1017672861574051,Normal,0.1095419905569145,10.95,Low,No major individual anomaly reason was identified.
INV0587,Tech World,Stationery,2026-06-23,19,3017.3,57328.61,0,50436.67067961165,78785.82328290903,15.728155339805824,3009.856310679612,206,6891.939320388352,3.271844660194174,7.44368932038833,1,0.1026806424270446,Normal,0.1071059115981349,10.71,Low,No major individual anomaly reason was identified.
INV0588,ABC Supplies,Stationery,2026-11-12,13,2988.56,38851.3,0,39308.7219047619,30437.02387711439,14.652380952380952,2675.61380952381,210,457.4219047618972,1.6523809523809518,312.94619047619017,1,0.1046476519194303,Normal,0.1018595574695188,10.19,Low,No major individual anomaly reason was identified.
INV0589,Tech World,Software,2026-12-30,19,4955.26,94149.94,0,50436.67067961165,78785.82328290903,15.728155339805824,3009.856310679612,206,43713.269320388354,3.271844660194174,1945.4036893203884,1,0.0802269429743311,Normal,0.1669938070467599,16.7,Low,No major individual anomaly reason was identified.
INV0590,ABC Supplies,Software,2026-07-07,17,3832.3,65149.18,0,39308.7219047619,30437.02387711439,14.652380952380952,2675.61380952381,210,25840.4580952381,2.347619047619048,1156.6861904761904,1,0.1133954987540816,Normal,0.0785275387196699,7.85,Low,No major individual anomaly reason was identified.
INV0591,ABC Supplies,Software,2026-02-26,6,2323.01,13938.06,0,39308.7219047619,30437.02387711439,14.652380952380952,2675.61380952381,210,25370.661904761902,8.652380952380952,352.60380952380956,1,0.1220919108110685,Normal,0.0553327054075114,5.53,Low,No major individual anomaly reason was identified.
INV0592,ABC Supplies,Stationery,2026-01-31,16,3595.51,57528.09,0,39308.7219047619,30437.02387711439,14.652380952380952,2675.61380952381,210,18219.368095238096,1.3476190476190482,919.8961904761904,1,0.1117391931277996,Normal,0.0829451919614727,8.29,Low,No major individual anomaly reason was identified.
INV0593,Prime Stationery,Stationery,2026-03-25,24,2068.31,49639.35,0,49099.6287745098,118131.68858502238,16.75980392156863,2887.2864215686277,204,539.721225490197,7.240196078431371,818.9764215686278,1,0.1021479815429634,Normal,0.1085266101962705,10.85,Low,No major individual anomaly reason was identified.
INV0594,XYZ Traders,Software,2026-06-01,12,1298.6,15583.23,0,41375.7582631579,62834.003986022224,14.242105263157894,2716.9371578947366,190,25792.5282631579,2.242105263157894,1418.3371578947367,1,0.134808213138127,Normal,0.0214161302854572,2.14,Low,No major individual anomaly reason was identified.
INV0595,Tech World,Furniture,2026-02-05,19,3064.89,58232.89,0,50436.67067961165,78785.82328290903,15.728155339805824,3009.856310679612,206,7796.219320388351,3.271844660194174,55.03368932038802,1,0.1074780132725454,Normal,0.0943104947792412,9.43,Low,No major individual anomaly reason was identified.
INV0596,Prime Stationery,Furniture,2026-08-01,5,4655.27,23276.37,0,49099.6287745098,118131.68858502238,16.75980392156863,2887.2864215686277,204,25823.258774509803,11.75980392156863,1767.9835784313727,1,0.0963872329010053,Normal,0.1238915220274788,12.39,Low,No major individual anomaly reason was identified.
INV0597,Prime Stationery,Electronics,2026-12-30,17,4659.87,79217.78,0,49099.6287745098,118131.68858502238,16.75980392156863,2887.2864215686277,204,30118.151225490197,0.2401960784313708,1772.5835784313722,1,0.0738089448702694,Normal,0.184111716737097,18.41,Low,No major individual anomaly reason was identified.
INV0598,Prime Stationery,Office Equipment,2026-04-16,26,1841.15,47869.78,0,49099.6287745098,118131.68858502238,16.75980392156863,2887.2864215686277,204,1229.8487745098028,9.24019607843137,1046.1364215686276,1,0.108411421737278,Normal,0.091820933152014,9.18,Low,No major individual anomaly reason was identified.
INV0599,Prime Stationery,Furniture,2026-12-08,23,2732.85,62855.59,0,49099.6287745098,118131.68858502238,16.75980392156863,2887.2864215686277,204,13755.961225490197,6.240196078431371,154.4364215686278,1,0.1014315540149901,Normal,0.1104374461804315,11.04,Low,No major individual anomaly reason was identified.
INV0600,Prime Stationery,Stationery,2026-08-08,26,1215.85,31612.16,0,49099.6287745098,118131.68858502238,16.75980392156863,2887.2864215686277,204,17487.4687745098,9.24019607843137,1671.4364215686278,1,0.1168948301477973,Normal,0.0691942173626135,6.92,Low,No major individual anomaly reason was identified.
INV0601,Global Office,Furniture,2026-06-12,29,4979.03,144391.85,0,45078.94052631578,49567.56191589249,17.58421052631579,2430.9345263157893,190,99312.90947368422,11.41578947368421,2548.0954736842104,-1,-0.0283267544114452,Anomaly,0.4565252712623554,45.65,Low,Invoice amount is significantly higher than the vendor average. Machine learning model identified this invoice as unusual.
INV0602,Tech World,Electronics,2026-08-08,1,4909.37,4909.37,0,50436.67067961165,78785.82328290903,15.728155339805824,3009.856310679612,206,45527.300679611646,14.728155339805824,1899.513689320388,1,0.0682436960274766,Normal,0.198955196830195,19.9,Low,No major individual anomaly reason was identified.
INV0603,Prime Stationery,Electronics,2026-09-27,28,3317.64,92894.0,0,49099.6287745098,118131.68858502238,16.75980392156863,2887.2864215686277,204,43794.3712254902,11.24019607843137,430.35357843137217,1,0.091445059647631,Normal,0.1370731518836362,13.71,Low,No major individual anomaly reason was identified.
INV0604,Tech World,Office Equipment,2026-04-30,27,4061.19,109652.06,0,50436.67067961165,78785.82328290903,15.728155339805824,3009.856310679612,206,59215.38932038835,11.271844660194176,1051.3336893203882,1,0.0878704886208477,Normal,0.1466071503401717,14.66,Low,No major individual anomaly reason was identified.
INV0605,Global Office,Furniture,2026-12-02,25,3632.48,90812.02,0,45078.94052631578,49567.56191589249,17.58421052631579,2430.9345263157893,190,45733.07947368422,7.41578947368421,1201.5454736842107,1,0.0981467109028714,Normal,0.1191986902363604,11.92,Low,No major individual anomaly reason was identified.
INV0606,Global Office,Stationery,2026-07-01,24,3047.16,73131.83,0,45078.94052631578,49567.56191589249,17.58421052631579,2430.9345263157893,190,28052.88947368422,6.41578947368421,616.2254736842106,1,0.1094680550262929,Normal,0.089002709630615,8.9,Low,No major individual anomaly reason was identified.
INV0607,Tech World,Stationery,2026-04-16,23,456.07,10489.62,0,50436.67067961165,78785.82328290903,15.728155339805824,3009.856310679612,206,39947.050679611646,7.271844660194175,2553.7863106796117,1,0.0892444320745407,Normal,0.1429426057923846,14.29,Low,No major individual anomaly reason was identified.
INV0608,ABC Supplies,Software,2026-08-05,10,2382.87,23828.69,0,39308.7219047619,30437.02387711439,14.652380952380952,2675.61380952381,210,15480.0319047619,4.652380952380952,292.7438095238099,1,0.1285706930327584,Normal,0.0380526739746472,3.81,Low,No major individual anomaly reason was identified.
INV0609,XYZ Traders,Stationery,2026-07-24,15,3438.97,51584.61,0,41375.7582631579,62834.003986022224,14.242105263157894,2716.9371578947366,190,10208.851736842102,0.7578947368421058,722.0328421052632,1,0.1103787869099697,Normal,0.086573630362576,8.66,Low,No major individual anomaly reason was identified.
INV0610,ABC Supplies,Office Equipment,2026-03-11,23,3452.15,79399.49,0,39308.7219047619,30437.02387711439,14.652380952380952,2675.61380952381,210,40090.768095238105,8.347619047619048,776.5361904761903,1,0.1039945218105246,Normal,0.1036015683020263,10.36,Low,No major individual anomaly reason was identified.
INV0611,ABC Supplies,Office Equipment,2026-02-13,21,1990.99,41810.76,0,39308.7219047619,30437.02387711439,14.652380952380952,2675.61380952381,210,2502.038095238102,6.347619047619048,684.6238095238098,1,0.108667427385932,Normal,0.0911381218605769,9.11,Low,No major individual anomaly reason was identified.
INV0612,ABC Supplies,Stationery,2026-11-25,21,4720.12,99122.55,0,39308.7219047619,30437.02387711439,14.652380952380952,2675.61380952381,210,59813.8280952381,6.347619047619048,2044.50619047619,1,0.0564653755697722,Normal,0.2303700122648141,23.04,Low,Invoice amount is significantly higher than the vendor average.
INV0613,Prime Stationery,Stationery,2026-10-28,11,1003.31,11036.45,0,49099.6287745098,118131.68858502238,16.75980392156863,2887.2864215686277,204,38063.1787745098,5.759803921568629,1883.976421568628,1,0.126133824905027,Normal,0.0445522222545645,4.46,Low,No major individual anomaly reason was identified.
INV0614,Global Office,Software,2026-08-16,13,2601.73,33822.43,0,45078.94052631578,49567.56191589249,17.58421052631579,2430.9345263157893,190,11256.510526315782,4.58421052631579,170.79547368421072,1,0.1064924835302038,Normal,0.0969390728581079,9.69,Low,No major individual anomaly reason was identified.
INV0615,ABC Supplies,Stationery,2026-07-03,5,3516.24,17581.22,0,39308.7219047619,30437.02387711439,14.652380952380952,2675.61380952381,210,21727.5019047619,9.652380952380952,840.62619047619,1,0.1289023203224342,Normal,0.0371681667025231,3.72,Low,No major individual anomaly reason was identified.
INV0616,Global Office,Software,2026-04-17,1,3546.25,3546.25,0,45078.94052631578,49567.56191589249,17.58421052631579,2430.9345263157893,190,41532.69052631578,16.58421052631579,1115.3154736842107,1,0.0369075709654287,Normal,0.2825340558700212,28.25,Low,No major individual anomaly reason was identified.
INV0617,Tech World,Software,2026-03-25,24,3313.47,79523.21,0,50436.67067961165,78785.82328290903,15.728155339805824,3009.856310679612,206,29086.53932038836,8.271844660194175,303.61368932038795,1,0.1203017714841622,Normal,0.0601073162494358,6.01,Low,No major individual anomaly reason was identified.
INV0618,XYZ Traders,Stationery,2026-12-04,12,1521.38,18256.6,0,41375.7582631579,62834.003986022224,14.242105263157894,2716.9371578947366,190,23119.1582631579,2.242105263157894,1195.5571578947363,1,0.1319094402542739,Normal,0.0291476583467061,2.91,Low,No major individual anomaly reason was identified.
INV0619,Tech World,Electronics,2026-09-07,11,949.79,10447.71,0,50436.67067961165,78785.82328290903,15.728155339805824,3009.856310679612,206,39988.96067961165,4.728155339805825,2060.066310679612,1,0.1196524628945426,Normal,0.0618391344298174,6.18,Low,No major individual anomaly reason was identified.
INV0620,Tech World,Electronics,2026-12-29,17,3252.51,55292.73,0,50436.67067961165,78785.82328290903,15.728155339805824,3009.856310679612,206,4856.0593203883545,1.2718446601941746,242.65368932038837,1,0.1057970171971231,Normal,0.0987940017143211,9.88,Low,No major individual anomaly reason was identified.
INV0621,Prime Stationery,Software,2026-01-21,4,3076.65,12306.6,0,49099.6287745098,118131.68858502238,16.75980392156863,2887.2864215686277,204,36793.0287745098,12.75980392156863,189.3635784313724,1,0.1080497889553929,Normal,0.0927854702554851,9.28,Low,No major individual anomaly reason was identified.
INV0622,XYZ Traders,Stationery,2026-07-15,15,1060.91,15913.63,0,41375.7582631579,62834.003986022224,14.242105263157894,2716.9371578947366,190,25462.1282631579,0.7578947368421058,1656.0271578947363,1,0.125466604888419,Normal,0.0463318133050283,4.63,Low,No major individual anomaly reason was identified.
INV0623,Tech World,Electronics,2026-06-27,25,3584.67,89616.7,0,50436.67067961165,78785.82328290903,15.728155339805824,3009.856310679612,206,39180.02932038835,9.271844660194176,574.8136893203882,1,0.1179590506262492,Normal,0.0663557574962546,6.64,Low,No major individual anomaly reason was identified.
INV0624,Tech World,Stationery,2026-01-07,9,2384.83,21463.43,0,50436.67067961165,78785.82328290903,15.728155339805824,3009.856310679612,206,28973.24067961165,6.728155339805825,625.0263106796119,1,0.1411166968381887,Normal,0.0045903144298435,0.46,Low,No major individual anomaly reason was identified.
INV0625,XYZ Traders,Stationery,2026-03-11,21,3405.25,71510.27,0,41375.7582631579,62834.003986022224,14.242105263157894,2716.9371578947366,190,30134.511736842105,6.757894736842106,688.3128421052634,1,0.1113754892953133,Normal,0.0839152529146834,8.39,Low,No major individual anomaly reason was identified.
INV0626,XYZ Traders,Stationery,2026-05-07,20,4219.36,84387.24,0,41375.7582631579,62834.003986022224,14.242105263157894,2716.9371578947366,190,43011.481736842106,5.757894736842106,1502.422842105263,1,0.1035928657681982,Normal,0.1046728543553472,10.47,Low,No major individual anomaly reason was identified.
INV0627,Tech World,Furniture,2026-06-09,171,1014.7,173513.09,1,50436.67067961165,78785.82328290903,15.728155339805824,3009.856310679612,206,123076.41932038836,155.27184466019418,1995.156310679612,-1,-0.1206665323409725,Anomaly,0.7028114112384781,70.28,Medium,Invoice amount is significantly higher than the vendor average. Invoice quantity is significantly higher than the vendor average. Machine learning model identified this invoice as unusual.
INV0628,XYZ Traders,Stationery,2026-09-05,19,291.9,5546.01,0,41375.7582631579,62834.003986022224,14.242105263157894,2716.9371578947366,190,35829.7482631579,4.757894736842106,2425.0371578947365,1,0.0895984756733387,Normal,0.1419983103512828,14.2,Low,No major individual anomaly reason was identified.
INV0629,Tech World,Furniture,2026-07-22,12,3939.69,47276.31,0,50436.67067961165,78785.82328290903,15.728155339805824,3009.856310679612,206,3160.360679611651,3.728155339805826,929.8336893203882,1,0.1200831566389399,Normal,0.06069039980864,6.07,Low,No major individual anomaly reason was identified.
INV0630,Tech World,Software,2026-05-28,5,3126.55,15632.74,0,50436.67067961165,78785.82328290903,15.728155339805824,3009.856310679612,206,34803.93067961165,10.728155339805824,116.69368932038832,1,0.1164111070233374,Normal,0.0704843905015541,7.05,Low,No major individual anomaly reason was identified.
INV0631,Prime Stationery,Electronics,2026-05-23,10,3558.27,35582.7,0,49099.6287745098,118131.68858502238,16.75980392156863,2887.2864215686277,204,13516.928774509804,6.759803921568629,670.9835784313723,1,0.1093321904291586,Normal,0.089365083982578,8.94,Low,No major individual anomaly reason was identified.
INV0632,ABC Supplies,Electronics,2026-07-18,17,4223.14,71793.45,0,39308.7219047619,30437.02387711439,14.652380952380952,2675.61380952381,210,32484.728095238097,2.347619047619048,1547.5261904761903,1,0.0981891373954663,Normal,0.1190855314511845,11.91,Low,No major individual anomaly reason was identified.
INV0633,Tech World,Electronics,2026-06-03,30,14843.7,445310.99,1,50436.67067961165,78785.82328290903,15.728155339805824,3009.856310679612,206,394874.3193203884,14.271844660194176,11833.843689320389,-1,-0.1335004982302854,Anomaly,0.7370418154081352,73.7,Medium,Invoice amount is significantly higher than the vendor average. Unit price is significantly different from the vendor average. Machine learning model identified this invoice as unusual.
INV0634,Global Office,Electronics,2026-05-22,22,4812.42,105873.17,0,45078.94052631578,49567.56191589249,17.58421052631579,2430.9345263157893,190,60794.229473684216,4.41578947368421,2381.485473684211,1,0.0445558134132632,Normal,0.262134871982918,26.21,Low,No major individual anomaly reason was identified.
INV0635,ABC Supplies,Electronics,2026-11-09,16,2772.49,44359.81,0,39308.7219047619,30437.02387711439,14.652380952380952,2675.61380952381,210,5051.088095238098,1.3476190476190482,96.87619047619,1,0.0958854518341384,Normal,0.1252298588184344,12.52,Low,No major individual anomaly reason was identified.
INV0636,ABC Supplies,Electronics,2026-06-14,7,2544.78,17813.45,0,39308.7219047619,30437.02387711439,14.652380952380952,2675.61380952381,210,21495.2719047619,7.652380952380952,130.83380952380958,1,0.1138581469980096,Normal,0.0772935759279171,7.73,Low,No major individual anomaly reason was identified.
INV0637,ABC Supplies,Electronics,2026-11-10,28,2129.06,59613.64,0,39308.7219047619,30437.02387711439,14.652380952380952,2675.61380952381,210,20304.9180952381,13.347619047619048,546.5538095238098,1,0.0780722916189962,Normal,0.1727406344400936,17.27,Low,No major individual anomaly reason was identified.
INV0638,Prime Stationery,Software,2026-01-21,9,937.72,8439.45,0,49099.6287745098,118131.68858502238,16.75980392156863,2887.2864215686277,204,40660.1787745098,7.759803921568629,1949.5664215686277,1,0.1181162913126733,Normal,0.0659363694213109,6.59,Low,No major individual anomaly reason was identified.
INV0639,Tech World,Stationery,2026-03-23,3,2948.51,8845.54,0,50436.67067961165,78785.82328290903,15.728155339805824,3009.856310679612,206,41591.13067961165,12.728155339805824,61.34631067961163,1,0.108429635921919,Normal,0.0917723527749693,9.18,Low,No major individual anomaly reason was identified.
INV0640,Prime Stationery,Office Equipment,2026-03-10,15,1529.66,22944.9,0,49099.6287745098,118131.68858502238,16.75980392156863,2887.2864215686277,204,26154.7287745098,1.7598039215686292,1357.6264215686276,1,0.1292373430832336,Normal,0.0362746031223248,3.63,Low,No major individual anomaly reason was identified.
INV0641,Tech World,Furniture,2026-05-11,16,4622.28,73956.42,0,50436.67067961165,78785.82328290903,15.728155339805824,3009.856310679612,206,23519.74932038835,0.2718446601941746,1612.423689320388,1,0.0925033119471629,Normal,0.1342506101814948,13.43,Low,No major individual anomaly reason was identified.
INV0642,Prime Stationery,Office Equipment,2026-03-28,18,2999.32,53987.69,0,49099.6287745098,118131.68858502238,16.75980392156863,2887.2864215686277,204,4888.061225490201,1.2401960784313708,112.03357843137246,1,0.0972208584023773,Normal,0.1216680988016264,12.17,Low,No major individual anomaly reason was identified.
INV0643,Prime Stationery,Office Equipment,2026-08-06,14,3045.63,42638.86,0,49099.6287745098,118131.68858502238,16.75980392156863,2887.2864215686277,204,6460.768774509801,2.759803921568629,158.3435784313724,1,0.1017745968198384,Normal,0.1095224917572451,10.95,Low,No major individual anomaly reason was identified.
INV0644,Global Office,Stationery,2026-11-01,3,1903.64,5710.92,0,45078.94052631578,49567.56191589249,17.58421052631579,2430.9345263157893,190,39368.020526315784,14.58421052631579,527.2945263157892,1,0.0701675196946439,Normal,0.1938240267580409,19.38,Low,No major individual anomaly reason was identified.
INV0645,Prime Stationery,Stationery,2026-12-11,12,4042.92,48515.02,1,49099.6287745098,118131.68858502238,16.75980392156863,2887.2864215686277,204,584.6087745098048,4.759803921568629,1155.6335784313724,1,0.0922831311186095,Normal,0.1348378704887758,13.48,Low,No major individual anomaly reason was identified.
INV0646,XYZ Traders,Stationery,2026-12-07,9,352.37,3171.33,0,41375.7582631579,62834.003986022224,14.242105263157894,2716.9371578947366,190,38204.4282631579,5.242105263157894,2364.5671578947367,1,0.0913947481896586,Normal,0.1372073412336479,13.72,Low,No major individual anomaly reason was identified.
INV0647,Global Office,Electronics,2026-06-10,28,2232.01,62496.24,0,45078.94052631578,49567.56191589249,17.58421052631579,2430.9345263157893,190,17417.299473684216,10.41578947368421,198.92452631578908,1,0.0906642243534324,Normal,0.1391557745071394,13.92,Low,No major individual anomaly reason was identified.
INV0648,Prime Stationery,Software,2026-06-27,7,605.91,4241.4,0,49099.6287745098,118131.68858502238,16.75980392156863,2887.2864215686277,204,44858.2287745098,9.75980392156863,2281.376421568628,1,0.0938708626965716,Normal,0.1306031160804111,13.06,Low,No major individual anomaly reason was identified.
INV0649,ABC Supplies,Electronics,2026-04-27,9,3112.87,28015.79,0,39308.7219047619,30437.02387711439,14.652380952380952,2675.61380952381,210,11292.9319047619,5.652380952380952,437.2561904761901,1,0.1296125089950882,Normal,0.0352739708232975,3.53,Low,No major individual anomaly reason was identified.
INV0650,XYZ Traders,Software,2026-07-15,13,4428.67,57572.72,0,41375.7582631579,62834.003986022224,14.242105263157894,2716.9371578947366,190,16196.961736842102,1.2421052631578942,1711.7328421052634,1,0.0996374573225102,Normal,0.1152226119999987,11.52,Low,No major individual anomaly reason was identified.
INV0651,XYZ Traders,Software,2026-11-23,18,4437.99,79883.84,0,41375.7582631579,62834.003986022224,14.242105263157894,2716.9371578947366,190,38508.0817368421,3.757894736842106,1721.0528421052632,1,0.0954504897847512,Normal,0.1263899777463945,12.64,Low,No major individual anomaly reason was identified.
INV0652,XYZ Traders,Office Equipment,2026-03-27,5,3363.42,16817.09,0,41375.7582631579,62834.003986022224,14.242105263157894,2716.9371578947366,190,24558.6682631579,9.242105263157894,646.4828421052634,1,0.1082574421649709,Normal,0.0922316232722311,9.22,Low,No major individual anomaly reason was identified.
INV0653,Global Office,Office Equipment,2026-10-16,13,1213.91,15780.87,0,45078.94052631578,49567.56191589249,17.58421052631579,2430.9345263157893,190,29298.07052631578,4.58421052631579,1217.0245263157892,1,0.1202544448549871,Normal,0.0602335445453985,6.02,Low,No major individual anomaly reason was identified.
INV0654,Prime Stationery,Software,2026-03-22,4,22149.16,88596.62,1,49099.6287745098,118131.68858502238,16.75980392156863,2887.2864215686277,204,39496.991225490194,12.75980392156863,19261.873578431372,-1,-0.0764923981596137,Anomaly,0.5849913640360985,58.5,Medium,Unit price is significantly different from the vendor average. Machine learning model identified this invoice as unusual.
INV0655,Prime Stationery,Software,2026-06-01,2,4453.25,8906.5,0,49099.6287745098,118131.68858502238,16.75980392156863,2887.2864215686277,204,40193.1287745098,14.75980392156863,1565.9635784313723,1,0.0924835730935018,Normal,0.1343032571142116,13.43,Low,No major individual anomaly reason was identified.
INV0656,ABC Supplies,Electronics,2026-03-02,16,1143.94,18303.0,0,39308.7219047619,30437.02387711439,14.652380952380952,2675.61380952381,210,21005.7219047619,1.3476190476190482,1531.6738095238095,1,0.1134020659057383,Normal,0.0785100229916876,7.85,Low,No major individual anomaly reason was identified.
INV0657,ABC Supplies,Electronics,2026-03-02,9,3739.65,33656.81,0,39308.7219047619,30437.02387711439,14.652380952380952,2675.61380952381,210,5651.911904761902,5.652380952380952,1064.0361904761903,1,0.1184060774951392,Normal,0.0651634596104122,6.52,Low,No major individual anomaly reason was identified.
INV0658,XYZ Traders,Office Equipment,2026-12-20,9,1575.29,14177.64,0,41375.7582631579,62834.003986022224,14.242105263157894,2716.9371578947366,190,27198.1182631579,5.242105263157894,1141.647157894737,1,0.1253955567698889,Normal,0.0465213109111271,4.65,Low,No major individual anomaly reason was identified.
INV0659,ABC Supplies,Stationery,2026-01-28,6,4052.67,24316.04,0,39308.7219047619,30437.02387711439,14.652380952380952,2675.61380952381,210,14992.6819047619,8.652380952380952,1377.0561904761903,1,0.1151855826348736,Normal,0.0737530757621111,7.38,Low,No major individual anomaly reason was identified.
INV0660,Global Office,Software,2026-02-12,11,4986.74,54854.16,0,45078.94052631578,49567.56191589249,17.58421052631579,2430.9345263157893,190,9775.21947368422,6.58421052631579,2555.8054736842105,1,0.0433056560590797,Normal,0.2654692576185387,26.55,Low,No major individual anomaly reason was identified.
INV0661,Prime Stationery,Electronics,2026-06-18,22,344.12,7570.75,0,49099.6287745098,118131.68858502238,16.75980392156863,2887.2864215686277,204,41528.8787745098,5.240196078431371,2543.166421568628,1,0.0821452427945634,Normal,0.1618773700286585,16.19,Low,No major individual anomaly reason was identified.
INV0662,XYZ Traders,Office Equipment,2026-03-27,24,4507.36,108176.55,0,41375.7582631579,62834.003986022224,14.242105263157894,2716.9371578947366,190,66800.7917368421,9.757894736842106,1790.422842105263,1,0.0673160822426512,Normal,0.2014293030450447,20.14,Low,Invoice amount is significantly higher than the vendor average.
INV0663,ABC Supplies,Electronics,2026-06-26,22,3188.63,70149.78,0,39308.7219047619,30437.02387711439,14.652380952380952,2675.61380952381,210,30841.0580952381,7.347619047619048,513.0161904761903,1,0.1180718117449849,Normal,0.066055004112442,6.61,Low,No major individual anomaly reason was identified.
INV0664,Global Office,Software,2026-01-17,1,4872.24,4872.24,0,45078.94052631578,49567.56191589249,17.58421052631579,2430.9345263157893,190,40206.700526315784,16.58421052631579,2441.3054736842105,1,0.0076405816640673,Normal,0.3605941723807614,36.06,Low,No major individual anomaly reason was identified.
INV0665,Global Office,Software,2026-04-08,4,2432.05,9728.18,0,45078.94052631578,49567.56191589249,17.58421052631579,2430.9345263157893,190,35350.76052631578,13.58421052631579,1.1154736842108832,1,0.0650900896969214,Normal,0.2073664097177705,20.74,Low,No major individual anomaly reason was identified.
INV0666,ABC Supplies,Furniture,2026-07-17,13,4267.46,55477.01,0,39308.7219047619,30437.02387711439,14.652380952380952,2675.61380952381,210,16168.288095238102,1.6523809523809518,1591.8461904761905,1,0.1058512401152528,Normal,0.0986493798243421,9.86,Low,No major individual anomaly reason was identified.
INV0667,Prime Stationery,Stationery,2026-04-08,23,499.49,11488.31,0,49099.6287745098,118131.68858502238,16.75980392156863,2887.2864215686277,204,37611.31877450981,6.240196078431371,2387.796421568628,1,0.0922788557834896,Normal,0.1348492735461298,13.48,Low,No major individual anomaly reason was identified.
INV0668,ABC Supplies,Furniture,2026-03-06,13,1809.34,23521.41,0,39308.7219047619,30437.02387711439,14.652380952380952,2675.61380952381,210,15787.3119047619,1.6523809523809518,866.2738095238099,1,0.1283740218438124,Normal,0.0385772300116672,3.86,Low,No major individual anomaly reason was identified.
INV0669,XYZ Traders,Office Equipment,2026-11-26,13,521.68,6781.83,0,41375.7582631579,62834.003986022224,14.242105263157894,2716.9371578947366,190,34593.9282631579,1.2421052631578942,2195.257157894737,1,0.1076608370882155,Normal,0.0938228720789629,9.38,Low,No major individual anomaly reason was identified.
INV0670,ABC Supplies,Electronics,2026-12-07,2,4881.65,9763.29,0,39308.7219047619,30437.02387711439,14.652380952380952,2675.61380952381,210,29545.4319047619,12.652380952380952,2206.03619047619,1,0.0499191263516696,Normal,0.2478299898324302,24.78,Low,No major individual anomaly reason was identified.
INV0671,Global Office,Office Equipment,2026-01-05,9,4121.47,37093.27,0,45078.94052631578,49567.56191589249,17.58421052631579,2430.9345263157893,190,7985.6705263157855,8.58421052631579,1690.535473684211,1,0.0871985437351868,Normal,0.1483993434326482,14.84,Low,No major individual anomaly reason was identified.
INV0672,ABC Supplies,Software,2026-01-02,24,4292.23,103013.46,0,39308.7219047619,30437.02387711439,14.652380952380952,2675.61380952381,210,63704.738095238106,9.347619047619048,1616.6161904761898,1,0.0534770483424783,Normal,0.2383403972310576,23.83,Low,Invoice amount is significantly higher than the vendor average.
INV0673,Prime Stationery,Furniture,2026-01-22,8,4702.23,37617.86,0,49099.6287745098,118131.68858502238,16.75980392156863,2887.2864215686277,204,11481.7687745098,8.75980392156863,1814.943578431372,1,0.0883090309024832,Normal,0.1454374823142993,14.54,Low,No major individual anomaly reason was identified.
INV0674,Tech World,Furniture,2026-04-22,7,608.5,4259.48,0,50436.67067961165,78785.82328290903,15.728155339805824,3009.856310679612,206,46177.19067961165,8.728155339805825,2401.356310679612,1,0.1082855371036533,Normal,0.0921566892171997,9.22,Low,No major individual anomaly reason was identified.
INV0675,ABC Supplies,Furniture,2026-02-26,4,2050.87,8203.47,0,39308.7219047619,30437.02387711439,14.652380952380952,2675.61380952381,210,31105.2519047619,10.652380952380952,624.7438095238099,1,0.1169121350183469,Normal,0.0691480622833399,6.91,Low,No major individual anomaly reason was identified.
INV0676,Prime Stationery,Office Equipment,2026-03-07,18,540.97,9737.41,0,49099.6287745098,118131.68858502238,16.75980392156863,2887.2864215686277,204,39362.218774509805,1.2401960784313708,2346.316421568627,1,0.0914150989512367,Normal,0.1371530622368057,13.72,Low,No major individual anomaly reason was identified.
INV0677,Prime Stationery,Software,2026-11-26,3,1211.81,3635.42,0,49099.6287745098,118131.68858502238,16.75980392156863,2887.2864215686277,204,45464.2087745098,13.75980392156863,1675.4764215686278,1,0.1014991293202856,Normal,0.1102572111671782,11.03,Low,No major individual anomaly reason was identified.
INV0678,Global Office,Electronics,2026-04-08,28,1300.96,36426.76,0,45078.94052631578,49567.56191589249,17.58421052631579,2430.9345263157893,190,8652.18052631578,10.41578947368421,1129.9745263157893,1,0.0830507778263601,Normal,0.1594621516623703,15.95,Low,No major individual anomaly reason was identified.
INV0679,Prime Stationery,Electronics,2026-05-24,6,2451.71,14710.29,0,49099.6287745098,118131.68858502238,16.75980392156863,2887.2864215686277,204,34389.3387745098,10.75980392156863,435.57642156862767,1,0.1308227900463647,Normal,0.0320459421763949,3.2,Low,No major individual anomaly reason was identified.
INV0680,Prime Stationery,Office Equipment,2026-05-05,12,1489.1,17869.18,0,49099.6287745098,118131.68858502238,16.75980392156863,2887.2864215686277,204,31230.4487745098,4.759803921568629,1398.1864215686278,1,0.1349465307564217,Normal,0.0210472133022856,2.1,Low,No major individual anomaly reason was identified.
INV0681,Prime Stationery,Furniture,2026-06-16,12,684.69,8216.34,0,49099.6287745098,118131.68858502238,16.75980392156863,2887.2864215686277,204,40883.2887745098,4.759803921568629,2202.5964215686276,1,0.0985954462423563,Normal,0.1180018355642931,11.8,Low,No major individual anomaly reason was identified.
INV0682,Prime Stationery,Stationery,2026-03-27,21,1003.96,21083.1,0,49099.6287745098,118131.68858502238,16.75980392156863,2887.2864215686277,204,28016.528774509803,4.240196078431371,1883.3264215686277,1,0.1211184424656895,Normal,0.0579291136570019,5.79,Low,No major individual anomaly reason was identified.
INV0683,XYZ Traders,Office Equipment,2026-03-17,28,906.92,25393.84,0,41375.7582631579,62834.003986022224,14.242105263157894,2716.9371578947366,190,15981.9182631579,13.757894736842106,1810.0171578947368,1,0.0735324573888874,Normal,0.1848491566147764,18.48,Low,No major individual anomaly reason was identified.
INV0684,XYZ Traders,Office Equipment,2026-12-10,8,4870.77,38966.15,0,41375.7582631579,62834.003986022224,14.242105263157894,2716.9371578947366,190,2409.6082631578975,6.242105263157894,2153.832842105264,1,0.0682954384632715,Normal,0.1988171908151208,19.88,Low,No major individual anomaly reason was identified.
INV0685,Global Office,Software,2026-10-21,22,3844.6,84581.29,0,45078.94052631578,49567.56191589249,17.58421052631579,2430.9345263157893,190,39502.34947368421,4.41578947368421,1413.6654736842106,1,0.0986694550808291,Normal,0.1178044412066254,11.78,Low,No major individual anomaly reason was identified.
INV0686,ABC Supplies,Electronics,2026-02-28,22,4845.26,106595.61,0,39308.7219047619,30437.02387711439,14.652380952380952,2675.61380952381,210,67286.8880952381,7.347619047619048,2169.6461904761904,1,0.033276877569059,Normal,0.292217742381712,29.22,Low,Invoice amount is significantly higher than the vendor average.
INV0687,Prime Stationery,Office Equipment,2026-05-18,1,2310.75,2310.75,0,49099.6287745098,118131.68858502238,16.75980392156863,2887.2864215686277,204,46788.8787745098,15.75980392156863,576.5364215686277,1,0.0806881000633549,Normal,0.1657638214227423,16.58,Low,No major individual anomaly reason was identified.
INV0688,ABC Supplies,Office Equipment,2026-04-09,4,1536.17,6144.67,0,39308.7219047619,30437.02387711439,14.652380952380952,2675.61380952381,210,33164.0519047619,10.652380952380952,1139.4438095238097,1,0.1093734183334537,Normal,0.0892551220394608,8.93,Low,No major individual anomaly reason was identified.
INV0689,ABC Supplies,Furniture,2026-07-11,21,4031.81,84667.95,0,39308.7219047619,30437.02387711439,14.652380952380952,2675.61380952381,210,45359.2280952381,6.347619047619048,1356.1961904761902,1,0.097987822460239,Normal,0.1196224731617711,11.96,Low,No major individual anomaly reason was identified.
INV0690,Global Office,Furniture,2026-08-31,28,1766.02,49448.53,0,45078.94052631578,49567.56191589249,17.58421052631579,2430.9345263157893,190,4369.5894736842165,10.41578947368421,664.9145263157893,1,0.0691548411258695,Normal,0.1965250154471228,19.65,Low,No major individual anomaly reason was identified.
INV0691,Prime Stationery,Stationery,2026-11-15,11,1637.04,18007.44,0,49099.6287745098,118131.68858502238,16.75980392156863,2887.2864215686277,204,31092.188774509803,5.759803921568629,1250.2464215686275,1,0.1310950506764811,Normal,0.0313197760412542,3.13,Low,No major individual anomaly reason was identified.
INV0692,Prime Stationery,Software,2026-02-18,3,1316.03,3948.09,0,49099.6287745098,118131.68858502238,16.75980392156863,2887.2864215686277,204,45151.5387745098,13.75980392156863,1571.2564215686275,1,0.1016586284524069,Normal,0.1098317994274003,10.98,Low,No major individual anomaly reason was identified.
INV0693,Tech World,Stationery,2026-02-01,13,822.46,10691.97,0,50436.67067961165,78785.82328290903,15.728155339805824,3009.856310679612,206,39744.70067961165,2.728155339805826,2187.396310679612,1,0.1114156713122747,Normal,0.0838080805337683,8.38,Low,No major individual anomaly reason was identified.
INV0694,ABC Supplies,Furniture,2026-10-04,25,1431.02,35775.57,0,39308.7219047619,30437.02387711439,14.652380952380952,2675.61380952381,210,3533.1519047619004,10.347619047619048,1244.5938095238098,1,0.0803962739957643,Normal,0.1665421719596708,16.65,Low,No major individual anomaly reason was identified.
INV0695,ABC Supplies,Electronics,2026-01-20,17,1905.53,32394.09,0,39308.7219047619,30437.02387711439,14.652380952380952,2675.61380952381,210,6914.6319047619,2.347619047619048,770.0838095238098,1,0.1192217623468654,Normal,0.0629878871965175,6.3,Low,No major individual anomaly reason was identified.
INV0696,XYZ Traders,Furniture,2026-06-03,22,3435.17,75573.79,0,41375.7582631579,62834.003986022224,14.242105263157894,2716.9371578947366,190,34198.031736842095,7.757894736842106,718.2328421052634,1,0.1087839681898789,Normal,0.0908272874033433,9.08,Low,No major individual anomaly reason was identified.
INV0697,Tech World,Software,2026-03-09,22,500.31,11006.85,0,50436.67067961165,78785.82328290903,15.728155339805824,3009.856310679612,206,39429.82067961165,6.271844660194175,2509.546310679612,1,0.0985787396865444,Normal,0.1180463948347989,11.8,Low,No major individual anomaly reason was identified.
INV0698,XYZ Traders,Furniture,2026-08-02,10,1210.43,12104.33,0,41375.7582631579,62834.003986022224,14.242105263157894,2716.9371578947366,190,29271.428263157897,4.242105263157894,1506.5071578947366,1,0.1298806924165673,Normal,0.0345586793079541,3.46,Low,No major individual anomaly reason was identified.
INV0699,XYZ Traders,Software,2026-05-23,21,4083.31,85749.58,0,41375.7582631579,62834.003986022224,14.242105263157894,2716.9371578947366,190,44373.8217368421,6.757894736842106,1366.372842105263,1,0.1002778230530018,Normal,0.1135146459698429,11.35,Low,No major individual anomaly reason was identified.
INV0700,XYZ Traders,Software,2026-08-20,12,905.23,10862.7,0,41375.7582631579,62834.003986022224,14.242105263157894,2716.9371578947366,190,30513.0582631579,2.242105263157894,1811.7071578947368,1,0.1285462621797176,Normal,0.0381178352802802,3.81,Low,No major individual anomaly reason was identified.
INV0701,Global Office,Software,2026-08-01,15,1844.7,27670.45,0,45078.94052631578,49567.56191589249,17.58421052631579,2430.9345263157893,190,17408.49052631578,2.5842105263157897,586.2345263157893,1,0.1242356723448692,Normal,0.0496149230494901,4.96,Low,No major individual anomaly reason was identified.
INV0702,Global Office,Software,2026-03-20,21,4350.36,91357.62,0,45078.94052631578,49567.56191589249,17.58421052631579,2430.9345263157893,190,46278.67947368421,3.4157894736842103,1919.4254736842104,1,0.0755109873556442,Normal,0.1795720753907831,17.96,Low,No major individual anomaly reason was identified.
INV0703,XYZ Traders,Software,2026-08-02,10,943.64,9436.41,0,41375.7582631579,62834.003986022224,14.242105263157894,2716.9371578947366,190,31939.3482631579,4.242105263157894,1773.2971578947368,1,0.1289948712977412,Normal,0.0369213172626556,3.69,Low,No major individual anomaly reason was identified.
INV0704,Tech World,Electronics,2026-04-26,14,597.14,8359.92,0,50436.67067961165,78785.82328290903,15.728155339805824,3009.856310679612,206,42076.75067961165,1.7281553398058254,2412.716310679612,1,0.1062498863983935,Normal,0.097586121318723,9.76,Low,No major individual anomaly reason was identified.
INV0705,ABC Supplies,Stationery,2026-04-02,13,2525.78,32835.17,0,39308.7219047619,30437.02387711439,14.652380952380952,2675.61380952381,210,6473.551904761902,1.6523809523809518,149.83380952380958,1,0.1116880482513521,Normal,0.0830816041825355,8.31,Low,No major individual anomaly reason was identified.
INV0706,Tech World,Office Equipment,2026-09-27,5,1651.61,8258.07,0,50436.67067961165,78785.82328290903,15.728155339805824,3009.856310679612,206,42178.60067961165,10.728155339805824,1358.246310679612,1,0.1288943622779556,Normal,0.0371893921819464,3.72,Low,No major individual anomaly reason was identified.
INV0707,Prime Stationery,Stationery,2026-06-17,6,2904.36,17426.16,0,49099.6287745098,118131.68858502238,16.75980392156863,2887.2864215686277,204,31673.4687745098,10.75980392156863,17.073578431372425,1,0.1187062853986187,Normal,0.0643627532691567,6.44,Low,No major individual anomaly reason was identified.
INV0708,Global Office,Software,2026-02-27,24,4058.26,97398.32,0,45078.94052631578,49567.56191589249,17.58421052631579,2430.9345263157893,190,52319.379473684225,6.41578947368421,1627.325473684211,1,0.0929939249523333,Normal,0.1329420605404319,13.29,Low,No major individual anomaly reason was identified.
INV0709,ABC Supplies,Electronics,2026-10-11,2,858.31,1716.63,0,39308.7219047619,30437.02387711439,14.652380952380952,2675.61380952381,210,37592.0919047619,12.652380952380952,1817.3038095238096,1,0.0751833862828597,Normal,0.1804458440469056,18.04,Low,No major individual anomaly reason was identified.
INV0710,ABC Supplies,Furniture,2026-01-26,22,2987.36,65721.82,0,39308.7219047619,30437.02387711439,14.652380952380952,2675.61380952381,210,26413.098095238107,7.347619047619048,311.74619047619035,1,0.1080574656155656,Normal,0.0927649952766164,9.28,Low,No major individual anomaly reason was identified.
INV0711,Prime Stationery,Electronics,2026-03-07,17,2626.44,44649.51,0,49099.6287745098,118131.68858502238,16.75980392156863,2887.2864215686277,204,4450.1187745098,0.2401960784313708,260.84642156862765,1,0.1006942560972528,Normal,0.1124039470995753,11.24,Low,No major individual anomaly reason was identified.
INV0712,Prime Stationery,Software,2026-09-05,4,891.58,3566.31,0,49099.6287745098,118131.68858502238,16.75980392156863,2887.2864215686277,204,45533.31877450981,12.75980392156863,1995.706421568628,1,0.1008934529315164,Normal,0.1118726547301732,11.19,Low,No major individual anomaly reason was identified.
INV0713,XYZ Traders,Electronics,2026-09-11,14,3195.19,44732.7,0,41375.7582631579,62834.003986022224,14.242105263157894,2716.9371578947366,190,3356.941736842098,0.2421052631578941,478.2528421052634,1,0.0916102466902215,Normal,0.1366325695040171,13.66,Low,No major individual anomaly reason was identified.
INV0714,Global Office,Electronics,2026-02-13,10,1513.47,15134.74,0,45078.94052631578,49567.56191589249,17.58421052631579,2430.9345263157893,190,29944.200526315784,7.58421052631579,917.4645263157892,1,0.1253107884781221,Normal,0.0467474025894886,4.67,Low,No major individual anomaly reason was identified.
INV0715,Global Office,Software,2026-04-07,3,2541.6,7624.81,0,45078.94052631578,49567.56191589249,17.58421052631579,2430.9345263157893,190,37454.130526315785,14.58421052631579,110.6654736842106,1,0.059047079402828,Normal,0.2234841621375792,22.35,Low,No major individual anomaly reason was identified.
INV0716,Tech World,Electronics,2026-02-11,25,594.91,14872.68,0,50436.67067961165,78785.82328290903,15.728155339805824,3009.856310679612,206,35563.99067961165,9.271844660194176,2414.946310679612,1,0.0889189583970735,Normal,0.1438107003176759,14.38,Low,No major individual anomaly reason was identified.
INV0717,XYZ Traders,Office Equipment,2026-08-15,3,2406.0,7218.01,0,41375.7582631579,62834.003986022224,14.242105263157894,2716.9371578947366,190,34157.7482631579,11.242105263157894,310.93715789473663,1,0.0915336092653896,Normal,0.1368369747556083,13.68,Low,No major individual anomaly reason was identified.
INV0718,XYZ Traders,Office Equipment,2026-09-19,15,1671.02,25065.37,0,41375.7582631579,62834.003986022224,14.242105263157894,2716.9371578947366,190,16310.3882631579,0.7578947368421058,1045.9171578947366,1,0.1237683255646346,Normal,0.0508614176492723,5.09,Low,No major individual anomaly reason was identified.
INV0719,XYZ Traders,Electronics,2026-06-16,6,4147.43,24884.58,0,41375.7582631579,62834.003986022224,14.242105263157894,2716.9371578947366,190,16491.178263157897,8.242105263157894,1430.4928421052637,1,0.105992375758302,Normal,0.09827294668232,9.83,Low,No major individual anomaly reason was identified.
INV0720,XYZ Traders,Furniture,2026-10-06,17,473.5,8049.46,0,41375.7582631579,62834.003986022224,14.242105263157894,2716.9371578947366,190,33326.2982631579,2.757894736842106,2243.4371578947366,1,0.1024160988709639,Normal,0.1078114949636526,10.78,Low,No major individual anomaly reason was identified.
INV0721,Global Office,Software,2026-03-30,12,2209.31,26511.78,0,45078.94052631578,49567.56191589249,17.58421052631579,2430.9345263157893,190,18567.160526315783,5.58421052631579,221.62452631578935,1,0.1207593895894674,Normal,0.0588867697063759,5.89,Low,No major individual anomaly reason was identified.
INV0722,Global Office,Office Equipment,2026-06-27,22,2400.47,52810.36,0,45078.94052631578,49567.56191589249,17.58421052631579,2430.9345263157893,190,7731.419473684218,4.41578947368421,30.4645263157895,1,0.0822853255517383,Normal,0.1615037451151553,16.15,Low,No major individual anomaly reason was identified.
INV0723,XYZ Traders,Furniture,2026-07-16,20,3680.03,73600.58,0,41375.7582631579,62834.003986022224,14.242105263157894,2716.9371578947366,190,32224.821736842103,5.757894736842106,963.0928421052636,1,0.113430652584885,Normal,0.0784337773798869,7.84,Low,No major individual anomaly reason was identified.
INV0724,Tech World,Electronics,2026-11-03,24,2956.58,70957.93,0,50436.67067961165,78785.82328290903,15.728155339805824,3009.856310679612,206,20521.259320388344,8.271844660194175,53.276310679611925,1,0.107396407839828,Normal,0.0945281505661155,9.45,Low,No major individual anomaly reason was identified.
INV0725,ABC Supplies,Furniture,2026-09-24,29,3402.62,98675.96,0,39308.7219047619,30437.02387711439,14.652380952380952,2675.61380952381,210,59367.238095238106,14.347619047619048,727.0061904761901,1,0.042271382148094,Normal,0.2682278448160202,26.82,Low,Invoice amount is significantly higher than the vendor average.
INV0726,ABC Supplies,Stationery,2026-09-25,11,3929.84,43228.2,0,39308.7219047619,30437.02387711439,14.652380952380952,2675.61380952381,210,3919.478095238097,3.652380952380952,1254.2261904761904,1,0.1121154102511279,Normal,0.0819417558998422,8.19,Low,No major individual anomaly reason was identified.
INV0727,Tech World,Office Equipment,2026-03-15,25,4338.57,108464.36,0,50436.67067961165,78785.82328290903,15.728155339805824,3009.856310679612,206,58027.68932038835,9.271844660194176,1328.713689320388,1,0.0891089237869239,Normal,0.1433040298053099,14.33,Low,No major individual anomaly reason was identified.
INV0728,XYZ Traders,Electronics,2026-01-08,4,1706.6,6826.41,0,41375.7582631579,62834.003986022224,14.242105263157894,2716.9371578947366,190,34549.348263157895,10.242105263157894,1010.3371578947368,1,0.1108255730934663,Normal,0.0853819744262576,8.54,Low,No major individual anomaly reason was identified.
INV0729,Global Office,Software,2026-10-24,26,2782.51,72345.23,0,45078.94052631578,49567.56191589249,17.58421052631579,2430.9345263157893,190,27266.289473684217,8.41578947368421,351.5754736842109,1,0.105607121528378,Normal,0.0993004862684545,9.93,Low,No major individual anomaly reason was identified.
INV0730,ABC Supplies,Electronics,2026-06-13,28,4232.52,118510.53,0,39308.7219047619,30437.02387711439,14.652380952380952,2675.61380952381,210,79201.8080952381,13.347619047619048,1556.906190476191,1,0.0041379734768808,Normal,0.3699362335120897,36.99,Low,Invoice amount is significantly higher than the vendor average.
INV0731,Prime Stationery,Software,2026-03-26,26,4949.37,128683.5,0,49099.6287745098,118131.68858502238,16.75980392156863,2887.2864215686277,204,79583.8712254902,9.24019607843137,2062.083578431372,1,0.0180271241610137,Normal,0.3328914692052873,33.29,Low,Invoice amount is significantly higher than the vendor average.
INV0732,Prime Stationery,Electronics,2026-03-13,6,4469.69,26818.16,0,49099.6287745098,118131.68858502238,16.75980392156863,2887.2864215686277,204,22281.4687745098,10.75980392156863,1582.403578431372,1,0.1024266010132694,Normal,0.1077834839358171,10.78,Low,No major individual anomaly reason was identified.
INV0733,Tech World,Furniture,2026-02-24,1,1983.04,1983.04,0,50436.67067961165,78785.82328290903,15.728155339805824,3009.856310679612,206,48453.63067961165,14.728155339805824,1026.816310679612,1,0.0963017319254248,Normal,0.1241195679001469,12.41,Low,No major individual anomaly reason was identified.
INV0734,XYZ Traders,Furniture,2026-02-16,20,1136.8,22735.99,0,41375.7582631579,62834.003986022224,14.242105263157894,2716.9371578947366,190,18639.768263157897,5.757894736842106,1580.137157894737,1,0.1187138421794734,Normal,0.0643425980291391,6.43,Low,No major individual anomaly reason was identified.
INV0735,ABC Supplies,Furniture,2026-08-26,23,2549.08,58628.94,0,39308.7219047619,30437.02387711439,14.652380952380952,2675.61380952381,210,19320.218095238102,8.347619047619048,126.53380952380984,1,0.0981149939393256,Normal,0.1192832848574285,11.93,Low,No major individual anomaly reason was identified.
INV0736,XYZ Traders,Stationery,2026-04-14,28,3759.88,105276.61,0,41375.7582631579,62834.003986022224,14.242105263157894,2716.9371578947366,190,63900.8517368421,13.757894736842106,1042.9428421052637,1,0.054801465765728,Normal,0.234807947162375,23.48,Low,Invoice amount is significantly higher than the vendor average.
INV0737,ABC Supplies,Software,2026-07-29,16,2564.33,41029.3,0,39308.7219047619,30437.02387711439,14.652380952380952,2675.61380952381,210,1720.5780952381028,1.3476190476190482,111.28380952380984,1,0.0932161300827754,Normal,0.1323494010703036,13.23,Low,No major individual anomaly reason was identified.
INV0738,Tech World,Furniture,2026-02-11,15,2519.27,37789.02,0,50436.67067961165,78785.82328290903,15.728155339805824,3009.856310679612,206,12647.650679611652,0.7281553398058254,490.5863106796118,1,0.1161350046549469,Normal,0.0712208032163547,7.12,Low,No major individual anomaly reason was identified.
INV0739,Tech World,Stationery,2026-11-12,17,4223.51,71799.6,0,50436.67067961165,78785.82328290903,15.728155339805824,3009.856310679612,206,21362.929320388357,1.2718446601941746,1213.6536893203884,1,0.1078242938649244,Normal,0.0933869046173637,9.34,Low,No major individual anomaly reason was identified.
INV0740,Prime Stationery,Software,2026-09-25,8,18246.24,145969.9,1,49099.6287745098,118131.68858502238,16.75980392156863,2887.2864215686277,204,96870.2712254902,8.75980392156863,15358.953578431374,-1,-0.1036970208043879,Anomaly,0.657550792387788,65.76,Medium,Invoice amount is significantly higher than the vendor average. Unit price is significantly different from the vendor average. Machine learning model identified this invoice as unusual.
INV0741,XYZ Traders,Electronics,2026-09-20,28,4327.01,121156.4,0,41375.7582631579,62834.003986022224,14.242105263157894,2716.9371578947366,190,79780.6417368421,13.757894736842106,1610.0728421052636,1,0.0197713897581766,Normal,0.3282392115255444,32.82,Low,Invoice amount is significantly higher than the vendor average.
INV0742,Prime Stationery,Stationery,2026-12-02,26,2152.66,55969.24,0,49099.6287745098,118131.68858502238,16.75980392156863,2887.2864215686277,204,6869.611225490196,9.24019607843137,734.6264215686278,1,0.1061315223324927,Normal,0.0979018187305668,9.79,Low,No major individual anomaly reason was identified.
INV0743,XYZ Traders,Office Equipment,2026-12-31,12,1775.52,21306.23,0,41375.7582631579,62834.003986022224,14.242105263157894,2716.9371578947366,190,20069.5282631579,2.242105263157894,941.4171578947366,1,0.1307152179623394,Normal,0.0323328555081987,3.23,Low,No major individual anomaly reason was identified.
INV0744,Prime Stationery,Stationery,2026-09-16,27,2379.15,64237.09,0,49099.6287745098,118131.68858502238,16.75980392156863,2887.2864215686277,204,15137.461225490197,10.24019607843137,508.1364215686276,1,0.1004372196142339,Normal,0.1130895078043463,11.31,Low,No major individual anomaly reason was identified.
INV0745,Global Office,Stationery,2026-10-10,22,3859.75,84914.4,0,45078.94052631578,49567.56191589249,17.58421052631579,2430.9345263157893,190,39835.45947368421,4.41578947368421,1428.8154736842107,1,0.0986694550808291,Normal,0.1178044412066254,11.78,Low,No major individual anomaly reason was identified.
INV0746,Global Office,Software,2026-04-24,21,804.81,16901.0,0,45078.94052631578,49567.56191589249,17.58421052631579,2430.9345263157893,190,28177.940526315782,3.4157894736842103,1626.1245263157894,1,0.099636899082632,Normal,0.1152241009221931,11.52,Low,No major individual anomaly reason was identified.
INV0747,Global Office,Electronics,2026-12-29,10,1142.81,11428.12,0,45078.94052631578,49567.56191589249,17.58421052631579,2430.9345263157893,190,33650.82052631578,7.58421052631579,1288.1245263157894,1,0.1115056800727498,Normal,0.08356801162004,8.36,Low,No major individual anomaly reason was identified.
INV0748,Global Office,Office Equipment,2026-02-09,27,4766.94,128707.25,0,45078.94052631578,49567.56191589249,17.58421052631579,2430.9345263157893,190,83628.30947368422,9.41578947368421,2336.0054736842103,1,0.0152457352500202,Normal,0.34030991393215,34.03,Low,Invoice amount is significantly higher than the vendor average.
INV0749,ABC Supplies,Furniture,2026-08-08,15,1042.36,15635.4,0,39308.7219047619,30437.02387711439,14.652380952380952,2675.61380952381,210,23673.3219047619,0.3476190476190481,1633.25380952381,1,0.1076823718488247,Normal,0.093765435152162,9.38,Low,No major individual anomaly reason was identified.
INV0750,Global Office,Furniture,2026-05-09,9,2925.09,26325.82,0,45078.94052631578,49567.56191589249,17.58421052631579,2430.9345263157893,190,18753.120526315783,8.58421052631579,494.1554736842109,1,0.1167665175366002,Normal,0.0695364492634321,6.95,Low,No major individual anomaly reason was identified.
INV0751,Tech World,Stationery,2026-01-08,2,2980.71,5961.42,0,50436.67067961165,78785.82328290903,15.728155339805824,3009.856310679612,206,44475.25067961165,13.728155339805824,29.146310679611815,1,0.092552934432556,Normal,0.1341182584403761,13.41,Low,No major individual anomaly reason was identified.
INV0752,Tech World,Software,2026-04-11,5,2550.2,12750.99,0,50436.67067961165,78785.82328290903,15.728155339805824,3009.856310679612,206,37685.68067961165,10.728155339805824,459.656310679612,1,0.1236268009706598,Normal,0.0512388881906065,5.12,Low,No major individual anomaly reason was identified.
INV0753,ABC Supplies,Software,2026-06-25,6,3294.78,19768.66,0,39308.7219047619,30437.02387711439,14.652380952380952,2675.61380952381,210,19540.0619047619,8.652380952380952,619.1661904761904,1,0.1247595798837574,Normal,0.0482175711351759,4.82,Low,No major individual anomaly reason was identified.
INV0754,Global Office,Furniture,2026-04-17,7,1303.17,9122.18,0,45078.94052631578,49567.56191589249,17.58421052631579,2430.9345263157893,190,35956.76052631578,10.58421052631579,1127.7645263157892,1,0.1024115255870801,Normal,0.1078236927018323,10.78,Low,No major individual anomaly reason was identified.
INV0755,Global Office,Office Equipment,2026-04-11,21,2852.78,59908.36,0,45078.94052631578,49567.56191589249,17.58421052631579,2430.9345263157893,190,14829.419473684218,3.4157894736842103,421.8454736842109,1,0.1060585185424631,Normal,0.0980965324504085,9.81,Low,No major individual anomaly reason was identified.
INV0756,Global Office,Electronics,2026-09-17,25,1986.43,49660.79,0,45078.94052631578,49567.56191589249,17.58421052631579,2430.9345263157893,190,4581.8494736842185,7.41578947368421,444.5045263157893,1,0.0834264121380503,Normal,0.1584602700600627,15.85,Low,No major individual anomaly reason was identified.
INV0757,Prime Stationery,Office Equipment,2026-09-03,1,3376.0,3376.0,0,49099.6287745098,118131.68858502238,16.75980392156863,2887.2864215686277,204,45723.6287745098,15.75980392156863,488.7135784313723,1,0.0737211348894447,Normal,0.1843459211256456,18.43,Low,No major individual anomaly reason was identified.
INV0758,XYZ Traders,Electronics,2026-10-02,23,877.87,20191.08,0,41375.7582631579,62834.003986022224,14.242105263157894,2716.9371578947366,190,21184.678263157897,8.757894736842106,1839.0671578947367,1,0.1074562054934639,Normal,0.0943686598934733,9.44,Low,No major individual anomaly reason was identified.
INV0759,Prime Stationery,Furniture,2026-02-01,26,2940.21,76445.5,0,49099.6287745098,118131.68858502238,16.75980392156863,2887.2864215686277,204,27345.8712254902,9.24019607843137,52.923578431372334,1,0.1018149768723885,Normal,0.1094147911812031,10.94,Low,No major individual anomaly reason was identified.
INV0760,XYZ Traders,Electronics,2026-05-17,7,1089.3,7625.08,0,41375.7582631579,62834.003986022224,14.242105263157894,2716.9371578947366,190,33750.6782631579,7.242105263157894,1627.637157894737,1,0.1216130156255062,Normal,0.0566100015993574,5.66,Low,No major individual anomaly reason was identified.
INV0761,Global Office,Software,2026-01-12,20,1537.49,30749.73,0,45078.94052631578,49567.56191589249,17.58421052631579,2430.9345263157893,190,14329.210526315785,2.4157894736842103,893.4445263157893,1,0.1125779456165613,Normal,0.0807080941745348,8.07,Low,No major individual anomaly reason was identified.
INV0762,Global Office,Stationery,2026-10-29,25,1249.81,31245.18,0,45078.94052631578,49567.56191589249,17.58421052631579,2430.9345263157893,190,13833.760526315782,7.41578947368421,1181.1245263157894,1,0.1038052894328643,Normal,0.1041062837442491,10.41,Low,No major individual anomaly reason was identified.
INV0763,Prime Stationery,Stationery,2026-01-16,12,1077.62,12931.46,0,49099.6287745098,118131.68858502238,16.75980392156863,2887.2864215686277,204,36168.1687745098,4.759803921568629,1809.666421568628,1,0.1238170744699038,Normal,0.0507313958972601,5.07,Low,No major individual anomaly reason was identified.
INV0764,Prime Stationery,Furniture,2026-05-09,16,4163.41,66614.6,0,49099.6287745098,118131.68858502238,16.75980392156863,2887.2864215686277,204,17514.971225490204,0.7598039215686292,1276.1235784313722,1,0.1032546041779522,Normal,0.1055750564532064,10.56,Low,No major individual anomaly reason was identified.
INV0765,XYZ Traders,Software,2026-03-04,16,1571.4,25142.34,0,41375.7582631579,62834.003986022224,14.242105263157894,2716.9371578947366,190,16233.4182631579,1.7578947368421058,1145.5371578947363,1,0.1285966652465564,Normal,0.0379834015935957,3.8,Low,No major individual anomaly reason was identified.
INV0766,Tech World,Office Equipment,2026-04-19,11,4650.19,51152.14,0,50436.67067961165,78785.82328290903,15.728155339805824,3009.856310679612,206,715.4693203883508,4.728155339805825,1640.3336893203875,1,0.0947059182588331,Normal,0.128375878635115,12.84,Low,No major individual anomaly reason was identified.
INV0767,XYZ Traders,Software,2026-01-21,21,4855.65,101968.59,0,41375.7582631579,62834.003986022224,14.242105263157894,2716.9371578947366,190,60592.8317368421,6.757894736842106,2138.712842105263,1,0.0603406156050516,Normal,0.2200340776202853,22.0,Low,No major individual anomaly reason was identified.
INV0768,Prime Stationery,Stationery,2026-06-07,4,2942.05,11768.2,0,49099.6287745098,118131.68858502238,16.75980392156863,2887.2864215686277,204,37331.4287745098,12.75980392156863,54.76357843137248,1,0.1062085449937876,Normal,0.097696385986777,9.77,Low,No major individual anomaly reason was identified.
INV0769,Prime Stationery,Stationery,2026-09-26,104,886.41,92186.16,1,49099.6287745098,118131.68858502238,16.75980392156863,2887.2864215686277,204,43086.5312254902,87.24019607843137,2000.876421568628,-1,-0.0601288091956607,Anomaly,0.5413468453632941,54.13,Medium,Invoice quantity is significantly higher than the vendor average. Machine learning model identified this invoice as unusual.
INV0770,ABC Supplies,Software,2026-06-11,7,1997.83,13984.82,0,39308.7219047619,30437.02387711439,14.652380952380952,2675.61380952381,210,25323.9019047619,7.652380952380952,677.7838095238099,1,0.1275873757104661,Normal,0.0406753511470339,4.07,Low,No major individual anomaly reason was identified.
INV0771,Prime Stationery,Software,2026-09-17,4,4029.11,16116.46,0,49099.6287745098,118131.68858502238,16.75980392156863,2887.2864215686277,204,32983.1687745098,12.75980392156863,1141.8235784313724,1,0.1182496708150908,Normal,0.0655806232462723,6.56,Low,No major individual anomaly reason was identified.
INV0772,ABC Supplies,Stationery,2026-04-12,15,1963.48,29452.13,0,39308.7219047619,30437.02387711439,14.652380952380952,2675.61380952381,210,9856.5919047619,0.3476190476190481,712.1338095238098,1,0.1129046852099404,Normal,0.0798366232328122,7.98,Low,No major individual anomaly reason was identified.
INV0773,Tech World,Office Equipment,2026-08-11,19,617.68,11735.97,0,50436.67067961165,78785.82328290903,15.728155339805824,3009.856310679612,206,38700.70067961165,3.271844660194174,2392.176310679612,1,0.1104208727036239,Normal,0.0864613802803326,8.65,Low,No major individual anomaly reason was identified.
INV0774,XYZ Traders,Furniture,2026-02-28,9,2872.57,25853.11,0,41375.7582631579,62834.003986022224,14.242105263157894,2716.9371578947366,190,15522.648263157898,5.242105263157894,155.6328421052635,1,0.1213647986673808,Normal,0.0572720391076128,5.73,Low,No major individual anomaly reason was identified.
INV0775,XYZ Traders,Furniture,2026-09-04,11,4256.58,46822.38,0,41375.7582631579,62834.003986022224,14.242105263157894,2716.9371578947366,190,5446.6217368420985,3.242105263157894,1539.6428421052633,1,0.0882163615005712,Normal,0.1456846476183811,14.57,Low,No major individual anomaly reason was identified.
INV0776,ABC Supplies,Software,2026-05-08,8,4020.45,32163.57,0,39308.7219047619,30437.02387711439,14.652380952380952,2675.61380952381,210,7145.1519047619,6.652380952380952,1344.83619047619,1,0.1153463471845397,Normal,0.073324288935133,7.33,Low,No major individual anomaly reason was identified.
INV0777,XYZ Traders,Furniture,2026-10-10,1,1040.59,1040.59,0,41375.7582631579,62834.003986022224,14.242105263157894,2716.9371578947366,190,40335.1682631579,13.242105263157894,1676.3471578947367,1,0.0851998880701683,Normal,0.1537301033707379,15.37,Low,No major individual anomaly reason was identified.
INV0778,Prime Stationery,Stationery,2026-11-21,23,3429.27,78873.21,0,49099.6287745098,118131.68858502238,16.75980392156863,2887.2864215686277,204,29773.581225490205,6.240196078431371,541.9835784313723,1,0.1090832819088002,Normal,0.0900289660067802,9.0,Low,No major individual anomaly reason was identified.
INV0779,Global Office,Stationery,2026-01-25,25,1258.42,31460.51,0,45078.94052631578,49567.56191589249,17.58421052631579,2430.9345263157893,190,13618.430526315784,7.41578947368421,1172.5145263157892,1,0.1038052894328643,Normal,0.1041062837442491,10.41,Low,No major individual anomaly reason was identified.
INV0780,ABC Supplies,Software,2026-05-11,24,1247.4,29937.51,0,39308.7219047619,30437.02387711439,14.652380952380952,2675.61380952381,210,9371.211904761902,9.347619047619048,1428.2138095238097,1,0.0963225190709033,Normal,0.1240641249920545,12.41,Low,No major individual anomaly reason was identified.
INV0781,XYZ Traders,Software,2026-12-19,8,4395.54,35164.36,0,41375.7582631579,62834.003986022224,14.242105263157894,2716.9371578947366,190,6211.398263157898,6.242105263157894,1678.602842105263,1,0.0934077626018279,Normal,0.1318382840363494,13.18,Low,No major individual anomaly reason was identified.
INV0782,ABC Supplies,Software,2026-07-15,13,1398.41,18179.34,0,39308.7219047619,30437.02387711439,14.652380952380952,2675.61380952381,210,21129.3819047619,1.6523809523809518,1277.2038095238097,1,0.1211441157842866,Normal,0.0578606384810871,5.79,Low,No major individual anomaly reason was identified.
INV0783,ABC Supplies,Office Equipment,2026-10-08,22,1463.59,32198.92,0,39308.7219047619,30437.02387711439,14.652380952380952,2675.61380952381,210,7109.801904761902,7.347619047619048,1212.02380952381,1,0.1123831843907281,Normal,0.0812275560099757,8.12,Low,No major individual anomaly reason was identified.
INV0784,Global Office,Furniture,2026-06-03,27,203.14,5484.68,0,45078.94052631578,49567.56191589249,17.58421052631579,2430.9345263157893,190,39594.26052631578,9.41578947368421,2227.7945263157894,1,0.0645684446791725,Normal,0.2087577270973423,20.88,Low,No major individual anomaly reason was identified.
INV0785,Prime Stationery,Software,2026-05-13,4,4379.21,17516.85,0,49099.6287745098,118131.68858502238,16.75980392156863,2887.2864215686277,204,31582.778774509803,12.75980392156863,1491.9235784313723,1,0.1093163584599022,Normal,0.0894073105796503,8.94,Low,No major individual anomaly reason was identified.
INV0786,ABC Supplies,Electronics,2026-08-15,8,4004.46,32035.64,0,39308.7219047619,30437.02387711439,14.652380952380952,2675.61380952381,210,7273.081904761901,6.652380952380952,1328.8461904761905,1,0.11749786052617,Normal,0.0675858311664598,6.76,Low,No major individual anomaly reason was identified.
INV0787,XYZ Traders,Electronics,2026-07-08,3,3211.18,9633.54,0,41375.7582631579,62834.003986022224,14.242105263157894,2716.9371578947366,190,31742.218263157894,11.242105263157894,494.2428421052632,1,0.0910694616922323,Normal,0.1380749365174336,13.81,Low,No major individual anomaly reason was identified.
INV0788,Tech World,Stationery,2026-09-22,29,3801.28,110236.99,0,50436.67067961165,78785.82328290903,15.728155339805824,3009.856310679612,206,59800.31932038836,13.271844660194176,791.4236893203883,1,0.0725936183214117,Normal,0.1873532025976879,18.74,Low,No major individual anomaly reason was identified.
INV0789,ABC Supplies,Furniture,2026-05-14,9,929.83,8368.5,0,39308.7219047619,30437.02387711439,14.652380952380952,2675.61380952381,210,30940.2219047619,5.652380952380952,1745.78380952381,1,0.1232110167051412,Normal,0.0523478566559145,5.23,Low,No major individual anomaly reason was identified.
INV0790,ABC Supplies,Software,2026-07-30,29,2399.95,69598.64,0,39308.7219047619,30437.02387711439,14.652380952380952,2675.61380952381,210,30289.9180952381,14.347619047619048,275.66380952380996,1,0.0624740064522252,Normal,0.2143439556750953,21.43,Low,No major individual anomaly reason was identified.
INV0791,Global Office,Electronics,2026-03-01,2,1885.85,3771.71,0,45078.94052631578,49567.56191589249,17.58421052631579,2430.9345263157893,190,41307.23052631578,15.58421052631579,545.0845263157894,1,0.0571143329185656,Normal,0.2286391309043949,22.86,Low,No major individual anomaly reason was identified.
INV0792,Prime Stationery,Furniture,2026-12-30,2,650.13,1300.25,0,49099.6287745098,118131.68858502238,16.75980392156863,2887.2864215686277,204,47799.3787745098,14.75980392156863,2237.1564215686276,1,0.0751264837324914,Normal,0.1805976129789871,18.06,Low,No major individual anomaly reason was identified.
INV0793,Tech World,Stationery,2026-12-30,28,2533.43,70935.94,0,50436.67067961165,78785.82328290903,15.728155339805824,3009.856310679612,206,20499.269320388354,12.271844660194176,476.426310679612,1,0.0904234963491188,Normal,0.139797837681818,13.98,Low,No major individual anomaly reason was identified.
INV0794,XYZ Traders,Office Equipment,2026-08-01,13,4619.55,60054.15,0,41375.7582631579,62834.003986022224,14.242105263157894,2716.9371578947366,190,18678.391736842103,1.2421052631578942,1902.6128421052636,1,0.0942337983881175,Normal,0.1296351038917894,12.96,Low,No major individual anomaly reason was identified.
INV0795,Tech World,Furniture,2026-08-04,15,392.28,5884.26,0,50436.67067961165,78785.82328290903,15.728155339805824,3009.856310679612,206,44552.41067961165,0.7281553398058254,2617.576310679612,1,0.0887105353311983,Normal,0.1443666006406718,14.44,Low,No major individual anomaly reason was identified.
INV0796,XYZ Traders,Furniture,2026-08-14,28,1599.01,44772.35,0,41375.7582631579,62834.003986022224,14.242105263157894,2716.9371578947366,190,3396.5917368420996,13.757894736842106,1117.9271578947366,1,0.0516153002939651,Normal,0.243306000904334,24.33,Low,No major individual anomaly reason was identified.
INV0797,Prime Stationery,Office Equipment,2026-05-11,23,1196.2,27512.52,0,49099.6287745098,118131.68858502238,16.75980392156863,2887.2864215686277,204,21587.1087745098,6.240196078431371,1691.0864215686277,1,0.1213928925194925,Normal,0.0571971079506532,5.72,Low,No major individual anomaly reason was identified.
INV0798,XYZ Traders,Furniture,2026-03-17,12,1343.1,16117.25,0,41375.7582631579,62834.003986022224,14.242105263157894,2716.9371578947366,190,25258.5082631579,2.242105263157894,1373.8371578947367,1,0.1347749235360994,Normal,0.0215049194050387,2.15,Low,No major individual anomaly reason was identified.
INV0799,Global Office,Stationery,2026-10-13,26,4560.49,118572.63,0,45078.94052631578,49567.56191589249,17.58421052631579,2430.9345263157893,190,73493.68947368422,8.41578947368421,2129.5554736842105,1,0.0342022136249319,Normal,0.2897497112634696,28.97,Low,Invoice amount is significantly higher than the vendor average.
INV0800,Global Office,Stationery,2026-10-04,4,2446.73,9786.93,0,45078.94052631578,49567.56191589249,17.58421052631579,2430.9345263157893,190,35292.01052631578,13.58421052631579,15.79547368421072,1,0.0699349505374947,Normal,0.1944443288778434,19.44,Low,No major individual anomaly reason was identified.
INV0801,Global Office,Office Equipment,2026-06-05,26,2438.24,63394.17,0,45078.94052631578,49567.56191589249,17.58421052631579,2430.9345263157893,190,18315.229473684216,8.41578947368421,7.305473684210483,1,0.0947829366099803,Normal,0.1281704573872336,12.82,Low,No major individual anomaly reason was identified.
INV0802,Global Office,Software,2026-09-05,8,3850.76,30806.1,0,45078.94052631578,49567.56191589249,17.58421052631579,2430.9345263157893,190,14272.840526315784,9.58421052631579,1419.825473684211,1,0.1006580281107142,Normal,0.1125005733982709,11.25,Low,No major individual anomaly reason was identified.
INV0803,Tech World,Electronics,2026-08-06,9,941.56,8474.06,0,50436.67067961165,78785.82328290903,15.728155339805824,3009.856310679612,206,41962.61067961165,6.728155339805825,2068.296310679612,1,0.1175261230972822,Normal,0.0675104500067786,6.75,Low,No major individual anomaly reason was identified.
INV0804,Prime Stationery,Software,2026-07-09,23,2538.87,58394.1,0,49099.6287745098,118131.68858502238,16.75980392156863,2887.2864215686277,204,9294.471225490195,6.240196078431371,348.4164215686278,1,0.1058770735109558,Normal,0.0985804776951316,9.86,Low,No major individual anomaly reason was identified.
INV0805,XYZ Traders,Furniture,2026-06-12,5,2263.93,11319.65,0,41375.7582631579,62834.003986022224,14.242105263157894,2716.9371578947366,190,30056.108263157897,9.242105263157894,453.0071578947368,1,0.1061648686592376,Normal,0.0978128783163647,9.78,Low,No major individual anomaly reason was identified.
INV0806,XYZ Traders,Electronics,2026-06-29,24,29621.09,710906.26,1,41375.7582631579,62834.003986022224,14.242105263157894,2716.9371578947366,190,669530.5017368421,9.757894736842106,26904.152842105264,-1,-0.1598037401902931,Anomaly,0.8071971057547538,80.72,High,Invoice amount is significantly higher than the vendor average. Unit price is significantly different from the vendor average. Machine learning model identified this invoice as unusual.
INV0807,Global Office,Office Equipment,2026-02-03,20,4997.88,99957.54,0,45078.94052631578,49567.56191589249,17.58421052631579,2430.9345263157893,190,54878.59947368421,2.4157894736842103,2566.945473684211,1,0.022482900898471,Normal,0.3210071428849308,32.1,Low,No major individual anomaly reason was identified.
INV0808,Global Office,Office Equipment,2026-02-10,18,3893.35,70080.38,0,45078.94052631578,49567.56191589249,17.58421052631579,2430.9345263157893,190,25001.439473684222,0.4157894736842102,1462.4154736842106,1,0.0894545278745703,Normal,0.1423822439984244,14.24,Low,No major individual anomaly reason was identified.
INV0809,ABC Supplies,Electronics,2026-11-03,11,2109.76,23207.31,0,39308.7219047619,30437.02387711439,14.652380952380952,2675.61380952381,210,16101.4119047619,3.652380952380952,565.8538095238096,1,0.1299833992532279,Normal,0.034284742431372,3.43,Low,No major individual anomaly reason was identified.
INV0810,Prime Stationery,Stationery,2026-12-04,15,30426.55,456398.31,1,49099.6287745098,118131.68858502238,16.75980392156863,2887.2864215686277,204,407298.6812254902,1.7598039215686292,27539.26357843137,-1,-0.1718458408913263,Anomaly,0.8393154686679146,83.93,High,Invoice amount is significantly higher than the vendor average. Unit price is significantly different from the vendor average. Machine learning model identified this invoice as unusual.
INV0811,Tech World,Electronics,2026-11-10,28,1019.4,28543.2,0,50436.67067961165,78785.82328290903,15.728155339805824,3009.856310679612,206,21893.470679611648,12.271844660194176,1990.456310679612,1,0.0812380203757042,Normal,0.1642970889477483,16.43,Low,No major individual anomaly reason was identified.
INV0812,XYZ Traders,Furniture,2026-03-16,22,346.23,7616.97,0,41375.7582631579,62834.003986022224,14.242105263157894,2716.9371578947366,190,33758.7882631579,7.757894736842106,2370.7071578947366,1,0.0898406128545505,Normal,0.1413524886583731,14.14,Low,No major individual anomaly reason was identified.
INV0813,ABC Supplies,Stationery,2026-10-06,9,1181.35,10632.17,0,39308.7219047619,30437.02387711439,14.652380952380952,2675.61380952381,210,28676.551904761905,5.652380952380952,1494.26380952381,1,0.1295082322621278,Normal,0.0355520948845199,3.56,Low,No major individual anomaly reason was identified.
INV0814,ABC Supplies,Office Equipment,2026-06-25,17,1833.98,31177.58,0,39308.7219047619,30437.02387711439,14.652380952380952,2675.61380952381,210,8131.141904761898,2.347619047619048,841.6338095238098,1,0.1210519317473,Normal,0.0581065092330632,5.81,Low,No major individual anomaly reason was identified.
INV0815,XYZ Traders,Electronics,2026-05-30,27,2650.79,71571.27,0,41375.7582631579,62834.003986022224,14.242105263157894,2716.9371578947366,190,30195.511736842105,12.757894736842106,66.14715789473667,1,0.0636972334106739,Normal,0.2110813980572831,21.11,Low,No major individual anomaly reason was identified.
INV0816,Tech World,Software,2026-09-30,26,3152.62,81968.12,0,50436.67067961165,78785.82328290903,15.728155339805824,3009.856310679612,206,31531.449320388347,10.271844660194176,142.76368932038804,1,0.108614863731535,Normal,0.0912783182075332,9.13,Low,No major individual anomaly reason was identified.
INV0817,ABC Supplies,Software,2026-11-21,12,4570.91,54850.89,0,39308.7219047619,30437.02387711439,14.652380952380952,2675.61380952381,210,15542.1680952381,2.652380952380952,1895.29619047619,1,0.1002076687603755,Normal,0.1137017595878426,11.37,Low,No major individual anomaly reason was identified.
INV0818,ABC Supplies,Furniture,2026-04-18,7,2647.3,18531.09,0,39308.7219047619,30437.02387711439,14.652380952380952,2675.61380952381,210,20777.6319047619,7.652380952380952,28.313809523809596,1,0.1058086610509831,Normal,0.0987629455445324,9.88,Low,No major individual anomaly reason was identified.
INV0819,Prime Stationery,Software,2026-05-19,10,2606.12,26061.23,0,49099.6287745098,118131.68858502238,16.75980392156863,2887.2864215686277,204,23038.3987745098,6.759803921568629,281.1664215686278,1,0.1257356326416452,Normal,0.0456142698110521,4.56,Low,No major individual anomaly reason was identified.
INV0820,Tech World,Electronics,2026-12-16,25,441.17,11029.16,0,50436.67067961165,78785.82328290903,15.728155339805824,3009.856310679612,206,39407.510679611645,9.271844660194176,2568.686310679612,1,0.0777561268443345,Normal,0.173583900513435,17.36,Low,No major individual anomaly reason was identified.
INV0821,ABC Supplies,Electronics,2026-09-28,26,367.58,9556.96,0,39308.7219047619,30437.02387711439,14.652380952380952,2675.61380952381,210,29751.7619047619,11.347619047619048,2308.03380952381,1,0.0547867214971495,Normal,0.2348472726738327,23.48,Low,No major individual anomaly reason was identified.
INV0822,Tech World,Software,2026-12-13,25,2845.57,71139.2,0,50436.67067961165,78785.82328290903,15.728155339805824,3009.856310679612,206,20702.52932038835,9.271844660194176,164.2863106796117,1,0.1129385246817941,Normal,0.0797463675154112,7.97,Low,No major individual anomaly reason was identified.
INV0823,XYZ Traders,Electronics,2026-10-16,10,2303.26,23032.57,0,41375.7582631579,62834.003986022224,14.242105263157894,2716.9371578947366,190,18343.1882631579,4.242105263157894,413.6771578947364,1,0.1302759005040027,Normal,0.0335045910642495,3.35,Low,No major individual anomaly reason was identified.
INV0824,Global Office,Furniture,2026-07-31,27,4228.07,114157.78,0,45078.94052631578,49567.56191589249,17.58421052631579,2430.9345263157893,190,69078.83947368422,9.41578947368421,1797.1354736842104,1,0.0540792359159508,Normal,0.2367342589411722,23.67,Low,Invoice amount is significantly higher than the vendor average.
INV0825,ABC Supplies,Stationery,2026-09-29,13,971.26,12626.41,0,39308.7219047619,30437.02387711439,14.652380952380952,2675.61380952381,210,26682.3119047619,1.6523809523809518,1704.3538095238098,1,0.1199653488508191,Normal,0.0610046135315444,6.1,Low,No major individual anomaly reason was identified.
INV0826,Prime Stationery,Furniture,2026-03-07,19,319.86,6077.42,0,49099.6287745098,118131.68858502238,16.75980392156863,2887.2864215686277,204,43022.2087745098,2.240196078431371,2567.4264215686276,1,0.0790311209541027,Normal,0.1701832709599748,17.02,Low,No major individual anomaly reason was identified.
INV0827,XYZ Traders,Furniture,2026-09-05,11,2355.39,25909.25,0,41375.7582631579,62834.003986022224,14.242105263157894,2716.9371578947366,190,15466.5082631579,3.242105263157894,361.5471578947368,1,0.1267900861706923,Normal,0.0428018600860536,4.28,Low,No major individual anomaly reason was identified.
INV0828,Tech World,Electronics,2026-06-05,13,1339.9,17418.66,0,50436.67067961165,78785.82328290903,15.728155339805824,3009.856310679612,206,33018.010679611645,2.728155339805826,1669.9563106796118,1,0.1270814126124806,Normal,0.0420248421374531,4.2,Low,No major individual anomaly reason was identified.
INV0829,XYZ Traders,Stationery,2026-02-16,21,438.15,9201.13,0,41375.7582631579,62834.003986022224,14.242105263157894,2716.9371578947366,190,32174.6282631579,6.757894736842106,2278.7871578947365,1,0.0986048826673098,Normal,0.1179766669887444,11.8,Low,No major individual anomaly reason was identified.
INV0830,ABC Supplies,Electronics,2026-07-20,8,3678.07,29424.57,0,39308.7219047619,30437.02387711439,14.652380952380952,2675.61380952381,210,9884.1519047619,6.652380952380952,1002.4561904761904,1,0.127176580025362,Normal,0.0417710142065699,4.18,Low,No major individual anomaly reason was identified.
INV0831,Tech World,Office Equipment,2026-05-28,40,4187.41,167496.6,1,50436.67067961165,78785.82328290903,15.728155339805824,3009.856310679612,206,117059.92932038836,24.271844660194176,1177.553689320388,-1,-0.0017649809982284,Anomaly,0.3856804328672036,38.57,Low,Invoice amount is significantly higher than the vendor average. Invoice quantity is significantly higher than the vendor average. Machine learning model identified this invoice as unusual.
INV0832,Global Office,Electronics,2026-05-04,4,3119.93,12479.73,0,45078.94052631578,49567.56191589249,17.58421052631579,2430.9345263157893,190,32599.210526315783,13.58421052631579,688.9954736842105,1,0.0703806603120774,Normal,0.1932555439100543,19.33,Low,No major individual anomaly reason was identified.
INV0833,XYZ Traders,Electronics,2026-01-01,15,1549.04,23235.58,0,41375.7582631579,62834.003986022224,14.242105263157894,2716.9371578947366,190,18140.178263157897,0.7578947368421058,1167.897157894737,1,0.1232865840154113,Normal,0.0521463055847282,5.21,Low,No major individual anomaly reason was identified.
INV0834,ABC Supplies,Electronics,2026-09-04,28,1032.78,28917.87,0,39308.7219047619,30437.02387711439,14.652380952380952,2675.61380952381,210,10390.8519047619,13.347619047619048,1642.8338095238098,1,0.0700265178258697,Normal,0.1942001031009613,19.42,Low,No major individual anomaly reason was identified.
INV0835,Prime Stationery,Stationery,2026-12-09,11,2022.81,22250.88,0,49099.6287745098,118131.68858502238,16.75980392156863,2887.2864215686277,204,26848.7487745098,5.759803921568629,864.4764215686278,1,0.1260382767128024,Normal,0.044807065789738,4.48,Low,No major individual anomaly reason was identified.
INV0836,Tech World,Electronics,2026-05-08,11,4046.94,44516.34,0,50436.67067961165,78785.82328290903,15.728155339805824,3009.856310679612,206,5920.330679611652,4.728155339805825,1037.0836893203882,1,0.1135117826777171,Normal,0.0782173894066044,7.82,Low,No major individual anomaly reason was identified.
INV0837,XYZ Traders,Stationery,2026-07-10,1,2082.05,2082.05,0,41375.7582631579,62834.003986022224,14.242105263157894,2716.9371578947366,190,39293.708263157896,13.242105263157894,634.8871578947364,1,0.0810840881245415,Normal,0.1647076528542982,16.47,Low,No major individual anomaly reason was identified.
INV0838,XYZ Traders,Software,2026-03-08,17,3803.69,64662.8,0,41375.7582631579,62834.003986022224,14.242105263157894,2716.9371578947366,190,23287.041736842104,2.757894736842106,1086.7528421052634,1,0.110852612076117,Normal,0.0853098567883854,8.53,Low,No major individual anomaly reason was identified.
INV0839,Global Office,Office Equipment,2026-01-04,15,802.33,12035.01,0,45078.94052631578,49567.56191589249,17.58421052631579,2430.9345263157893,190,33043.93052631578,2.5842105263157897,1628.6045263157894,1,0.107137487293366,Normal,0.0952187363935723,9.52,Low,No major individual anomaly reason was identified.
INV0840,Global Office,Stationery,2026-10-30,20,3909.3,78186.06,0,45078.94052631578,49567.56191589249,17.58421052631579,2430.9345263157893,190,33107.119473684215,2.4157894736842103,1478.3654736842109,1,0.0919251503644562,Normal,0.135792667003377,13.58,Low,No major individual anomaly reason was identified.
INV0841,Prime Stationery,Software,2026-10-21,6,1337.28,8023.68,0,49099.6287745098,118131.68858502238,16.75980392156863,2887.2864215686277,204,41075.9487745098,10.75980392156863,1550.0064215686275,1,0.1260112899691697,Normal,0.0448790440971247,4.49,Low,No major individual anomaly reason was identified.
INV0842,Prime Stationery,Stationery,2026-05-23,24,3451.49,82835.69,0,49099.6287745098,118131.68858502238,16.75980392156863,2887.2864215686277,204,33736.0612254902,7.240196078431371,564.2035784313721,1,0.109857704199363,Normal,0.0879634479718577,8.8,Low,No major individual anomaly reason was identified.
INV0843,ABC Supplies,Stationery,2026-07-10,22,2915.75,64146.53,0,39308.7219047619,30437.02387711439,14.652380952380952,2675.61380952381,210,24837.8080952381,7.347619047619048,240.13619047619025,1,0.1062933489247469,Normal,0.0974701992525322,9.75,Low,No major individual anomaly reason was identified.
INV0844,ABC Supplies,Office Equipment,2026-01-21,28,4659.89,130477.05,0,39308.7219047619,30437.02387711439,14.652380952380952,2675.61380952381,210,91168.3280952381,13.347619047619048,1984.2761904761903,-1,-0.0157426865375494,Anomaly,0.4229613882711632,42.3,Low,Invoice amount is significantly higher than the vendor average. Machine learning model identified this invoice as unusual.
INV0845,Prime Stationery,Furniture,2026-08-15,25,2059.15,51478.7,0,49099.6287745098,118131.68858502238,16.75980392156863,2887.2864215686277,204,2379.0712254901955,8.24019607843137,828.1364215686276,1,0.1011784826704524,Normal,0.1111124311758722,11.11,Low,No major individual anomaly reason was identified.
INV0846,Prime Stationery,Furniture,2026-11-09,15,517.59,7763.89,0,49099.6287745098,118131.68858502238,16.75980392156863,2887.2864215686277,204,41335.7387745098,1.7598039215686292,2369.6964215686276,1,0.0925459971957912,Normal,0.1341367612492761,13.41,Low,No major individual anomaly reason was identified.
INV0847,Tech World,Stationery,2026-04-27,9,291.95,2627.52,0,50436.67067961165,78785.82328290903,15.728155339805824,3009.856310679612,206,47809.15067961165,6.728155339805825,2717.906310679612,1,0.0879411487290611,Normal,0.1464186876246185,14.64,Low,No major individual anomaly reason was identified.
INV0848,Global Office,Electronics,2026-10-29,14,4168.92,58364.9,0,45078.94052631578,49567.56191589249,17.58421052631579,2430.9345263157893,190,13285.95947368422,3.5842105263157897,1737.9854736842108,1,0.0957054004256532,Normal,0.125710087029801,12.57,Low,No major individual anomaly reason was identified.
INV0849,ABC Supplies,Software,2026-05-22,18,2718.73,48937.16,0,39308.7219047619,30437.02387711439,14.652380952380952,2675.61380952381,210,9628.438095238103,3.347619047619048,43.11619047619024,1,0.0997958186765254,Normal,0.1148002349109877,11.48,Low,No major individual anomaly reason was identified.
INV0850,Global Office,Electronics,2026-02-08,26,3921.17,101950.46,0,45078.94052631578,49567.56191589249,17.58421052631579,2430.9345263157893,190,56871.519473684224,8.41578947368421,1490.2354736842108,1,0.0790358116414634,Normal,0.1701707600864401,17.02,Low,No major individual anomaly reason was identified.
INV0851,Global Office,Electronics,2026-12-21,17,1325.24,22529.13,0,45078.94052631578,49567.56191589249,17.58421052631579,2430.9345263157893,190,22549.81052631578,0.5842105263157897,1105.6945263157893,1,0.1080820689987032,Normal,0.0926993738034098,9.27,Low,No major individual anomaly reason was identified.
INV0852,Prime Stationery,Stationery,2026-09-09,18,1856.4,33415.24,0,49099.6287745098,118131.68858502238,16.75980392156863,2887.2864215686277,204,15684.388774509804,1.2401960784313708,1030.8864215686276,1,0.1227950424629191,Normal,0.0534573318219102,5.35,Low,No major individual anomaly reason was identified.
INV0853,Tech World,Stationery,2026-11-29,5,344.5,1722.49,0,50436.67067961165,78785.82328290903,15.728155339805824,3009.856310679612,206,48714.18067961165,10.728155339805824,2665.356310679612,1,0.0830562306753917,Normal,0.1594476079719914,15.94,Low,No major individual anomaly reason was identified.
INV0854,XYZ Traders,Stationery,2026-07-26,20,4815.16,96303.26,0,41375.7582631579,62834.003986022224,14.242105263157894,2716.9371578947366,190,54927.501736842096,5.757894736842106,2098.222842105263,1,0.076159953153912,Normal,0.177841171494156,17.78,Low,No major individual anomaly reason was identified.
INV0855,Tech World,Stationery,2026-07-29,20,3405.77,68115.32,0,50436.67067961165,78785.82328290903,15.728155339805824,3009.856310679612,206,17678.64932038836,4.271844660194175,395.9136893203882,1,0.1259499371069199,Normal,0.0450426827798115,4.5,Low,No major individual anomaly reason was identified.
INV0856,Tech World,Furniture,2026-04-25,9,4679.38,42114.46,0,50436.67067961165,78785.82328290903,15.728155339805824,3009.856310679612,206,8322.21067961165,6.728155339805825,1669.5236893203885,1,0.1094760887446616,Normal,0.0889812823158538,8.9,Low,No major individual anomaly reason was identified.
INV0857,Global Office,Stationery,2026-08-13,11,1474.38,16218.21,0,45078.94052631578,49567.56191589249,17.58421052631579,2430.9345263157893,190,28860.730526315783,6.58421052631579,956.5545263157892,1,0.1291796652542209,Normal,0.0364284398564848,3.64,Low,No major individual anomaly reason was identified.
INV0858,Tech World,Furniture,2026-05-14,24,3135.03,75240.61,0,50436.67067961165,78785.82328290903,15.728155339805824,3009.856310679612,206,24803.939320388352,8.271844660194175,125.17368932038836,1,0.1178747319709833,Normal,0.0665806499163908,6.66,Low,No major individual anomaly reason was identified.
INV0859,ABC Supplies,Furniture,2026-09-08,22,3456.8,76049.6,0,39308.7219047619,30437.02387711439,14.652380952380952,2675.61380952381,210,36740.878095238106,7.347619047619048,781.1861904761904,1,0.1113675390888959,Normal,0.0839364574886433,8.39,Low,No major individual anomaly reason was identified.
INV0860,Global Office,Stationery,2026-08-07,1,1724.24,1724.24,0,45078.94052631578,49567.56191589249,17.58421052631579,2430.9345263157893,190,43354.700526315784,16.58421052631579,706.6945263157893,1,0.0343134325317285,Normal,0.2894530712253248,28.95,Low,No major individual anomaly reason was identified.
INV0861,ABC Supplies,Office Equipment,2026-04-01,18,4270.92,76876.64,0,39308.7219047619,30437.02387711439,14.652380952380952,2675.61380952381,210,37567.9180952381,3.347619047619048,1595.3061904761903,1,0.0895495769585564,Normal,0.1421287316711468,14.21,Low,No major individual anomaly reason was identified.
INV0862,XYZ Traders,Software,2026-12-20,6,4746.38,28478.25,0,41375.7582631579,62834.003986022224,14.242105263157894,2716.9371578947366,190,12897.5082631579,8.242105263157894,2029.4428421052637,1,0.0878613536582677,Normal,0.1466315148634909,14.66,Low,No major individual anomaly reason was identified.
INV0863,Global Office,Electronics,2026-02-15,27,4447.3,120077.22,0,45078.94052631578,49567.56191589249,17.58421052631579,2430.9345263157893,190,74998.27947368422,9.41578947368421,2016.3654736842109,1,0.0355739879680035,Normal,0.2860909521084365,28.61,Low,Invoice amount is significantly higher than the vendor average.
INV0864,XYZ Traders,Furniture,2026-02-07,2,3747.52,7495.04,0,41375.7582631579,62834.003986022224,14.242105263157894,2716.9371578947366,190,33880.7182631579,12.242105263157894,1030.5828421052634,1,0.0935233280643346,Normal,0.1315300509832327,13.15,Low,No major individual anomaly reason was identified.
INV0865,Global Office,Software,2026-05-22,15,1531.83,22977.46,0,45078.94052631578,49567.56191589249,17.58421052631579,2430.9345263157893,190,22101.480526315783,2.5842105263157897,899.1045263157894,1,0.1247282341273857,Normal,0.0483011756825824,4.83,Low,No major individual anomaly reason was identified.
INV0866,Prime Stationery,Office Equipment,2026-04-10,29,1551.76,45000.95,0,49099.6287745098,118131.68858502238,16.75980392156863,2887.2864215686277,204,4098.6787745098045,12.24019607843137,1335.5264215686277,1,0.0947185687923622,Normal,0.128342137476739,12.83,Low,No major individual anomaly reason was identified.
INV0867,Tech World,Electronics,2026-11-24,26,4824.13,125427.37,0,50436.67067961165,78785.82328290903,15.728155339805824,3009.856310679612,206,74990.69932038835,10.271844660194176,1814.2736893203885,1,0.0459667539684525,Normal,0.2583716497739742,25.84,Low,No major individual anomaly reason was identified.
INV0868,Prime Stationery,Electronics,2026-07-09,21,249.37,5236.68,0,49099.6287745098,118131.68858502238,16.75980392156863,2887.2864215686277,204,43862.9487745098,4.240196078431371,2637.916421568628,1,0.0729495522175316,Normal,0.1864038654070686,18.64,Low,No major individual anomaly reason was identified.
INV0869,XYZ Traders,Furniture,2026-02-04,14,3637.04,50918.56,0,41375.7582631579,62834.003986022224,14.242105263157894,2716.9371578947366,190,9542.8017368421,0.2421052631578941,920.1028421052632,1,0.1070020197512497,Normal,0.0955800517312086,9.56,Low,No major individual anomaly reason was identified.
INV0870,Tech World,Stationery,2026-05-27,5,3589.98,17949.91,0,50436.67067961165,78785.82328290903,15.728155339805824,3009.856310679612,206,32486.76067961165,10.728155339805824,580.1236893203882,1,0.1243621016029359,Normal,0.0492777143768305,4.93,Low,No major individual anomaly reason was identified.
INV0871,Global Office,Office Equipment,2026-01-30,6,3188.91,19133.46,0,45078.94052631578,49567.56191589249,17.58421052631579,2430.9345263157893,190,25945.480526315783,11.58421052631579,757.9754736842106,1,0.0975875552372561,Normal,0.1206900549939763,12.07,Low,No major individual anomaly reason was identified.
INV0872,Tech World,Furniture,2026-11-30,6,4952.52,29715.13,0,50436.67067961165,78785.82328290903,15.728155339805824,3009.856310679612,206,20721.540679611648,9.728155339805824,1942.6636893203888,1,0.1001074339673008,Normal,0.1139691030971211,11.4,Low,No major individual anomaly reason was identified.
INV0873,ABC Supplies,Office Equipment,2026-03-25,22,1697.02,37334.47,0,39308.7219047619,30437.02387711439,14.652380952380952,2675.61380952381,210,1974.251904761899,7.347619047619048,978.5938095238098,1,0.102319831724549,Normal,0.1080682560738551,10.81,Low,No major individual anomaly reason was identified.
INV0874,Tech World,Stationery,2026-10-08,18,1831.86,32973.57,0,50436.67067961165,78785.82328290903,15.728155339805824,3009.856310679612,206,17463.10067961165,2.271844660194174,1177.996310679612,1,0.124897415847846,Normal,0.0478499388069806,4.78,Low,No major individual anomaly reason was identified.
INV0875,ABC Supplies,Stationery,2026-12-10,14,578.91,8104.73,0,39308.7219047619,30437.02387711439,14.652380952380952,2675.61380952381,210,31203.9919047619,0.6523809523809518,2096.70380952381,1,0.0907990893067226,Normal,0.1387960663780029,13.88,Low,No major individual anomaly reason was identified.
INV0876,Tech World,Furniture,2026-09-27,10,2325.43,23254.31,0,50436.67067961165,78785.82328290903,15.728155339805824,3009.856310679612,206,27182.360679611647,5.728155339805825,684.426310679612,1,0.1425090651301929,Normal,0.0008766276552817,0.09,Low,No major individual anomaly reason was identified.
INV0877,ABC Supplies,Stationery,2026-06-03,14,1453.03,20342.46,0,39308.7219047619,30437.02387711439,14.652380952380952,2675.61380952381,210,18966.2619047619,0.6523809523809518,1222.5838095238098,1,0.1076601798865762,Normal,0.0938246249492704,9.38,Low,No major individual anomaly reason was identified.
INV0878,XYZ Traders,Software,2026-04-12,13,1848.26,24027.33,0,41375.7582631579,62834.003986022224,14.242105263157894,2716.9371578947366,190,17348.428263157897,1.2421052631578942,868.6771578947366,1,0.1270578090170102,Normal,0.0420877970042322,4.21,Low,No major individual anomaly reason was identified.
INV0879,Prime Stationery,Electronics,2026-08-03,3,4205.94,12617.83,0,49099.6287745098,118131.68858502238,16.75980392156863,2887.2864215686277,204,36481.7987745098,13.75980392156863,1318.653578431372,1,0.1110591475130999,Normal,0.0847589910977442,8.48,Low,No major individual anomaly reason was identified.
INV0880,Global Office,Furniture,2026-05-30,6,4690.33,28141.95,0,45078.94052631578,49567.56191589249,17.58421052631579,2430.9345263157893,190,16936.99052631578,11.58421052631579,2259.39547368421,1,0.0524415307702555,Normal,0.2411023014879081,24.11,Low,No major individual anomaly reason was identified.
INV0881,Tech World,Office Equipment,2026-03-24,29,1091.52,31654.04,0,50436.67067961165,78785.82328290903,15.728155339805824,3009.856310679612,206,18782.630679611648,13.271844660194176,1918.336310679612,1,0.0744564376158958,Normal,0.182384741726343,18.24,Low,No major individual anomaly reason was identified.
INV0882,Prime Stationery,Software,2026-04-20,8,1988.04,15904.34,0,49099.6287745098,118131.68858502238,16.75980392156863,2887.2864215686277,204,33195.2887745098,8.75980392156863,899.2464215686277,1,0.1361668736999534,Normal,0.0177923478504876,1.78,Low,No major individual anomaly reason was identified.
INV0883,Global Office,Furniture,2026-10-02,72,4657.43,335334.72,1,45078.94052631578,49567.56191589249,17.58421052631579,2430.9345263157893,190,290255.7794736842,54.415789473684214,2226.495473684211,-1,-0.114434399432538,Anomaly,0.6861892361341811,68.62,Medium,Invoice amount is significantly higher than the vendor average. Invoice quantity is significantly higher than the vendor average. Machine learning model identified this invoice as unusual.
INV0884,Global Office,Stationery,2026-07-20,13,496.68,6456.85,0,45078.94052631578,49567.56191589249,17.58421052631579,2430.9345263157893,190,38622.090526315784,4.58421052631579,1934.2545263157892,1,0.0881130030866151,Normal,0.145960322364174,14.6,Low,No major individual anomaly reason was identified.
INV0885,ABC Supplies,Stationery,2026-10-11,11,643.33,7076.64,0,39308.7219047619,30437.02387711439,14.652380952380952,2675.61380952381,210,32232.0819047619,3.652380952380952,2032.28380952381,1,0.103222941678714,Normal,0.1056595058085571,10.57,Low,No major individual anomaly reason was identified.
INV0886,XYZ Traders,Stationery,2026-06-22,12,981.4,11776.76,0,41375.7582631579,62834.003986022224,14.242105263157894,2716.9371578947366,190,29598.998263157897,2.242105263157894,1735.5371578947363,1,0.1286125299816017,Normal,0.0379410876045039,3.79,Low,No major individual anomaly reason was identified.
INV0887,XYZ Traders,Stationery,2026-11-23,1,3057.02,3057.02,0,41375.7582631579,62834.003986022224,14.242105263157894,2716.9371578947366,190,38318.7382631579,13.242105263157894,340.08284210526335,1,0.0723726447730058,Normal,0.1879425772257626,18.79,Low,No major individual anomaly reason was identified.
INV0888,Prime Stationery,Office Equipment,2026-07-25,17,922.27,15678.54,0,49099.6287745098,118131.68858502238,16.75980392156863,2887.2864215686277,204,33421.0887745098,0.2401960784313708,1965.0164215686275,1,0.1121449918634704,Normal,0.0818628566293277,8.19,Low,No major individual anomaly reason was identified.
INV0889,XYZ Traders,Software,2026-03-04,16,4846.77,77548.27,0,41375.7582631579,62834.003986022224,14.242105263157894,2716.9371578947366,190,36172.511736842105,1.7578947368421058,2129.832842105264,1,0.0853297390498517,Normal,0.1533837683754041,15.34,Low,No major individual anomaly reason was identified.
INV0890,Tech World,Electronics,2026-03-14,11,2344.23,25786.53,0,50436.67067961165,78785.82328290903,15.728155339805824,3009.856310679612,206,24650.14067961165,4.728155339805825,665.6263106796118,1,0.1428377381242292,Normal,0.0,0.0,Low,No major individual anomaly reason was identified.
INV0891,XYZ Traders,Office Equipment,2026-09-08,13,2607.29,33894.72,0,41375.7582631579,62834.003986022224,14.242105263157894,2716.9371578947366,190,7481.038263157898,1.2421052631578942,109.64715789473668,1,0.1080294019813286,Normal,0.0928398458372839,9.28,Low,No major individual anomaly reason was identified.
INV0892,Prime Stationery,Office Equipment,2026-05-04,18,1383.96,24911.3,0,49099.6287745098,118131.68858502238,16.75980392156863,2887.2864215686277,204,24188.3287745098,1.2401960784313708,1503.3264215686277,1,0.1286440721710176,Normal,0.0378569591362336,3.79,Low,No major individual anomaly reason was identified.
INV0893,XYZ Traders,Electronics,2026-05-01,11,2460.61,27066.7,0,41375.7582631579,62834.003986022224,14.242105263157894,2716.9371578947366,190,14309.058263157898,3.242105263157894,256.3271578947365,1,0.1238480564230404,Normal,0.0506487616759307,5.06,Low,No major individual anomaly reason was identified.
INV0894,Tech World,Electronics,2026-10-02,28,3377.19,94561.19,0,50436.67067961165,78785.82328290903,15.728155339805824,3009.856310679612,206,44124.519320388354,12.271844660194176,367.3336893203882,1,0.0907738528407819,Normal,0.1388633763924142,13.89,Low,No major individual anomaly reason was identified.
INV0895,ABC Supplies,Stationery,2026-04-30,12,3805.65,45667.8,0,39308.7219047619,30437.02387711439,14.652380952380952,2675.61380952381,210,6359.078095238103,2.652380952380952,1130.0361904761903,1,0.1114411912496351,Normal,0.0837400144521093,8.37,Low,No major individual anomaly reason was identified.
INV0896,Prime Stationery,Office Equipment,2026-11-13,6,3818.57,22911.4,0,49099.6287745098,118131.68858502238,16.75980392156863,2887.2864215686277,204,26188.2287745098,10.75980392156863,931.2835784313723,1,0.1219151799284599,Normal,0.0558040772027248,5.58,Low,No major individual anomaly reason was identified.
INV0897,ABC Supplies,Furniture,2026-06-13,9,2973.88,26764.9,0,39308.7219047619,30437.02387711439,14.652380952380952,2675.61380952381,210,12543.8219047619,5.652380952380952,298.26619047619033,1,0.128416655110177,Normal,0.0384635197251262,3.85,Low,No major individual anomaly reason was identified.
INV0898,ABC Supplies,Electronics,2026-10-13,16,4540.93,72654.83,0,39308.7219047619,30437.02387711439,14.652380952380952,2675.61380952381,210,33346.1080952381,1.3476190476190482,1865.3161904761905,1,0.0871832068082745,Normal,0.1484402496662674,14.84,Low,No major individual anomaly reason was identified.
INV0899,ABC Supplies,Electronics,2026-09-22,4,4123.56,16494.23,0,39308.7219047619,30437.02387711439,14.652380952380952,2675.61380952381,210,22814.4919047619,10.652380952380952,1447.9461904761906,1,0.1081222097400659,Normal,0.092592311511647,9.26,Low,No major individual anomaly reason was identified.
INV0900,Global Office,Software,2026-11-16,3,3833.83,11501.49,0,45078.94052631578,49567.56191589249,17.58421052631579,2430.9345263157893,190,33577.450526315784,14.58421052631579,1402.8954736842106,1,0.0647317778501616,Normal,0.2083220893135514,20.83,Low,No major individual anomaly reason was identified.
INV0901,Global Office,Furniture,2026-06-10,28,466.91,13073.38,0,45078.94052631578,49567.56191589249,17.58421052631579,2430.9345263157893,190,32005.560526315785,10.41578947368421,1964.0245263157892,1,0.0783988101426235,Normal,0.1718697531295901,17.19,Low,No major individual anomaly reason was identified.
INV0902,ABC Supplies,Furniture,2026-11-04,16,233.01,3728.23,0,39308.7219047619,30437.02387711439,14.652380952380952,2675.61380952381,210,35580.4919047619,1.3476190476190482,2442.60380952381,1,0.0552104551234498,Normal,0.2337171018900213,23.37,Low,No major individual anomaly reason was identified.
INV0903,Prime Stationery,Electronics,2026-03-30,24,1219.75,29273.93,0,49099.6287745098,118131.68858502238,16.75980392156863,2887.2864215686277,204,19825.6987745098,7.240196078431371,1667.5364215686277,1,0.118261344850526,Normal,0.0655494865770086,6.55,Low,No major individual anomaly reason was identified.
INV0904,Tech World,Stationery,2026-05-22,27,3384.91,91392.66,0,50436.67067961165,78785.82328290903,15.728155339805824,3009.856310679612,206,40955.989320388355,11.271844660194176,375.053689320388,1,0.1021388219732679,Normal,0.1085510403510177,10.86,Low,No major individual anomaly reason was identified.
INV0905,Tech World,Software,2026-07-22,26,2173.75,56517.45,0,50436.67067961165,78785.82328290903,15.728155339805824,3009.856310679612,206,6080.779320388348,10.271844660194176,836.1063106796119,1,0.1008673547172527,Normal,0.111942263176234,11.19,Low,No major individual anomaly reason was identified.
INV0906,XYZ Traders,Furniture,2026-11-05,25,2131.55,53288.75,0,41375.7582631579,62834.003986022224,14.242105263157894,2716.9371578947366,190,11912.9917368421,10.757894736842106,585.3871578947364,1,0.0827494711222881,Normal,0.1602657886946302,16.03,Low,No major individual anomaly reason was identified.
INV0907,Prime Stationery,Electronics,2026-08-15,12,4446.02,53352.2,0,49099.6287745098,118131.68858502238,16.75980392156863,2887.2864215686277,204,4252.5712254901955,4.759803921568629,1558.7335784313727,1,0.0872482335131654,Normal,0.1482668122105788,14.83,Low,No major individual anomaly reason was identified.
INV0908,Global Office,Furniture,2026-11-30,11,4498.7,49485.72,0,45078.94052631578,49567.56191589249,17.58421052631579,2430.9345263157893,190,4406.779473684219,6.58421052631579,2067.7654736842105,1,0.0522794302207026,Normal,0.2415346516573861,24.15,Low,No major individual anomaly reason was identified.
INV0909,ABC Supplies,Software,2026-08-10,5,4564.04,22820.21,0,39308.7219047619,30437.02387711439,14.652380952380952,2675.61380952381,210,16488.5119047619,9.652380952380952,1888.4261904761904,1,0.0965990252404374,Normal,0.123326635269845,12.33,Low,No major individual anomaly reason was identified.
INV0910,XYZ Traders,Software,2026-02-10,25,1706.61,42665.37,0,41375.7582631579,62834.003986022224,14.242105263157894,2716.9371578947366,190,1289.6117368421037,10.757894736842106,1010.3271578947368,1,0.0686013509048579,Normal,0.1980012694852418,19.8,Low,No major individual anomaly reason was identified.
INV0911,Tech World,Office Equipment,2026-07-15,18,3517.07,63307.22,0,50436.67067961165,78785.82328290903,15.728155339805824,3009.856310679612,206,12870.549320388352,2.271844660194174,507.2136893203883,1,0.1262103370437658,Normal,0.0443481511626276,4.43,Low,No major individual anomaly reason was identified.
INV0912,Global Office,Electronics,2026-03-09,19,1503.84,28572.95,0,45078.94052631578,49567.56191589249,17.58421052631579,2430.9345263157893,190,16505.99052631578,1.4157894736842105,927.0945263157894,1,0.115589999274101,Normal,0.0726744267199459,7.27,Low,No major individual anomaly reason was identified.
INV0913,Global Office,Software,2026-09-21,23,1114.93,25643.33,0,45078.94052631578,49567.56191589249,17.58421052631579,2430.9345263157893,190,19435.61052631578,5.41578947368421,1316.0045263157892,1,0.1088221868112402,Normal,0.0907253517376818,9.07,Low,No major individual anomaly reason was identified.
INV0914,ABC Supplies,Office Equipment,2026-01-02,23,1086.24,24983.42,0,39308.7219047619,30437.02387711439,14.652380952380952,2675.61380952381,210,14325.301904761902,8.347619047619048,1589.3738095238098,1,0.1069498755095575,Normal,0.0957191294320253,9.57,Low,No major individual anomaly reason was identified.
INV0915,Tech World,Office Equipment,2026-12-27,6,1842.12,11052.7,0,50436.67067961165,78785.82328290903,15.728155339805824,3009.856310679612,206,39383.97067961165,9.728155339805824,1167.736310679612,1,0.1362562363013438,Normal,0.0175540023546659,1.76,Low,No major individual anomaly reason was identified.
INV0916,Prime Stationery,Furniture,2026-05-05,22,2263.8,49803.52,0,49099.6287745098,118131.68858502238,16.75980392156863,2887.2864215686277,204,703.8912254901952,5.240196078431371,623.4864215686275,1,0.1021716460676039,Normal,0.1084634928208688,10.85,Low,No major individual anomaly reason was identified.
INV0917,Global Office,Furniture,2026-04-20,18,4188.56,75394.01,0,45078.94052631578,49567.56191589249,17.58421052631579,2430.9345263157893,190,30315.069473684212,0.4157894736842102,1757.625473684211,1,0.0817446305844437,Normal,0.162945872001156,16.29,Low,No major individual anomaly reason was identified.
INV0918,ABC Supplies,Office Equipment,2026-03-27,26,775.48,20162.41,0,39308.7219047619,30437.02387711439,14.652380952380952,2675.61380952381,210,19146.3119047619,11.347619047619048,1900.1338095238095,1,0.0703248963236057,Normal,0.1934042761008644,19.34,Low,No major individual anomaly reason was identified.
INV0919,Prime Stationery,Furniture,2026-04-30,6,3727.64,22365.86,0,49099.6287745098,118131.68858502238,16.75980392156863,2887.2864215686277,204,26733.7687745098,10.75980392156863,840.3535784313722,1,0.1212736980689281,Normal,0.0575150201418487,5.75,Low,No major individual anomaly reason was identified.
INV0920,Tech World,Software,2026-05-07,4,2750.98,11003.93,0,50436.67067961165,78785.82328290903,15.728155339805824,3009.856310679612,206,39432.74067961165,11.728155339805824,258.87631067961183,1,0.1216863978520448,Normal,0.0564142785239691,5.64,Low,No major individual anomaly reason was identified.
INV0921,Global Office,Stationery,2026-09-12,12,1582.14,18985.65,0,45078.94052631578,49567.56191589249,17.58421052631579,2430.9345263157893,190,26093.29052631578,5.58421052631579,848.7945263157892,1,0.1282511007056335,Normal,0.0389050819225378,3.89,Low,No major individual anomaly reason was identified.
INV0922,Prime Stationery,Software,2026-07-02,19,2565.53,48745.15,0,49099.6287745098,118131.68858502238,16.75980392156863,2887.2864215686277,204,354.47877450980013,2.240196078431371,321.7564215686275,1,0.1033866146838844,Normal,0.1052229616282963,10.52,Low,No major individual anomaly reason was identified.
INV0923,Prime Stationery,Office Equipment,2026-01-16,29,1639.72,47551.94,0,49099.6287745098,118131.68858502238,16.75980392156863,2887.2864215686277,204,1547.6887745097993,12.24019607843137,1247.5664215686277,1,0.0922372694264794,Normal,0.134960191544563,13.5,Low,No major individual anomaly reason was identified.
INV0924,Prime Stationery,Office Equipment,2026-03-03,27,3061.19,82652.22,0,49099.6287745098,118131.68858502238,16.75980392156863,2887.2864215686277,204,33552.5912254902,10.24019607843137,173.90357843137235,1,0.1050678602619097,Normal,0.1007387892266712,10.07,Low,No major individual anomaly reason was identified.
INV0925,Global Office,Software,2026-06-07,29,2282.45,66191.07,0,45078.94052631578,49567.56191589249,17.58421052631579,2430.9345263157893,190,21112.129473684225,11.41578947368421,148.48452631578948,1,0.0838934457123017,Normal,0.1572146108347458,15.72,Low,No major individual anomaly reason was identified.
INV0926,Global Office,Furniture,2026-09-25,2,989.15,1978.29,0,45078.94052631578,49567.56191589249,17.58421052631579,2430.9345263157893,190,43100.65052631578,15.58421052631579,1441.7845263157892,1,0.0432537418816381,Normal,0.265607721698254,26.56,Low,No major individual anomaly reason was identified.
INV0927,XYZ Traders,Furniture,2026-02-04,17,759.6,12913.18,0,41375.7582631579,62834.003986022224,14.242105263157894,2716.9371578947366,190,28462.5782631579,2.757894736842106,1957.3371578947367,1,0.1150946202143777,Normal,0.0739956882518651,7.4,Low,No major individual anomaly reason was identified.
INV0928,Tech World,Office Equipment,2026-09-24,11,2824.14,31065.53,0,50436.67067961165,78785.82328290903,15.728155339805824,3009.856310679612,206,19371.14067961165,4.728155339805825,185.716310679612,1,0.1272814725568365,Normal,0.0414912477043275,4.15,Low,No major individual anomaly reason was identified.
INV0929,ABC Supplies,Electronics,2026-03-05,11,4531.58,49847.41,0,39308.7219047619,30437.02387711439,14.652380952380952,2675.61380952381,210,10538.688095238103,3.652380952380952,1855.96619047619,1,0.1010429960457406,Normal,0.1114737974100874,11.15,Low,No major individual anomaly reason was identified.
INV0930,Prime Stationery,Furniture,2026-02-19,21,1851.0,38870.93,0,49099.6287745098,118131.68858502238,16.75980392156863,2887.2864215686277,204,10228.6987745098,4.240196078431371,1036.2864215686277,1,0.117880631550165,Normal,0.0665649147195263,6.66,Low,No major individual anomaly reason was identified.
INV0931,XYZ Traders,Software,2026-09-12,16,3718.4,59494.41,0,41375.7582631579,62834.003986022224,14.242105263157894,2716.9371578947366,190,18118.651736842105,1.7578947368421058,1001.4628421052636,1,0.1172237807206222,Normal,0.0683168493567492,6.83,Low,No major individual anomaly reason was identified.
INV0932,ABC Supplies,Furniture,2026-05-29,2,3361.57,6723.15,0,39308.7219047619,30437.02387711439,14.652380952380952,2675.61380952381,210,32585.5719047619,12.652380952380952,685.9561904761904,1,0.089760718524271,Normal,0.1415655806394425,14.16,Low,No major individual anomaly reason was identified.
INV0933,XYZ Traders,Software,2026-11-21,2,4671.46,9342.93,0,41375.7582631579,62834.003986022224,14.242105263157894,2716.9371578947366,190,32032.8282631579,12.242105263157894,1954.5228421052632,1,0.0785560626064846,Normal,0.1714503336421874,17.15,Low,No major individual anomaly reason was identified.
INV0934,Global Office,Office Equipment,2026-10-31,23,4140.71,95236.3,0,45078.94052631578,49567.56191589249,17.58421052631579,2430.9345263157893,190,50157.35947368422,5.41578947368421,1709.7754736842107,1,0.0907754879122876,Normal,0.1388590153742404,13.89,Low,No major individual anomaly reason was identified.
INV0935,Prime Stationery,Furniture,2026-10-03,8,2919.71,23357.64,0,49099.6287745098,118131.68858502238,16.75980392156863,2887.2864215686277,204,25741.9887745098,8.75980392156863,32.423578431372334,1,0.1155351136937176,Normal,0.0728208160446342,7.28,Low,No major individual anomaly reason was identified.
INV0936,ABC Supplies,Software,2026-12-23,13,3353.75,43598.7,0,39308.7219047619,30437.02387711439,14.652380952380952,2675.61380952381,210,4289.978095238097,1.6523809523809518,678.1361904761902,1,0.1117414984500942,Normal,0.0829390432686551,8.29,Low,No major individual anomaly reason was identified.
INV0937,ABC Supplies,Office Equipment,2026-06-21,10,4512.26,45122.55,0,39308.7219047619,30437.02387711439,14.652380952380952,2675.61380952381,210,5813.828095238103,4.652380952380952,1836.6461904761904,1,0.0923994653317544,Normal,0.1345275870449009,13.45,Low,No major individual anomaly reason was identified.
INV0938,ABC Supplies,Electronics,2026-07-20,8,2117.69,16941.52,0,39308.7219047619,30437.02387711439,14.652380952380952,2675.61380952381,210,22367.2019047619,6.652380952380952,557.9238095238097,1,0.1355634426341728,Normal,0.0194018027491792,1.94,Low,No major individual anomaly reason was identified.
INV0939,ABC Supplies,Software,2026-11-20,4,1768.61,7074.46,0,39308.7219047619,30437.02387711439,14.652380952380952,2675.61380952381,210,32234.2619047619,10.652380952380952,907.00380952381,1,0.1154431099668769,Normal,0.0730662058783017,7.31,Low,No major individual anomaly reason was identified.
INV0940,ABC Supplies,Electronics,2026-02-04,15,251.89,3778.4,0,39308.7219047619,30437.02387711439,14.652380952380952,2675.61380952381,210,35530.3219047619,0.3476190476190481,2423.72380952381,1,0.0548875325203306,Normal,0.2345783922593133,23.46,Low,No major individual anomaly reason was identified.
INV0941,XYZ Traders,Electronics,2026-08-04,1,4167.45,4167.45,0,41375.7582631579,62834.003986022224,14.242105263157894,2716.9371578947366,190,37208.3082631579,13.242105263157894,1450.5128421052632,1,0.0839731962555784,Normal,0.1570019023584528,15.7,Low,No major individual anomaly reason was identified.
INV0942,Prime Stationery,Stationery,2026-03-06,11,4044.71,44491.78,0,49099.6287745098,118131.68858502238,16.75980392156863,2887.2864215686277,204,4607.848774509803,5.759803921568629,1157.4235784313723,1,0.1012293395140385,Normal,0.1109767871882101,11.1,Low,No major individual anomaly reason was identified.
INV0943,Global Office,Furniture,2026-01-08,7,701.38,4909.67,0,45078.94052631578,49567.56191589249,17.58421052631579,2430.9345263157893,190,40169.270526315784,10.58421052631579,1729.5545263157892,1,0.0794255983266996,Normal,0.1691311316589797,16.91,Low,No major individual anomaly reason was identified.
INV0944,Global Office,Software,2026-10-28,17,2968.92,50471.56,0,45078.94052631578,49567.56191589249,17.58421052631579,2430.9345263157893,190,5392.619473684215,0.5842105263157897,537.9854736842108,1,0.0848889728704332,Normal,0.1545593679208552,15.46,Low,No major individual anomaly reason was identified.
INV0945,Global Office,Electronics,2026-12-09,27,2427.11,65532.03,0,45078.94052631578,49567.56191589249,17.58421052631579,2430.9345263157893,190,20453.089473684217,9.41578947368421,3.8245263157891713,1,0.0899083733775509,Normal,0.1411717596375034,14.12,Low,No major individual anomaly reason was identified.
INV0946,Global Office,Stationery,2026-11-28,20,769.8,15396.07,0,45078.94052631578,49567.56191589249,17.58421052631579,2430.9345263157893,190,29682.870526315783,2.4157894736842103,1661.1345263157891,1,0.1032878435196387,Normal,0.1054864013866373,10.55,Low,No major individual anomaly reason was identified.
INV0947,XYZ Traders,Office Equipment,2026-03-17,24,4906.73,117761.46,0,41375.7582631579,62834.003986022224,14.242105263157894,2716.9371578947366,190,76385.70173684211,9.757894736842106,2189.792842105263,1,0.0282618236861778,Normal,0.3055937574673203,30.56,Low,Invoice amount is significantly higher than the vendor average.
INV0948,Tech World,Software,2026-06-23,18,1230.54,22149.72,0,50436.67067961165,78785.82328290903,15.728155339805824,3009.856310679612,206,28286.950679611648,2.271844660194174,1779.316310679612,1,0.1233121985583699,Normal,0.0520779871735951,5.21,Low,No major individual anomaly reason was identified.
INV0949,Prime Stationery,Electronics,2026-02-16,22,522.72,11499.93,0,49099.6287745098,118131.68858502238,16.75980392156863,2887.2864215686277,204,37599.6987745098,5.240196078431371,2364.566421568627,1,0.0967271109116245,Normal,0.1229850086572382,12.3,Low,No major individual anomaly reason was identified.
INV0950,ABC Supplies,Furniture,2026-01-15,29,3055.27,88602.76,0,39308.7219047619,30437.02387711439,14.652380952380952,2675.61380952381,210,49294.038095238095,14.347619047619048,379.6561904761902,1,0.0551532932827564,Normal,0.2338695623941937,23.39,Low,No major individual anomaly reason was identified.
INV0951,Tech World,Stationery,2026-12-27,22,3746.56,82424.32,0,50436.67067961165,78785.82328290903,15.728155339805824,3009.856310679612,206,31987.64932038836,6.271844660194175,736.7036893203881,1,0.1238082018771196,Normal,0.050755060635008,5.08,Low,No major individual anomaly reason was identified.
INV0952,Global Office,Electronics,2026-05-27,12,355.73,4268.74,0,45078.94052631578,49567.56191589249,17.58421052631579,2430.9345263157893,190,40810.200526315784,5.58421052631579,2075.2045263157893,1,0.0765592183974831,Normal,0.17677626211414,17.68,Low,No major individual anomaly reason was identified.
INV0953,Tech World,Furniture,2026-01-26,9,3361.84,30256.6,0,50436.67067961165,78785.82328290903,15.728155339805824,3009.856310679612,206,20180.07067961165,6.728155339805825,351.9836893203883,1,0.1351927357431037,Normal,0.0203905420694496,2.04,Low,No major individual anomaly reason was identified.
INV0954,Prime Stationery,Electronics,2026-11-04,5,2755.0,13775.01,0,49099.6287745098,118131.68858502238,16.75980392156863,2887.2864215686277,204,35324.6187745098,11.75980392156863,132.2864215686277,1,0.1169964106895345,Normal,0.0689232845091662,6.89,Low,No major individual anomaly reason was identified.
INV0955,ABC Supplies,Software,2026-04-03,10,695.67,6956.72,0,39308.7219047619,30437.02387711439,14.652380952380952,2675.61380952381,210,32352.0019047619,4.652380952380952,1979.9438095238097,1,0.1096169458441711,Normal,0.088605592097572,8.86,Low,No major individual anomaly reason was identified.
INV0956,ABC Supplies,Software,2026-08-20,4,1028.11,4112.46,0,39308.7219047619,30437.02387711439,14.652380952380952,2675.61380952381,210,35196.2619047619,10.652380952380952,1647.50380952381,1,0.0984076632462697,Normal,0.1185026852554697,11.85,Low,No major individual anomaly reason was identified.
INV0957,Prime Stationery,Software,2026-01-21,5,2926.28,14631.38,0,49099.6287745098,118131.68858502238,16.75980392156863,2887.2864215686277,204,34468.248774509804,11.75980392156863,38.9935784313725,1,0.1119749261719354,Normal,0.082316451208497,8.23,Low,No major individual anomaly reason was identified.
INV0958,Prime Stationery,Stationery,2026-11-03,28,1622.52,45430.46,0,49099.6287745098,118131.68858502238,16.75980392156863,2887.2864215686277,204,3669.1687745098025,11.24019607843137,1264.7664215686275,1,0.1035461972483677,Normal,0.1047973273599956,10.48,Low,No major individual anomaly reason was identified.
INV0959,Global Office,Software,2026-02-07,28,4703.92,131709.63,0,45078.94052631578,49567.56191589249,17.58421052631579,2430.9345263157893,190,86630.68947368422,10.41578947368421,2272.985473684211,1,0.0054584528646528,Normal,0.3664142868643449,36.64,Low,Invoice amount is significantly higher than the vendor average.
INV0960,ABC Supplies,Furniture,2026-10-03,10,4129.95,41299.53,0,39308.7219047619,30437.02387711439,14.652380952380952,2675.61380952381,210,1990.8080952380988,4.652380952380952,1454.33619047619,1,0.103463996867653,Normal,0.1050165699759595,10.5,Low,No major individual anomaly reason was identified.
INV0961,Tech World,Electronics,2026-06-06,11,4921.12,54132.35,0,50436.67067961165,78785.82328290903,15.728155339805824,3009.856310679612,206,3695.67932038835,4.728155339805825,1911.263689320388,1,0.0838352967469261,Normal,0.1573697041709772,15.74,Low,No major individual anomaly reason was identified.
INV0962,XYZ Traders,Office Equipment,2026-06-28,21,1446.42,30374.82,0,41375.7582631579,62834.003986022224,14.242105263157894,2716.9371578947366,190,11000.9382631579,6.757894736842106,1270.5171578947366,1,0.117386385402071,Normal,0.0678831545804131,6.79,Low,No major individual anomaly reason was identified.
INV0963,XYZ Traders,Furniture,2026-05-12,24,4854.67,116512.16,0,41375.7582631579,62834.003986022224,14.242105263157894,2716.9371578947366,190,75136.4017368421,9.757894736842106,2137.732842105263,1,0.0376346966576878,Normal,0.2805946860335393,28.06,Low,Invoice amount is significantly higher than the vendor average.
INV0964,Prime Stationery,Furniture,2026-11-07,10,2269.92,22699.23,0,49099.6287745098,118131.68858502238,16.75980392156863,2887.2864215686277,204,26400.3987745098,6.759803921568629,617.3664215686276,1,0.1319151988963345,Normal,0.0291322990534913,2.91,Low,No major individual anomaly reason was identified.
INV0965,Global Office,Software,2026-12-14,28,1868.09,52306.53,0,45078.94052631578,49567.56191589249,17.58421052631579,2430.9345263157893,190,7227.589473684216,10.41578947368421,562.8445263157894,1,0.07701590281137,Normal,0.1755582058873934,17.56,Low,No major individual anomaly reason was identified.
INV0966,XYZ Traders,Stationery,2026-01-28,8,441.68,3533.42,0,41375.7582631579,62834.003986022224,14.242105263157894,2716.9371578947366,190,37842.3382631579,6.242105263157894,2275.257157894737,1,0.0909107470122202,Normal,0.1384982559879175,13.85,Low,No major individual anomaly reason was identified.
INV0967,ABC Supplies,Electronics,2026-09-17,2,453.27,906.55,0,39308.7219047619,30437.02387711439,14.652380952380952,2675.61380952381,210,38402.1719047619,12.652380952380952,2222.34380952381,1,0.0520361189688113,Normal,0.2421836047996256,24.22,Low,No major individual anomaly reason was identified.
INV0968,Prime Stationery,Stationery,2026-03-17,23,3521.65,80998.04,0,49099.6287745098,118131.68858502238,16.75980392156863,2887.2864215686277,204,31898.411225490192,6.240196078431371,634.3635784313724,1,0.1153210666281407,Normal,0.0733917165464135,7.34,Low,No major individual anomaly reason was identified.
INV0969,Tech World,Electronics,2026-03-08,8,2398.06,19184.47,0,50436.67067961165,78785.82328290903,15.728155339805824,3009.856310679612,206,31252.200679611648,7.728155339805825,611.7963106796119,1,0.1392908028404813,Normal,0.0094602891556234,0.95,Low,No major individual anomaly reason was identified.
INV0970,Prime Stationery,Electronics,2026-12-08,16,1287.3,20596.86,0,49099.6287745098,118131.68858502238,16.75980392156863,2887.2864215686277,204,28502.7687745098,0.7598039215686292,1599.9864215686275,1,0.1258597479292921,Normal,0.0452832328972541,4.53,Low,No major individual anomaly reason was identified.
INV0971,Tech World,Stationery,2026-07-13,27,3147.06,84970.55,0,50436.67067961165,78785.82328290903,15.728155339805824,3009.856310679612,206,34533.879320388354,11.271844660194176,137.2036893203881,1,0.1062831850961056,Normal,0.0974973079393795,9.75,Low,No major individual anomaly reason was identified.
INV0972,Prime Stationery,Furniture,2026-06-11,22,1413.72,31101.82,0,49099.6287745098,118131.68858502238,16.75980392156863,2887.2864215686277,204,17997.808774509802,5.240196078431371,1473.5664215686277,1,0.1259800239708335,Normal,0.0449624359160718,4.5,Low,No major individual anomaly reason was identified.
INV0973,Prime Stationery,Electronics,2026-12-13,5,2972.63,14863.16,0,49099.6287745098,118131.68858502238,16.75980392156863,2887.2864215686277,204,34236.468774509805,11.75980392156863,85.3435784313724,1,0.1160643399153926,Normal,0.0714092782844941,7.14,Low,No major individual anomaly reason was identified.
INV0974,Prime Stationery,Stationery,2026-12-27,27,1924.2,51953.45,0,49099.6287745098,118131.68858502238,16.75980392156863,2887.2864215686277,204,2853.8212254901955,10.24019607843137,963.0864215686277,1,0.0994880984906703,Normal,0.1156209778071297,11.56,Low,No major individual anomaly reason was identified.
INV0975,Tech World,Electronics,2026-09-14,25,4153.05,103826.27,0,50436.67067961165,78785.82328290903,15.728155339805824,3009.856310679612,206,53389.599320388355,9.271844660194176,1143.1936893203883,1,0.1019253044147058,Normal,0.109120528566113,10.91,Low,No major individual anomaly reason was identified.
INV0976,Tech World,Office Equipment,2026-03-13,29,4139.34,120040.91,0,50436.67067961165,78785.82328290903,15.728155339805824,3009.856310679612,206,69604.23932038835,13.271844660194176,1129.4836893203883,1,0.0532751470254014,Normal,0.238878902923338,23.89,Low,No major individual anomaly reason was identified.
INV0977,Prime Stationery,Furniture,2026-03-28,3,2491.28,7473.85,0,49099.6287745098,118131.68858502238,16.75980392156863,2887.2864215686277,204,41625.7787745098,13.75980392156863,396.0064215686275,1,0.1091474957498369,Normal,0.0898576965994178,8.99,Low,No major individual anomaly reason was identified.
INV0978,XYZ Traders,Software,2026-09-19,12,1883.93,22607.18,0,41375.7582631579,62834.003986022224,14.242105263157894,2716.9371578947366,190,18768.5782631579,2.242105263157894,833.0071578947366,1,0.1318271074828599,Normal,0.0293672540715362,2.94,Low,No major individual anomaly reason was identified.
INV0979,Global Office,Electronics,2026-08-02,13,1940.29,25223.73,0,45078.94052631578,49567.56191589249,17.58421052631579,2430.9345263157893,190,19855.210526315783,4.58421052631579,490.64452631578934,1,0.1292522742233757,Normal,0.0362347791921237,3.62,Low,No major individual anomaly reason was identified.
INV0980,Global Office,Office Equipment,2026-06-02,13,4067.43,52876.59,0,45078.94052631578,49567.56191589249,17.58421052631579,2430.9345263157893,190,7797.649473684214,4.58421052631579,1636.4954736842103,1,0.0923988633355594,Normal,0.1345291926727514,13.45,Low,No major individual anomaly reason was identified.
INV0981,Global Office,Software,2026-07-29,10,1775.26,17752.62,0,45078.94052631578,49567.56191589249,17.58421052631579,2430.9345263157893,190,27326.320526315783,7.58421052631579,655.6745263157893,1,0.1243526642999354,Normal,0.0493028852942823,4.93,Low,No major individual anomaly reason was identified.
INV0982,Tech World,Software,2026-03-02,4,1203.48,4813.94,0,50436.67067961165,78785.82328290903,15.728155339805824,3009.856310679612,206,45622.730679611646,11.728155339805824,1806.376310679612,1,0.1197593712190038,Normal,0.0615539914594394,6.16,Low,No major individual anomaly reason was identified.
INV0983,Tech World,Electronics,2026-09-25,9,606.5,5458.54,0,50436.67067961165,78785.82328290903,15.728155339805824,3009.856310679612,206,44978.13067961165,6.728155339805825,2403.356310679612,1,0.1122830454954491,Normal,0.0814946437432661,8.15,Low,No major individual anomaly reason was identified.
INV0984,XYZ Traders,Stationery,2026-09-19,22,2440.13,53682.79,0,41375.7582631579,62834.003986022224,14.242105263157894,2716.9371578947366,190,12307.031736842102,7.757894736842106,276.8071578947365,1,0.0998173125061464,Normal,0.1147429071542034,11.47,Low,No major individual anomaly reason was identified.
INV0985,Global Office,Electronics,2026-08-06,24,2514.23,60341.62,0,45078.94052631578,49567.56191589249,17.58421052631579,2430.9345263157893,190,15262.67947368422,6.41578947368421,83.29547368421072,1,0.0989215183251705,Normal,0.1171321449885634,11.71,Low,No major individual anomaly reason was identified.
INV0986,Global Office,Office Equipment,2026-10-10,23,4236.36,97436.32,0,45078.94052631578,49567.56191589249,17.58421052631579,2430.9345263157893,190,52357.379473684225,5.41578947368421,1805.4254736842104,1,0.0864340604723683,Normal,0.1504383523635514,15.04,Low,No major individual anomaly reason was identified.
INV0987,Prime Stationery,Software,2026-05-16,27,1261.95,34072.54,0,49099.6287745098,118131.68858502238,16.75980392156863,2887.2864215686277,204,15027.0887745098,10.24019607843137,1625.3364215686277,1,0.1133495850050571,Normal,0.0786499986201876,7.86,Low,No major individual anomaly reason was identified.
INV0988,Tech World,Electronics,2026-12-28,2,2028.76,4057.52,0,50436.67067961165,78785.82328290903,15.728155339805824,3009.856310679612,206,46379.15067961165,13.728155339805824,981.096310679612,1,0.1078162564105816,Normal,0.0934083418966133,9.34,Low,No major individual anomaly reason was identified.
INV0989,Global Office,Stationery,2026-04-03,19,4080.35,77526.6,0,45078.94052631578,49567.56191589249,17.58421052631579,2430.9345263157893,190,32447.659473684223,1.4157894736842105,1649.4154736842106,1,0.0903839695476453,Normal,0.1399032624898345,13.99,Low,No major individual anomaly reason was identified.
INV0990,XYZ Traders,Electronics,2026-04-19,1,4153.39,4153.39,0,41375.7582631579,62834.003986022224,14.242105263157894,2716.9371578947366,190,37222.3682631579,13.242105263157894,1436.4528421052637,1,0.0839731962555784,Normal,0.1570019023584528,15.7,Low,No major individual anomaly reason was identified.
INV0991,XYZ Traders,Furniture,2026-08-29,25,2046.13,51153.33,0,41375.7582631579,62834.003986022224,14.242105263157894,2716.9371578947366,190,9777.571736842105,10.757894736842106,670.8071578947365,1,0.0827568827254686,Normal,0.1602460206685499,16.02,Low,No major individual anomaly reason was identified.
INV0992,Global Office,Stationery,2026-12-21,29,2403.8,69710.06,0,45078.94052631578,49567.56191589249,17.58421052631579,2430.9345263157893,190,24631.119473684215,11.41578947368421,27.134526315789117,1,0.0868329684634531,Normal,0.1493743958376338,14.94,Low,No major individual anomaly reason was identified.
INV0993,Tech World,Office Equipment,2026-05-22,7,1655.77,11590.41,0,50436.67067961165,78785.82328290903,15.728155339805824,3009.856310679612,206,38846.260679611645,8.728155339805825,1354.086310679612,1,0.1336084209599718,Normal,0.0246161832957308,2.46,Low,No major individual anomaly reason was identified.
INV0994,XYZ Traders,Software,2026-10-18,17,4676.26,79496.48,0,41375.7582631579,62834.003986022224,14.242105263157894,2716.9371578947366,190,38120.7217368421,2.757894736842106,1959.3228421052636,1,0.0883569963755429,Normal,0.1453095501113323,14.53,Low,No major individual anomaly reason was identified.
INV0995,Prime Stationery,Electronics,2026-08-25,3,769.49,2308.47,0,49099.6287745098,118131.68858502238,16.75980392156863,2887.2864215686277,204,46791.1587745098,13.75980392156863,2117.796421568628,1,0.0848454192947315,Normal,0.1546755328313872,15.47,Low,No major individual anomaly reason was identified.
INV0996,XYZ Traders,Stationery,2026-12-06,20,4682.0,93639.94,0,41375.7582631579,62834.003986022224,14.242105263157894,2716.9371578947366,190,52264.1817368421,5.757894736842106,1965.0628421052631,1,0.0846177204563579,Normal,0.155282844969639,15.53,Low,No major individual anomaly reason was identified.
INV0997,ABC Supplies,Furniture,2026-11-08,20,3482.56,69651.18,0,39308.7219047619,30437.02387711439,14.652380952380952,2675.61380952381,210,30342.458095238093,5.347619047619048,806.9461904761902,1,0.1241816178837143,Normal,0.0497590956356153,4.98,Low,No major individual anomaly reason was identified.
INV0998,ABC Supplies,Stationery,2026-06-26,21,2751.55,57782.47,0,39308.7219047619,30437.02387711439,14.652380952380952,2675.61380952381,210,18473.7480952381,6.347619047619048,75.9361904761904,1,0.1059374676033114,Normal,0.0984193962173857,9.84,Low,No major individual anomaly reason was identified.
INV0999,Tech World,Furniture,2026-05-21,3,356.76,1070.29,0,50436.67067961165,78785.82328290903,15.728155339805824,3009.856310679612,206,49366.38067961165,12.728155339805824,2653.0963106796116,1,0.0689015508359646,Normal,0.197200584407682,19.72,Low,No major individual anomaly reason was identified.
INV1000,Global Office,Office Equipment,2026-07-08,3,2482.86,7448.59,0,45078.94052631578,49567.56191589249,17.58421052631579,2430.9345263157893,190,37630.350526315786,14.58421052631579,51.92547368421083,1,0.0588305601762947,Normal,0.2240616563197095,22.41,Low,No major individual anomaly reason was identified.
