invoice_id,vendor,category,invoice_date,quantity,unit_price,amount,actual_anomaly,vendor_avg_amount,vendor_std_amount,vendor_avg_quantity,vendor_avg_unit_price,vendor_invoice_count,amount_deviation,quantity_deviation,unit_price_deviation,invoice_month,invoice_day,invoice_day_of_week,invoice_week,is_weekend
INV0001,Tech World,Software,2026-06-09,6,4764.46,28586.74,0,50436.67067961165,78785.82328290903,15.728155339805824,3009.856310679612,206,21849.930679611647,9.728155339805824,1754.6036893203882,6,9,1,24,0
INV0002,Prime Stationery,Software,2026-01-11,17,2970.19,50493.2,0,49099.6287745098,118131.68858502238,16.75980392156863,2887.2864215686277,204,1393.5712254901955,0.2401960784313708,82.90357843137235,1,11,6,2,1
INV0003,Global Office,Software,2026-05-18,14,1914.18,26798.54,0,45078.94052631578,49567.56191589249,17.58421052631579,2430.9345263157893,190,18280.40052631578,3.5842105263157897,516.7545263157892,5,18,0,21,0
INV0004,Prime Stationery,Software,2026-03-19,17,3980.24,67664.01,0,49099.6287745098,118131.68858502238,16.75980392156863,2887.2864215686277,204,18564.381225490193,0.2401960784313708,1092.953578431372,3,19,3,12,0
INV0005,Prime Stationery,Furniture,2026-03-18,8,10989.74,87917.89,1,49099.6287745098,118131.68858502238,16.75980392156863,2887.2864215686277,204,38818.2612254902,8.75980392156863,8102.453578431372,3,18,2,12,0
INV0006,XYZ Traders,Furniture,2026-09-11,11,2907.56,31983.11,0,41375.7582631579,62834.003986022224,14.242105263157894,2716.9371578947366,190,9392.648263157898,3.242105263157894,190.62284210526332,9,11,4,37,0
INV0007,Global Office,Electronics,2026-09-15,20,1921.18,38423.53,0,45078.94052631578,49567.56191589249,17.58421052631579,2430.9345263157893,190,6655.4105263157835,2.4157894736842103,509.7545263157893,9,15,1,38,0
INV0008,Global Office,Stationery,2026-11-16,28,3351.83,93851.22,0,45078.94052631578,49567.56191589249,17.58421052631579,2430.9345263157893,190,48772.27947368422,10.41578947368421,920.8954736842106,11,16,0,47,0
INV0009,Global Office,Software,2026-10-18,1,1353.91,1353.91,0,45078.94052631578,49567.56191589249,17.58421052631579,2430.9345263157893,190,43725.03052631578,16.58421052631579,1077.0245263157892,10,18,6,42,1
INV0010,Prime Stationery,Electronics,2026-09-20,26,1119.65,29110.8,0,49099.6287745098,118131.68858502238,16.75980392156863,2887.2864215686277,204,19988.8287745098,9.24019607843137,1767.6364215686276,9,20,6,38,1
INV0011,Tech World,Stationery,2026-03-26,7,4607.55,32252.83,0,50436.67067961165,78785.82328290903,15.728155339805824,3009.856310679612,206,18183.840679611647,8.728155339805825,1597.6936893203883,3,26,3,13,0
INV0012,Global Office,Office Equipment,2026-05-26,21,688.66,14461.81,0,45078.94052631578,49567.56191589249,17.58421052631579,2430.9345263157893,190,30617.130526315785,3.4157894736842103,1742.2745263157894,5,26,1,22,0
INV0013,Prime Stationery,Furniture,2026-11-19,21,2628.6,55200.56,0,49099.6287745098,118131.68858502238,16.75980392156863,2887.2864215686277,204,6100.931225490196,4.240196078431371,258.6864215686278,11,19,3,47,0
INV0014,XYZ Traders,Stationery,2026-02-11,17,1260.09,21421.59,0,41375.7582631579,62834.003986022224,14.242105263157894,2716.9371578947366,190,19954.1682631579,2.757894736842106,1456.8471578947367,2,11,2,7,0
INV0015,Tech World,Office Equipment,2026-05-05,10,386.86,3868.64,0,50436.67067961165,78785.82328290903,15.728155339805824,3009.856310679612,206,46568.03067961165,5.728155339805825,2622.9963106796117,5,5,1,19,0
INV0016,XYZ Traders,Stationery,2026-06-16,11,372.89,4101.79,0,41375.7582631579,62834.003986022224,14.242105263157894,2716.9371578947366,190,37273.9682631579,3.242105263157894,2344.0471578947368,6,16,1,25,0
INV0017,Tech World,Furniture,2026-08-29,22,1041.06,22903.42,0,50436.67067961165,78785.82328290903,15.728155339805824,3009.856310679612,206,27533.25067961165,6.271844660194175,1968.796310679612,8,29,5,35,1
INV0018,Prime Stationery,Furniture,2026-10-07,9,4360.5,39244.48,0,49099.6287745098,118131.68858502238,16.75980392156863,2887.2864215686277,204,9855.148774509798,7.759803921568629,1473.2135784313723,10,7,2,41,0
INV0019,ABC Supplies,Electronics,2026-07-07,9,1555.9,14003.08,0,39308.7219047619,30437.02387711439,14.652380952380952,2675.61380952381,210,25305.6419047619,5.652380952380952,1119.7138095238097,7,7,1,28,0
INV0020,Tech World,Software,2026-10-29,24,4762.2,114292.9,0,50436.67067961165,78785.82328290903,15.728155339805824,3009.856310679612,206,63856.229320388346,8.271844660194175,1752.343689320388,10,29,3,44,0
INV0021,XYZ Traders,Stationery,2026-01-19,5,2991.79,14958.94,0,41375.7582631579,62834.003986022224,14.242105263157894,2716.9371578947366,190,26416.818263157897,9.242105263157894,274.85284210526333,1,19,0,4,0
INV0022,Prime Stationery,Stationery,2026-03-09,17,2295.75,39027.72,0,49099.6287745098,118131.68858502238,16.75980392156863,2887.2864215686277,204,10071.9087745098,0.2401960784313708,591.5364215686277,3,9,0,11,0
INV0023,Tech World,Office Equipment,2026-08-06,9,2984.43,26859.84,0,50436.67067961165,78785.82328290903,15.728155339805824,3009.856310679612,206,23576.83067961165,6.728155339805825,25.426310679612016,8,6,3,32,0
INV0024,ABC Supplies,Furniture,2026-04-12,17,2680.15,45562.59,0,39308.7219047619,30437.02387711439,14.652380952380952,2675.61380952381,210,6253.868095238096,2.347619047619048,4.536190476190313,4,12,6,15,1
INV0025,ABC Supplies,Stationery,2026-02-11,24,3842.13,92211.02,0,39308.7219047619,30437.02387711439,14.652380952380952,2675.61380952381,210,52902.298095238104,9.347619047619048,1166.5161904761903,2,11,2,7,0
INV0026,Global Office,Furniture,2026-10-15,21,1555.98,32675.6,0,45078.94052631578,49567.56191589249,17.58421052631579,2430.9345263157893,190,12403.340526315784,3.4157894736842103,874.9545263157893,10,15,3,42,0
INV0027,Global Office,Stationery,2026-06-16,19,1894.64,35998.2,0,45078.94052631578,49567.56191589249,17.58421052631579,2430.9345263157893,190,9080.740526315783,1.4157894736842105,536.2945263157892,6,16,1,25,0
INV0028,XYZ Traders,Electronics,2026-04-19,27,4491.65,121274.62,0,41375.7582631579,62834.003986022224,14.242105263157894,2716.9371578947366,190,79898.8617368421,12.757894736842106,1774.712842105263,4,19,6,16,1
INV0029,Tech World,Software,2026-02-05,7,4742.99,33200.94,0,50436.67067961165,78785.82328290903,15.728155339805824,3009.856310679612,206,17235.730679611646,8.728155339805825,1733.133689320388,2,5,3,6,0
INV0030,Tech World,Stationery,2026-08-20,23,4484.28,103138.43,0,50436.67067961165,78785.82328290903,15.728155339805824,3009.856310679612,206,52701.759320388344,7.271844660194175,1474.423689320388,8,20,3,34,0
INV0031,Global Office,Furniture,2026-08-17,9,2213.35,19920.15,0,45078.94052631578,49567.56191589249,17.58421052631579,2430.9345263157893,190,25158.79052631578,8.58421052631579,217.5845263157894,8,17,0,34,0
INV0032,Tech World,Electronics,2026-12-19,7,3945.75,27620.28,0,50436.67067961165,78785.82328290903,15.728155339805824,3009.856310679612,206,22816.39067961165,8.728155339805825,935.893689320388,12,19,5,51,1
INV0033,Tech World,Stationery,2026-06-13,13,2486.41,32323.35,0,50436.67067961165,78785.82328290903,15.728155339805824,3009.856310679612,206,18113.32067961165,2.728155339805826,523.446310679612,6,13,5,24,1
INV0034,ABC Supplies,Office Equipment,2026-03-14,11,2588.19,28470.1,0,39308.7219047619,30437.02387711439,14.652380952380952,2675.61380952381,210,10838.621904761902,3.652380952380952,87.42380952380972,3,14,5,11,1
INV0035,Global Office,Software,2026-05-16,14,1182.46,16554.5,0,45078.94052631578,49567.56191589249,17.58421052631579,2430.9345263157893,190,28524.440526315782,3.5842105263157897,1248.4745263157893,5,16,5,20,1
INV0036,Prime Stationery,Stationery,2026-12-19,19,3037.43,57711.08,0,49099.6287745098,118131.68858502238,16.75980392156863,2887.2864215686277,204,8611.4512254902,2.240196078431371,150.1435784313721,12,19,5,51,1
INV0037,Global Office,Electronics,2026-03-11,11,1093.45,12027.98,0,45078.94052631578,49567.56191589249,17.58421052631579,2430.9345263157893,190,33050.96052631579,6.58421052631579,1337.4845263157893,3,11,2,11,0
INV0038,Prime Stationery,Office Equipment,2026-07-15,13,1791.51,23289.64,0,49099.6287745098,118131.68858502238,16.75980392156863,2887.2864215686277,204,25809.9887745098,3.759803921568629,1095.7764215686277,7,15,2,29,0
INV0039,ABC Supplies,Electronics,2026-09-26,14,4304.14,60258.03,0,39308.7219047619,30437.02387711439,14.652380952380952,2675.61380952381,210,20949.3080952381,0.6523809523809518,1628.5261904761903,9,26,5,39,1
INV0040,XYZ Traders,Electronics,2026-02-18,13,1193.96,15521.53,0,41375.7582631579,62834.003986022224,14.242105263157894,2716.9371578947366,190,25854.2282631579,1.2421052631578942,1522.9771578947366,2,18,2,8,0
INV0041,Tech World,Office Equipment,2026-11-12,1,541.56,541.56,0,50436.67067961165,78785.82328290903,15.728155339805824,3009.856310679612,206,49895.11067961165,14.728155339805824,2468.296310679612,11,12,3,46,0
INV0042,ABC Supplies,Electronics,2026-05-10,8,531.24,4249.89,0,39308.7219047619,30437.02387711439,14.652380952380952,2675.61380952381,210,35058.8319047619,6.652380952380952,2144.3738095238095,5,10,6,19,1
INV0043,Tech World,Office Equipment,2026-01-05,12,4715.77,56589.19,0,50436.67067961165,78785.82328290903,15.728155339805824,3009.856310679612,206,6152.519320388354,3.728155339805826,1705.9136893203886,1,5,0,2,0
INV0044,XYZ Traders,Stationery,2026-01-27,19,2633.22,50031.14,0,41375.7582631579,62834.003986022224,14.242105263157894,2716.9371578947366,190,8655.3817368421,4.757894736842106,83.71715789473683,1,27,1,5,0
INV0045,XYZ Traders,Office Equipment,2026-06-09,12,2165.18,25982.14,0,41375.7582631579,62834.003986022224,14.242105263157894,2716.9371578947366,190,15393.6182631579,2.242105263157894,551.7571578947368,6,9,1,24,0
INV0046,ABC Supplies,Office Equipment,2026-05-29,8,4092.22,32737.74,0,39308.7219047619,30437.02387711439,14.652380952380952,2675.61380952381,210,6570.9819047618985,6.652380952380952,1416.60619047619,5,29,4,22,0
INV0047,XYZ Traders,Software,2026-09-21,8,4211.96,33695.72,0,41375.7582631579,62834.003986022224,14.242105263157894,2716.9371578947366,190,7680.038263157898,6.242105263157894,1495.0228421052634,9,21,0,39,0
INV0048,Prime Stationery,Office Equipment,2026-08-18,29,1794.52,52040.99,0,49099.6287745098,118131.68858502238,16.75980392156863,2887.2864215686277,204,2941.3612254901964,12.24019607843137,1092.7664215686275,8,18,1,34,0
INV0049,XYZ Traders,Office Equipment,2026-07-19,21,3529.37,74116.7,0,41375.7582631579,62834.003986022224,14.242105263157894,2716.9371578947366,190,32740.941736842095,6.757894736842106,812.4328421052633,7,19,6,29,1
INV0050,Tech World,Stationery,2026-02-19,13,3901.39,50718.06,0,50436.67067961165,78785.82328290903,15.728155339805824,3009.856310679612,206,281.389320388349,2.728155339805826,891.533689320388,2,19,3,8,0
INV0051,Tech World,Software,2026-03-08,12,3342.32,40107.88,0,50436.67067961165,78785.82328290903,15.728155339805824,3009.856310679612,206,10328.790679611651,3.728155339805826,332.4636893203883,3,8,6,10,1
INV0052,Tech World,Furniture,2026-10-27,29,927.66,26902.03,0,50436.67067961165,78785.82328290903,15.728155339805824,3009.856310679612,206,23534.64067961165,13.271844660194176,2082.196310679612,10,27,1,44,0
INV0053,Tech World,Stationery,2026-02-27,16,4404.24,70467.82,0,50436.67067961165,78785.82328290903,15.728155339805824,3009.856310679612,206,20031.14932038836,0.2718446601941746,1394.383689320388,2,27,4,9,0
INV0054,Prime Stationery,Stationery,2026-09-16,1,2787.65,2787.65,0,49099.6287745098,118131.68858502238,16.75980392156863,2887.2864215686277,204,46311.9787745098,15.75980392156863,99.6364215686276,9,16,2,38,0
INV0055,Global Office,Furniture,2026-12-08,13,1555.87,20226.28,0,45078.94052631578,49567.56191589249,17.58421052631579,2430.9345263157893,190,24852.660526315783,4.58421052631579,875.0645263157894,12,8,1,50,0
INV0056,ABC Supplies,Office Equipment,2026-11-22,26,2241.1,58268.48,0,39308.7219047619,30437.02387711439,14.652380952380952,2675.61380952381,210,18959.758095238103,11.347619047619048,434.5138095238098,11,22,6,47,1
INV0057,Tech World,Electronics,2026-05-10,7,380.34,2662.39,0,50436.67067961165,78785.82328290903,15.728155339805824,3009.856310679612,206,47774.28067961165,8.728155339805825,2629.5163106796117,5,10,6,19,1
INV0058,XYZ Traders,Software,2026-08-03,28,813.76,22785.3,0,41375.7582631579,62834.003986022224,14.242105263157894,2716.9371578947366,190,18590.4582631579,13.757894736842106,1903.1771578947369,8,3,0,32,0
INV0059,Tech World,Electronics,2026-06-21,26,3874.62,100740.23,0,50436.67067961165,78785.82328290903,15.728155339805824,3009.856310679612,206,50303.55932038835,10.271844660194176,864.763689320388,6,21,6,25,1
INV0060,XYZ Traders,Furniture,2026-09-15,5,200.06,1000.28,0,41375.7582631579,62834.003986022224,14.242105263157894,2716.9371578947366,190,40375.4782631579,9.242105263157894,2516.8771578947367,9,15,1,38,0
INV0061,XYZ Traders,Stationery,2026-04-12,8,2199.52,17596.13,0,41375.7582631579,62834.003986022224,14.242105263157894,2716.9371578947366,190,23779.628263157894,6.242105263157894,517.4171578947366,4,12,6,15,1
INV0062,Tech World,Stationery,2026-07-28,25,15622.51,390562.83,1,50436.67067961165,78785.82328290903,15.728155339805824,3009.856310679612,206,340126.15932038834,9.271844660194176,12612.653689320388,7,28,1,31,0
INV0063,Prime Stationery,Software,2026-10-18,27,462.25,12480.62,0,49099.6287745098,118131.68858502238,16.75980392156863,2887.2864215686277,204,36619.0087745098,10.24019607843137,2425.0364215686277,10,18,6,42,1
INV0064,XYZ Traders,Stationery,2026-12-20,14,4870.78,68190.85,0,41375.7582631579,62834.003986022224,14.242105263157894,2716.9371578947366,190,26815.091736842107,0.2421052631578941,2153.842842105263,12,20,6,51,1
INV0065,XYZ Traders,Stationery,2026-10-13,23,1285.4,29564.24,0,41375.7582631579,62834.003986022224,14.242105263157894,2716.9371578947366,190,11811.518263157895,8.757894736842106,1431.5371578947363,10,13,1,42,0
INV0066,Tech World,Software,2026-04-26,13,1660.15,21582.0,0,50436.67067961165,78785.82328290903,15.728155339805824,3009.856310679612,206,28854.67067961165,2.728155339805826,1349.7063106796118,4,26,6,17,1
INV0067,XYZ Traders,Software,2026-09-21,15,1658.92,24883.86,0,41375.7582631579,62834.003986022224,14.242105263157894,2716.9371578947366,190,16491.8982631579,0.7578947368421058,1058.0171578947366,9,21,0,39,0
INV0068,XYZ Traders,Furniture,2026-05-30,23,1306.0,30038.0,0,41375.7582631579,62834.003986022224,14.242105263157894,2716.9371578947366,190,11337.7582631579,8.757894736842106,1410.9371578947366,5,30,5,22,1
INV0069,Tech World,Stationery,2026-10-27,17,207.07,3520.26,0,50436.67067961165,78785.82328290903,15.728155339805824,3009.856310679612,206,46916.41067961165,1.2718446601941746,2802.7863106796117,10,27,1,44,0
INV0070,Tech World,Stationery,2026-02-05,15,3700.86,55512.83,0,50436.67067961165,78785.82328290903,15.728155339805824,3009.856310679612,206,5076.159320388353,0.7281553398058254,691.0036893203883,2,5,3,6,0
INV0071,ABC Supplies,Furniture,2026-11-29,20,4840.86,96817.17,0,39308.7219047619,30437.02387711439,14.652380952380952,2675.61380952381,210,57508.4480952381,5.347619047619048,2165.24619047619,11,29,6,48,1
INV0072,Prime Stationery,Office Equipment,2026-10-14,18,1276.61,22978.96,0,49099.6287745098,118131.68858502238,16.75980392156863,2887.2864215686277,204,26120.6687745098,1.2401960784313708,1610.6764215686278,10,14,2,42,0
INV0073,Prime Stationery,Office Equipment,2026-10-30,18,3382.63,60887.28,0,49099.6287745098,118131.68858502238,16.75980392156863,2887.2864215686277,204,11787.651225490195,1.2401960784313708,495.3435784313724,10,30,4,44,0
INV0074,XYZ Traders,Office Equipment,2026-11-07,2,3761.1,7522.2,0,41375.7582631579,62834.003986022224,14.242105263157894,2716.9371578947366,190,33853.5582631579,12.242105263157894,1044.1628421052633,11,7,5,45,1
INV0075,Prime Stationery,Furniture,2026-07-27,4,4272.44,17089.77,0,49099.6287745098,118131.68858502238,16.75980392156863,2887.2864215686277,204,32009.8587745098,12.75980392156863,1385.153578431372,7,27,0,31,0
INV0076,XYZ Traders,Stationery,2026-04-16,1,2228.62,2228.62,0,41375.7582631579,62834.003986022224,14.242105263157894,2716.9371578947366,190,39147.138263157896,13.242105263157894,488.31715789473674,4,16,3,16,0
INV0077,ABC Supplies,Furniture,2026-06-07,4,1654.07,6616.27,0,39308.7219047619,30437.02387711439,14.652380952380952,2675.61380952381,210,32692.4519047619,10.652380952380952,1021.5438095238098,6,7,6,23,1
INV0078,Tech World,Furniture,2026-05-01,18,1761.42,31705.5,0,50436.67067961165,78785.82328290903,15.728155339805824,3009.856310679612,206,18731.17067961165,2.271844660194174,1248.4363106796118,5,1,4,18,0
INV0079,Tech World,Office Equipment,2026-02-24,5,3620.58,18102.91,0,50436.67067961165,78785.82328290903,15.728155339805824,3009.856310679612,206,32333.76067961165,10.728155339805824,610.7236893203881,2,24,1,9,0
INV0080,Tech World,Electronics,2026-01-12,19,4120.54,78290.29,0,50436.67067961165,78785.82328290903,15.728155339805824,3009.856310679612,206,27853.619320388345,3.271844660194174,1110.683689320388,1,12,0,3,0
INV0081,Prime Stationery,Stationery,2026-05-25,15,1071.75,16076.21,0,49099.6287745098,118131.68858502238,16.75980392156863,2887.2864215686277,204,33023.4187745098,1.7598039215686292,1815.5364215686277,5,25,0,22,0
INV0082,ABC Supplies,Office Equipment,2026-05-16,28,1980.52,55454.47,0,39308.7219047619,30437.02387711439,14.652380952380952,2675.61380952381,210,16145.7480952381,13.347619047619048,695.0938095238098,5,16,5,20,1
INV0083,Prime Stationery,Electronics,2026-01-03,8,4529.31,36234.5,0,49099.6287745098,118131.68858502238,16.75980392156863,2887.2864215686277,204,12865.128774509802,8.75980392156863,1642.0235784313727,1,3,5,1,1
INV0084,Prime Stationery,Electronics,2026-05-24,20,4072.13,81442.58,0,49099.6287745098,118131.68858502238,16.75980392156863,2887.2864215686277,204,32342.9512254902,3.240196078431371,1184.8435784313724,5,24,6,21,1
INV0085,ABC Supplies,Software,2026-01-30,17,4927.32,83764.45,0,39308.7219047619,30437.02387711439,14.652380952380952,2675.61380952381,210,44455.7280952381,2.347619047619048,2251.70619047619,1,30,4,5,0
INV0086,ABC Supplies,Stationery,2026-08-25,1,3820.39,3820.39,0,39308.7219047619,30437.02387711439,14.652380952380952,2675.61380952381,210,35488.3319047619,13.652380952380952,1144.77619047619,8,25,1,35,0
INV0087,ABC Supplies,Electronics,2026-10-06,12,2087.34,25048.04,0,39308.7219047619,30437.02387711439,14.652380952380952,2675.61380952381,210,14260.6819047619,2.652380952380952,588.2738095238096,10,6,1,41,0
INV0088,ABC Supplies,Office Equipment,2026-12-14,26,3035.06,78911.6,0,39308.7219047619,30437.02387711439,14.652380952380952,2675.61380952381,210,39602.878095238106,11.347619047619048,359.44619047619017,12,14,0,51,0
INV0089,Tech World,Software,2026-04-25,19,3372.87,64084.5,0,50436.67067961165,78785.82328290903,15.728155339805824,3009.856310679612,206,13647.829320388351,3.271844660194174,363.013689320388,4,25,5,17,1
INV0090,Global Office,Stationery,2026-04-14,15,576.59,8648.82,0,45078.94052631578,49567.56191589249,17.58421052631579,2430.9345263157893,190,36430.12052631578,2.5842105263157897,1854.3445263157892,4,14,1,16,0
INV0091,Global Office,Furniture,2026-04-28,9,2813.59,25322.27,0,45078.94052631578,49567.56191589249,17.58421052631579,2430.9345263157893,190,19756.670526315786,8.58421052631579,382.6554736842109,4,28,1,18,0
INV0092,ABC Supplies,Office Equipment,2026-01-05,7,3604.74,25233.18,0,39308.7219047619,30437.02387711439,14.652380952380952,2675.61380952381,210,14075.5419047619,7.652380952380952,929.12619047619,1,5,0,2,0
INV0093,Global Office,Electronics,2026-12-26,2,1003.14,2006.28,0,45078.94052631578,49567.56191589249,17.58421052631579,2430.9345263157893,190,43072.66052631578,15.58421052631579,1427.7945263157894,12,26,5,52,1
INV0094,Global Office,Electronics,2026-09-05,29,3947.03,114463.94,0,45078.94052631578,49567.56191589249,17.58421052631579,2430.9345263157893,190,69384.99947368422,11.41578947368421,1516.095473684211,9,5,5,36,1
INV0095,ABC Supplies,Office Equipment,2026-12-30,9,3002.11,27018.98,0,39308.7219047619,30437.02387711439,14.652380952380952,2675.61380952381,210,12289.7419047619,5.652380952380952,326.49619047619035,12,30,2,53,0
INV0096,Global Office,Electronics,2026-11-17,10,4770.66,47706.65,0,45078.94052631578,49567.56191589249,17.58421052631579,2430.9345263157893,190,2627.709473684219,7.58421052631579,2339.7254736842106,11,17,1,47,0
INV0097,Prime Stationery,Software,2026-05-01,2,403.63,807.25,0,49099.6287745098,118131.68858502238,16.75980392156863,2887.2864215686277,204,48292.3787745098,14.75980392156863,2483.6564215686276,5,1,4,18,0
INV0098,XYZ Traders,Stationery,2026-10-13,19,1473.57,27997.74,0,41375.7582631579,62834.003986022224,14.242105263157894,2716.9371578947366,190,13378.018263157895,4.757894736842106,1243.3671578947367,10,13,1,42,0
INV0099,XYZ Traders,Software,2026-05-29,11,3087.46,33962.04,0,41375.7582631579,62834.003986022224,14.242105263157894,2716.9371578947366,190,7413.718263157898,3.242105263157894,370.5228421052634,5,29,4,22,0
INV0100,ABC Supplies,Electronics,2026-03-25,13,1623.49,21105.34,0,39308.7219047619,30437.02387711439,14.652380952380952,2675.61380952381,210,18203.3819047619,1.6523809523809518,1052.1238095238098,3,25,2,13,0
INV0101,Tech World,Furniture,2026-08-19,10,3629.24,36292.36,0,50436.67067961165,78785.82328290903,15.728155339805824,3009.856310679612,206,14144.310679611648,5.728155339805825,619.3836893203879,8,19,2,34,0
INV0102,ABC Supplies,Stationery,2026-10-15,14,3843.23,53805.15,0,39308.7219047619,30437.02387711439,14.652380952380952,2675.61380952381,210,14496.4280952381,0.6523809523809518,1167.6161904761902,10,15,3,42,0
INV0103,Tech World,Stationery,2026-06-10,18,692.08,12457.38,0,50436.67067961165,78785.82328290903,15.728155339805824,3009.856310679612,206,37979.29067961165,2.271844660194174,2317.776310679612,6,10,2,24,0
INV0104,XYZ Traders,Office Equipment,2026-09-29,19,2666.5,50663.53,0,41375.7582631579,62834.003986022224,14.242105263157894,2716.9371578947366,190,9287.7717368421,4.757894736842106,50.43715789473663,9,29,1,40,0
INV0105,ABC Supplies,Office Equipment,2026-02-07,22,2642.67,58138.84,0,39308.7219047619,30437.02387711439,14.652380952380952,2675.61380952381,210,18830.118095238096,7.347619047619048,32.943809523809705,2,7,5,6,1
INV0106,Prime Stationery,Furniture,2026-08-14,9,1972.55,17752.93,0,49099.6287745098,118131.68858502238,16.75980392156863,2887.2864215686277,204,31346.6987745098,7.759803921568629,914.7364215686276,8,14,4,33,0
INV0107,Global Office,Stationery,2026-05-22,25,4678.04,116950.98,0,45078.94052631578,49567.56191589249,17.58421052631579,2430.9345263157893,190,71872.03947368421,7.41578947368421,2247.1054736842107,5,22,4,21,0
INV0108,Tech World,Furniture,2026-10-19,7,4172.03,29204.21,0,50436.67067961165,78785.82328290903,15.728155339805824,3009.856310679612,206,21232.46067961165,8.728155339805825,1162.173689320388,10,19,0,43,0
INV0109,Global Office,Office Equipment,2026-05-31,28,3546.61,99304.94,0,45078.94052631578,49567.56191589249,17.58421052631579,2430.9345263157893,190,54225.99947368422,10.41578947368421,1115.6754736842108,5,31,6,22,1
INV0110,Global Office,Office Equipment,2026-04-24,3,3628.77,10886.3,0,45078.94052631578,49567.56191589249,17.58421052631579,2430.9345263157893,190,34192.64052631578,14.58421052631579,1197.835473684211,4,24,4,17,0
INV0111,ABC Supplies,Stationery,2026-08-25,20,2416.24,48324.75,0,39308.7219047619,30437.02387711439,14.652380952380952,2675.61380952381,210,9016.0280952381,5.347619047619048,259.37380952381,8,25,1,35,0
INV0112,Global Office,Software,2026-03-07,6,4620.77,27724.64,0,45078.94052631578,49567.56191589249,17.58421052631579,2430.9345263157893,190,17354.300526315783,11.58421052631579,2189.835473684211,3,7,5,10,1
INV0113,Prime Stationery,Electronics,2026-12-27,27,3534.06,95419.57,0,49099.6287745098,118131.68858502238,16.75980392156863,2887.2864215686277,204,46319.941225490205,10.24019607843137,646.7735784313722,12,27,6,52,1
INV0114,Global Office,Office Equipment,2026-12-07,21,3699.11,77681.29,0,45078.94052631578,49567.56191589249,17.58421052631579,2430.9345263157893,190,32602.34947368421,3.4157894736842103,1268.1754736842108,12,7,0,50,0
INV0115,ABC Supplies,Office Equipment,2026-09-15,2,4336.12,8672.23,0,39308.7219047619,30437.02387711439,14.652380952380952,2675.61380952381,210,30636.4919047619,12.652380952380952,1660.50619047619,9,15,1,38,0
INV0116,Prime Stationery,Software,2026-09-06,29,1515.54,43950.77,0,49099.6287745098,118131.68858502238,16.75980392156863,2887.2864215686277,204,5148.858774509805,12.24019607843137,1371.7464215686275,9,6,6,36,1
INV0117,XYZ Traders,Software,2026-11-27,6,4073.94,24443.64,0,41375.7582631579,62834.003986022224,14.242105263157894,2716.9371578947366,190,16932.1182631579,8.242105263157894,1357.0028421052634,11,27,4,48,0
INV0118,Global Office,Furniture,2026-11-19,3,1137.15,3411.46,0,45078.94052631578,49567.56191589249,17.58421052631579,2430.9345263157893,190,41667.48052631578,14.58421052631579,1293.7845263157892,11,19,3,47,0
INV0119,ABC Supplies,Furniture,2026-06-29,16,1857.64,29722.26,0,39308.7219047619,30437.02387711439,14.652380952380952,2675.61380952381,210,9586.461904761902,1.3476190476190482,817.9738095238097,6,29,0,27,0
INV0120,XYZ Traders,Electronics,2026-07-09,8,1810.93,14487.44,0,41375.7582631579,62834.003986022224,14.242105263157894,2716.9371578947366,190,26888.318263157897,6.242105263157894,906.0071578947366,7,9,3,28,0
INV0121,XYZ Traders,Electronics,2026-06-03,2,4896.92,9793.84,0,41375.7582631579,62834.003986022224,14.242105263157894,2716.9371578947366,190,31581.9182631579,12.242105263157894,2179.982842105263,6,3,2,23,0
INV0122,Tech World,Stationery,2026-07-15,17,4311.38,73293.44,0,50436.67067961165,78785.82328290903,15.728155339805824,3009.856310679612,206,22856.769320388354,1.2718446601941746,1301.5236893203885,7,15,2,29,0
INV0123,Prime Stationery,Furniture,2026-11-07,9,3565.62,32090.54,0,49099.6287745098,118131.68858502238,16.75980392156863,2887.2864215686277,204,17009.0887745098,7.759803921568629,678.3335784313722,11,7,5,45,1
INV0124,Global Office,Office Equipment,2026-09-19,12,3689.87,44278.47,0,45078.94052631578,49567.56191589249,17.58421052631579,2430.9345263157893,190,800.4705263157812,5.58421052631579,1258.9354736842106,9,19,5,38,1
INV0125,ABC Supplies,Furniture,2026-05-23,3,2897.95,8693.85,0,39308.7219047619,30437.02387711439,14.652380952380952,2675.61380952381,210,30614.8719047619,11.652380952380952,222.33619047619004,5,23,5,21,1
INV0126,Tech World,Office Equipment,2026-12-08,11,4746.04,52206.39,0,50436.67067961165,78785.82328290903,15.728155339805824,3009.856310679612,206,1769.7193203883508,4.728155339805825,1736.183689320388,12,8,1,50,0
INV0127,Prime Stationery,Software,2026-11-12,1,2582.04,2582.04,0,49099.6287745098,118131.68858502238,16.75980392156863,2887.2864215686277,204,46517.5887745098,15.75980392156863,305.24642156862774,11,12,3,46,0
INV0128,Tech World,Furniture,2026-04-11,23,2026.49,46609.16,0,50436.67067961165,78785.82328290903,15.728155339805824,3009.856310679612,206,3827.510679611645,7.271844660194175,983.3663106796118,4,11,5,15,1
INV0129,Prime Stationery,Software,2026-09-01,13,982.57,12773.41,0,49099.6287745098,118131.68858502238,16.75980392156863,2887.2864215686277,204,36326.218774509805,3.759803921568629,1904.7164215686275,9,1,1,36,0
INV0130,Prime Stationery,Electronics,2026-01-12,15,3973.79,59606.81,0,49099.6287745098,118131.68858502238,16.75980392156863,2887.2864215686277,204,10507.181225490196,1.7598039215686292,1086.5035784313725,1,12,0,3,0
INV0131,Global Office,Electronics,2026-08-27,26,3725.33,96858.6,0,45078.94052631578,49567.56191589249,17.58421052631579,2430.9345263157893,190,51779.65947368422,8.41578947368421,1294.3954736842106,8,27,3,35,0
INV0132,Prime Stationery,Stationery,2026-02-18,5,2044.9,10224.52,0,49099.6287745098,118131.68858502238,16.75980392156863,2887.2864215686277,204,38875.108774509805,11.75980392156863,842.3864215686276,2,18,2,8,0
INV0133,Tech World,Furniture,2026-02-11,21,320.93,6739.5,0,50436.67067961165,78785.82328290903,15.728155339805824,3009.856310679612,206,43697.17067961165,5.271844660194175,2688.926310679612,2,11,2,7,0
INV0134,Prime Stationery,Software,2026-06-15,17,4227.19,71862.18,0,49099.6287745098,118131.68858502238,16.75980392156863,2887.2864215686277,204,22762.55122549019,0.2401960784313708,1339.903578431372,6,15,0,25,0
INV0135,Global Office,Office Equipment,2026-03-23,25,254.81,6370.16,0,45078.94052631578,49567.56191589249,17.58421052631579,2430.9345263157893,190,38708.78052631578,7.41578947368421,2176.12452631579,3,23,0,13,0
INV0136,Global Office,Electronics,2026-10-18,23,3577.76,82288.46,0,45078.94052631578,49567.56191589249,17.58421052631579,2430.9345263157893,190,37209.519473684224,5.41578947368421,1146.825473684211,10,18,6,42,1
INV0137,Tech World,Electronics,2026-06-07,24,4857.23,116573.62,0,50436.67067961165,78785.82328290903,15.728155339805824,3009.856310679612,206,66136.94932038835,8.271844660194175,1847.3736893203877,6,7,6,23,1
INV0138,XYZ Traders,Office Equipment,2026-08-04,25,2300.77,57519.36,0,41375.7582631579,62834.003986022224,14.242105263157894,2716.9371578947366,190,16143.601736842102,10.757894736842106,416.16715789473665,8,4,1,32,0
INV0139,XYZ Traders,Software,2026-06-07,6,1327.87,7967.23,0,41375.7582631579,62834.003986022224,14.242105263157894,2716.9371578947366,190,33408.5282631579,8.242105263157894,1389.0671578947367,6,7,6,23,1
INV0140,Prime Stationery,Software,2026-05-14,28,3583.38,100334.66,0,49099.6287745098,118131.68858502238,16.75980392156863,2887.2864215686277,204,51235.0312254902,11.24019607843137,696.0935784313724,5,14,3,20,0
INV0141,ABC Supplies,Furniture,2026-03-08,21,4122.22,86566.52,0,39308.7219047619,30437.02387711439,14.652380952380952,2675.61380952381,210,47257.798095238104,6.347619047619048,1446.6061904761905,3,8,6,10,1
INV0142,Prime Stationery,Furniture,2026-12-02,22,2822.87,62103.04,0,49099.6287745098,118131.68858502238,16.75980392156863,2887.2864215686277,204,13003.4112254902,5.240196078431371,64.41642156862781,12,2,2,49,0
INV0143,Tech World,Stationery,2026-01-07,11,4841.77,53259.46,0,50436.67067961165,78785.82328290903,15.728155339805824,3009.856310679612,206,2822.7893203883505,4.728155339805825,1831.9136893203888,1,7,2,2,0
INV0144,Tech World,Electronics,2026-01-14,18,448.01,8064.18,0,50436.67067961165,78785.82328290903,15.728155339805824,3009.856310679612,206,42372.49067961165,2.271844660194174,2561.8463106796116,1,14,2,3,0
INV0145,Tech World,Furniture,2026-03-14,4,2623.02,10492.08,0,50436.67067961165,78785.82328290903,15.728155339805824,3009.856310679612,206,39944.59067961165,11.728155339805824,386.8363106796118,3,14,5,11,1
INV0146,Tech World,Software,2026-06-12,3,3648.58,10945.74,0,50436.67067961165,78785.82328290903,15.728155339805824,3009.856310679612,206,39490.93067961165,12.728155339805824,638.7236893203881,6,12,4,24,0
INV0147,Tech World,Office Equipment,2026-03-07,13,4340.67,56428.77,0,50436.67067961165,78785.82328290903,15.728155339805824,3009.856310679612,206,5992.099320388348,2.728155339805826,1330.8136893203882,3,7,5,10,1
INV0148,Global Office,Software,2026-12-13,23,1060.43,24389.82,0,45078.94052631578,49567.56191589249,17.58421052631579,2430.9345263157893,190,20689.120526315783,5.41578947368421,1370.5045263157892,12,13,6,50,1
INV0149,XYZ Traders,Electronics,2026-05-10,9,4040.02,36360.15,0,41375.7582631579,62834.003986022224,14.242105263157894,2716.9371578947366,190,5015.608263157897,5.242105263157894,1323.0828421052634,5,10,6,19,1
INV0150,Tech World,Software,2026-07-25,21,2852.99,59912.87,0,50436.67067961165,78785.82328290903,15.728155339805824,3009.856310679612,206,9476.199320388354,5.271844660194175,156.86631067961207,7,25,5,30,1
INV0151,ABC Supplies,Stationery,2026-10-03,6,2103.46,12620.75,0,39308.7219047619,30437.02387711439,14.652380952380952,2675.61380952381,210,26687.9719047619,8.652380952380952,572.1538095238097,10,3,5,40,1
INV0152,ABC Supplies,Electronics,2026-09-13,26,832.23,21638.04,0,39308.7219047619,30437.02387711439,14.652380952380952,2675.61380952381,210,17670.6819047619,11.347619047619048,1843.3838095238095,9,13,6,37,1
INV0153,ABC Supplies,Office Equipment,2026-09-23,28,4353.42,121895.75,0,39308.7219047619,30437.02387711439,14.652380952380952,2675.61380952381,210,82587.0280952381,13.347619047619048,1677.8061904761903,9,23,2,39,0
INV0154,ABC Supplies,Stationery,2026-01-25,12,954.91,11458.94,0,39308.7219047619,30437.02387711439,14.652380952380952,2675.61380952381,210,27849.781904761898,2.652380952380952,1720.70380952381,1,25,6,4,1
INV0155,Global Office,Electronics,2026-10-08,2,1686.98,3373.96,0,45078.94052631578,49567.56191589249,17.58421052631579,2430.9345263157893,190,41704.98052631578,15.58421052631579,743.9545263157893,10,8,3,41,0
INV0156,ABC Supplies,Office Equipment,2026-09-10,3,1592.22,4776.66,0,39308.7219047619,30437.02387711439,14.652380952380952,2675.61380952381,210,34532.0619047619,11.652380952380952,1083.3938095238098,9,10,3,37,0
INV0157,Tech World,Stationery,2026-11-06,3,4382.79,13148.36,0,50436.67067961165,78785.82328290903,15.728155339805824,3009.856310679612,206,37288.31067961165,12.728155339805824,1372.933689320388,11,6,4,45,0
INV0158,Prime Stationery,Stationery,2026-10-16,28,3428.97,96011.28,0,49099.6287745098,118131.68858502238,16.75980392156863,2887.2864215686277,204,46911.6512254902,11.24019607843137,541.6835784313721,10,16,4,42,0
INV0159,ABC Supplies,Electronics,2026-06-13,12,4024.07,48288.85,0,39308.7219047619,30437.02387711439,14.652380952380952,2675.61380952381,210,8980.128095238098,2.652380952380952,1348.4561904761904,6,13,5,24,1
INV0160,Global Office,Furniture,2026-04-05,15,1402.25,21033.69,0,45078.94052631578,49567.56191589249,17.58421052631579,2430.9345263157893,190,24045.250526315784,2.5842105263157897,1028.6845263157893,4,5,6,14,1
INV0161,Global Office,Stationery,2026-09-27,9,3199.4,28794.56,0,45078.94052631578,49567.56191589249,17.58421052631579,2430.9345263157893,190,16284.38052631578,8.58421052631579,768.4654736842108,9,27,6,39,1
INV0162,ABC Supplies,Stationery,2026-11-17,23,2944.38,67720.76,0,39308.7219047619,30437.02387711439,14.652380952380952,2675.61380952381,210,28412.038095238095,8.347619047619048,268.76619047619033,11,17,1,47,0
INV0163,Prime Stationery,Office Equipment,2026-04-20,8,4197.59,33580.69,0,49099.6287745098,118131.68858502238,16.75980392156863,2887.2864215686277,204,15518.9387745098,8.75980392156863,1310.3035784313724,4,20,0,17,0
INV0164,ABC Supplies,Software,2026-12-02,11,4549.22,50041.4,0,39308.7219047619,30437.02387711439,14.652380952380952,2675.61380952381,210,10732.6780952381,3.652380952380952,1873.6061904761905,12,2,2,49,0
INV0165,Global Office,Electronics,2026-11-06,16,258.35,4133.64,0,45078.94052631578,49567.56191589249,17.58421052631579,2430.9345263157893,190,40945.30052631578,1.5842105263157895,2172.5845263157894,11,6,4,45,0
INV0166,XYZ Traders,Electronics,2026-08-26,26,3435.3,89317.69,0,41375.7582631579,62834.003986022224,14.242105263157894,2716.9371578947366,190,47941.9317368421,11.757894736842106,718.3628421052636,8,26,2,35,0
INV0167,Tech World,Furniture,2026-01-25,27,448.81,12117.92,0,50436.67067961165,78785.82328290903,15.728155339805824,3009.856310679612,206,38318.75067961165,11.271844660194176,2561.046310679612,1,25,6,4,1
INV0168,Global Office,Furniture,2026-05-21,25,2834.52,70863.04,0,45078.94052631578,49567.56191589249,17.58421052631579,2430.9345263157893,190,25784.09947368421,7.41578947368421,403.5854736842107,5,21,3,21,0
INV0169,ABC Supplies,Electronics,2026-04-27,22,1580.64,34774.02,0,39308.7219047619,30437.02387711439,14.652380952380952,2675.61380952381,210,4534.701904761903,7.347619047619048,1094.9738095238097,4,27,0,18,0
INV0170,Tech World,Furniture,2026-01-25,4,1672.53,6690.11,0,50436.67067961165,78785.82328290903,15.728155339805824,3009.856310679612,206,43746.56067961165,11.728155339805824,1337.326310679612,1,25,6,4,1
INV0171,ABC Supplies,Office Equipment,2026-03-20,28,1894.2,53037.62,0,39308.7219047619,30437.02387711439,14.652380952380952,2675.61380952381,210,13728.898095238104,13.347619047619048,781.4138095238097,3,20,4,12,0
INV0172,ABC Supplies,Electronics,2026-03-09,1,3182.2,3182.2,0,39308.7219047619,30437.02387711439,14.652380952380952,2675.61380952381,210,36126.5219047619,13.652380952380952,506.5861904761901,3,9,0,11,0
INV0173,XYZ Traders,Furniture,2026-06-22,24,1803.44,43282.56,0,41375.7582631579,62834.003986022224,14.242105263157894,2716.9371578947366,190,1906.8017368420988,9.757894736842106,913.4971578947366,6,22,0,26,0
INV0174,Tech World,Electronics,2026-01-12,7,3716.96,26018.69,0,50436.67067961165,78785.82328290903,15.728155339805824,3009.856310679612,206,24417.98067961165,8.728155339805825,707.1036893203882,1,12,0,3,0
INV0175,Tech World,Software,2026-10-15,2,2141.73,4283.46,0,50436.67067961165,78785.82328290903,15.728155339805824,3009.856310679612,206,46153.21067961165,13.728155339805824,868.1263106796118,10,15,3,42,0
INV0176,XYZ Traders,Stationery,2026-05-08,24,528.1,12674.29,0,41375.7582631579,62834.003986022224,14.242105263157894,2716.9371578947366,190,28701.468263157894,9.757894736842106,2188.8371578947367,5,8,4,19,0
INV0177,Global Office,Electronics,2026-04-06,28,3962.05,110937.32,0,45078.94052631578,49567.56191589249,17.58421052631579,2430.9345263157893,190,65858.37947368422,10.41578947368421,1531.1154736842109,4,6,0,15,0
INV0178,ABC Supplies,Stationery,2026-04-02,5,1571.64,7858.2,0,39308.7219047619,30437.02387711439,14.652380952380952,2675.61380952381,210,31450.5219047619,9.652380952380952,1103.9738095238097,4,2,3,14,0
INV0179,Prime Stationery,Furniture,2026-05-21,7,2277.28,15940.97,0,49099.6287745098,118131.68858502238,16.75980392156863,2887.2864215686277,204,33158.6587745098,9.75980392156863,610.0064215686275,5,21,3,21,0
INV0180,ABC Supplies,Stationery,2026-01-31,4,3490.13,13960.52,0,39308.7219047619,30437.02387711439,14.652380952380952,2675.61380952381,210,25348.2019047619,10.652380952380952,814.5161904761903,1,31,5,5,1
INV0181,ABC Supplies,Electronics,2026-11-30,5,1795.79,8978.95,0,39308.7219047619,30437.02387711439,14.652380952380952,2675.61380952381,210,30329.7719047619,9.652380952380952,879.8238095238098,11,30,0,49,0
INV0182,Global Office,Software,2026-01-20,24,471.61,11318.67,0,45078.94052631578,49567.56191589249,17.58421052631579,2430.9345263157893,190,33760.270526315784,6.41578947368421,1959.3245263157892,1,20,1,4,0
INV0183,ABC Supplies,Furniture,2026-05-26,1,1994.82,1994.82,0,39308.7219047619,30437.02387711439,14.652380952380952,2675.61380952381,210,37313.9019047619,13.652380952380952,680.7938095238098,5,26,1,22,0
INV0184,XYZ Traders,Electronics,2026-11-12,1,4733.35,4733.35,0,41375.7582631579,62834.003986022224,14.242105263157894,2716.9371578947366,190,36642.4082631579,13.242105263157894,2016.4128421052635,11,12,3,46,0
INV0185,XYZ Traders,Furniture,2026-06-09,15,3280.33,49204.88,0,41375.7582631579,62834.003986022224,14.242105263157894,2716.9371578947366,190,7829.121736842099,0.7578947368421058,563.3928421052633,6,9,1,24,0
INV0186,Tech World,Office Equipment,2026-12-15,20,3423.1,68462.0,0,50436.67067961165,78785.82328290903,15.728155339805824,3009.856310679612,206,18025.32932038835,4.271844660194175,413.24368932038806,12,15,1,51,0
INV0187,Prime Stationery,Stationery,2026-02-12,19,3234.95,61464.13,0,49099.6287745098,118131.68858502238,16.75980392156863,2887.2864215686277,204,12364.501225490196,2.240196078431371,347.6635784313721,2,12,3,7,0
INV0188,ABC Supplies,Office Equipment,2026-09-11,29,1155.16,33499.71,0,39308.7219047619,30437.02387711439,14.652380952380952,2675.61380952381,210,5809.011904761901,14.347619047619048,1520.4538095238097,9,11,4,37,0
INV0189,ABC Supplies,Electronics,2026-05-10,10,2208.0,22080.03,0,39308.7219047619,30437.02387711439,14.652380952380952,2675.61380952381,210,17228.6919047619,4.652380952380952,467.6138095238098,5,10,6,19,1
INV0190,Global Office,Software,2026-03-01,28,3804.51,106526.31,0,45078.94052631578,49567.56191589249,17.58421052631579,2430.9345263157893,190,61447.369473684215,10.41578947368421,1373.575473684211,3,1,6,9,1
INV0191,XYZ Traders,Furniture,2026-05-31,18,686.59,12358.62,0,41375.7582631579,62834.003986022224,14.242105263157894,2716.9371578947366,190,29017.138263157896,3.757894736842106,2030.3471578947365,5,31,6,22,1
INV0192,Prime Stationery,Stationery,2026-10-14,168,1533.69,257660.48,1,49099.6287745098,118131.68858502238,16.75980392156863,2887.2864215686277,204,208560.85122549025,151.24019607843138,1353.5964215686276,10,14,2,42,0
INV0193,Tech World,Furniture,2026-01-05,3,1526.33,4579.0,0,50436.67067961165,78785.82328290903,15.728155339805824,3009.856310679612,206,45857.67067961165,12.728155339805824,1483.526310679612,1,5,0,2,0
INV0194,XYZ Traders,Electronics,2026-09-23,11,2273.69,25010.6,0,41375.7582631579,62834.003986022224,14.242105263157894,2716.9371578947366,190,16365.1582631579,3.242105263157894,443.2471578947366,9,23,2,39,0
INV0195,Tech World,Furniture,2026-12-11,15,4905.77,73586.55,0,50436.67067961165,78785.82328290903,15.728155339805824,3009.856310679612,206,23149.87932038835,0.7281553398058254,1895.9136893203888,12,11,4,50,0
INV0196,Global Office,Stationery,2026-05-10,27,524.01,14148.33,0,45078.94052631578,49567.56191589249,17.58421052631579,2430.9345263157893,190,30930.61052631578,9.41578947368421,1906.9245263157893,5,10,6,19,1
INV0197,Global Office,Electronics,2026-09-24,11,2689.76,29587.41,0,45078.94052631578,49567.56191589249,17.58421052631579,2430.9345263157893,190,15491.530526315782,6.58421052631579,258.8254736842109,9,24,3,39,0
INV0198,ABC Supplies,Furniture,2026-06-27,17,1060.95,18036.16,0,39308.7219047619,30437.02387711439,14.652380952380952,2675.61380952381,210,21272.5619047619,2.347619047619048,1614.6638095238095,6,27,5,26,1
INV0199,Prime Stationery,Software,2026-09-10,17,4859.25,82607.21,0,49099.6287745098,118131.68858502238,16.75980392156863,2887.2864215686277,204,33507.581225490205,0.2401960784313708,1971.9635784313723,9,10,3,37,0
INV0200,Tech World,Electronics,2026-02-25,6,743.86,4463.14,0,50436.67067961165,78785.82328290903,15.728155339805824,3009.856310679612,206,45973.53067961165,9.728155339805824,2265.9963106796117,2,25,2,9,0
INV0201,XYZ Traders,Electronics,2026-03-24,5,2137.28,10686.42,0,41375.7582631579,62834.003986022224,14.242105263157894,2716.9371578947366,190,30689.3382631579,9.242105263157894,579.6571578947364,3,24,1,13,0
INV0202,Global Office,Software,2026-04-09,8,3741.85,29934.78,0,45078.94052631578,49567.56191589249,17.58421052631579,2430.9345263157893,190,15144.160526315783,9.58421052631579,1310.9154736842106,4,9,3,15,0
INV0203,ABC Supplies,Office Equipment,2026-05-29,2,3581.86,7163.72,0,39308.7219047619,30437.02387711439,14.652380952380952,2675.61380952381,210,32145.0019047619,12.652380952380952,906.2461904761903,5,29,4,22,0
INV0204,ABC Supplies,Stationery,2026-11-25,16,2229.1,35665.56,0,39308.7219047619,30437.02387711439,14.652380952380952,2675.61380952381,210,3643.1619047619024,1.3476190476190482,446.5138095238098,11,25,2,48,0
INV0205,Tech World,Office Equipment,2026-06-05,20,1863.32,37266.32,0,50436.67067961165,78785.82328290903,15.728155339805824,3009.856310679612,206,13170.350679611647,4.271844660194175,1146.536310679612,6,5,4,23,0
INV0206,Global Office,Furniture,2026-07-09,24,2108.54,50604.95,0,45078.94052631578,49567.56191589249,17.58421052631579,2430.9345263157893,190,5526.009473684215,6.41578947368421,322.39452631578934,7,9,3,28,0
INV0207,Prime Stationery,Software,2026-09-20,12,1468.53,17622.31,0,49099.6287745098,118131.68858502238,16.75980392156863,2887.2864215686277,204,31477.3187745098,4.759803921568629,1418.7564215686275,9,20,6,38,1
INV0208,Global Office,Office Equipment,2026-03-21,6,1185.6,7113.59,0,45078.94052631578,49567.56191589249,17.58421052631579,2430.9345263157893,190,37965.350526315786,11.58421052631579,1245.3345263157894,3,21,5,12,1
INV0209,Tech World,Electronics,2026-09-09,1,2518.59,2518.59,0,50436.67067961165,78785.82328290903,15.728155339805824,3009.856310679612,206,47918.08067961165,14.728155339805824,491.2663106796117,9,9,2,37,0
INV0210,Tech World,Furniture,2026-04-07,4,1488.96,5955.85,0,50436.67067961165,78785.82328290903,15.728155339805824,3009.856310679612,206,44480.82067961165,11.728155339805824,1520.8963106796118,4,7,1,15,0
INV0211,Global Office,Furniture,2026-09-17,17,1579.82,26856.87,0,45078.94052631578,49567.56191589249,17.58421052631579,2430.9345263157893,190,18222.070526315783,0.5842105263157897,851.1145263157894,9,17,3,38,0
INV0212,Tech World,Office Equipment,2026-09-17,13,3352.43,43581.58,0,50436.67067961165,78785.82328290903,15.728155339805824,3009.856310679612,206,6855.090679611647,2.728155339805826,342.573689320388,9,17,3,38,0
INV0213,Global Office,Office Equipment,2026-04-13,18,4848.98,87281.63,0,45078.94052631578,49567.56191589249,17.58421052631579,2430.9345263157893,190,42202.68947368422,0.4157894736842102,2418.0454736842103,4,13,0,16,0
INV0214,XYZ Traders,Software,2026-02-09,5,3097.46,15487.29,0,41375.7582631579,62834.003986022224,14.242105263157894,2716.9371578947366,190,25888.468263157894,9.242105263157894,380.5228421052634,2,9,0,7,0
INV0215,Global Office,Stationery,2026-09-30,24,569.5,13668.03,0,45078.94052631578,49567.56191589249,17.58421052631579,2430.9345263157893,190,31410.910526315783,6.41578947368421,1861.4345263157893,9,30,2,40,0
INV0216,Global Office,Office Equipment,2026-04-11,24,562.8,13507.23,0,45078.94052631578,49567.56191589249,17.58421052631579,2430.9345263157893,190,31571.710526315783,6.41578947368421,1868.1345263157891,4,11,5,15,1
INV0217,Tech World,Office Equipment,2026-12-25,27,4766.83,128704.45,0,50436.67067961165,78785.82328290903,15.728155339805824,3009.856310679612,206,78267.77932038835,11.271844660194176,1756.973689320388,12,25,4,52,0
INV0218,Tech World,Electronics,2026-11-04,3,1627.0,4880.99,0,50436.67067961165,78785.82328290903,15.728155339805824,3009.856310679612,206,45555.68067961165,12.728155339805824,1382.856310679612,11,4,2,45,0
INV0219,ABC Supplies,Furniture,2026-08-09,11,641.92,7061.14,0,39308.7219047619,30437.02387711439,14.652380952380952,2675.61380952381,210,32247.5819047619,3.652380952380952,2033.6938095238097,8,9,6,32,1
INV0220,ABC Supplies,Stationery,2026-11-04,13,3075.41,39980.38,0,39308.7219047619,30437.02387711439,14.652380952380952,2675.61380952381,210,671.6580952380973,1.6523809523809518,399.7961904761901,11,4,2,45,0
INV0221,XYZ Traders,Electronics,2026-05-04,4,3193.51,12774.06,0,41375.7582631579,62834.003986022224,14.242105263157894,2716.9371578947366,190,28601.6982631579,10.242105263157894,476.5728421052636,5,4,0,19,0
INV0222,ABC Supplies,Software,2026-08-19,26,3312.82,86133.4,0,39308.7219047619,30437.02387711439,14.652380952380952,2675.61380952381,210,46824.678095238094,11.347619047619048,637.2061904761904,8,19,2,34,0
INV0223,Global Office,Software,2026-06-27,27,1483.53,40055.3,0,45078.94052631578,49567.56191589249,17.58421052631579,2430.9345263157893,190,5023.640526315779,9.41578947368421,947.4045263157892,6,27,5,26,1
INV0224,Tech World,Office Equipment,2026-03-04,14,272.53,3815.44,0,50436.67067961165,78785.82328290903,15.728155339805824,3009.856310679612,206,46621.230679611646,1.7281553398058254,2737.326310679612,3,4,2,10,0
INV0225,ABC Supplies,Office Equipment,2026-04-26,22,4832.07,106305.62,0,39308.7219047619,30437.02387711439,14.652380952380952,2675.61380952381,210,66996.8980952381,7.347619047619048,2156.45619047619,4,26,6,17,1
INV0226,ABC Supplies,Software,2026-07-10,11,1404.29,15447.15,0,39308.7219047619,30437.02387711439,14.652380952380952,2675.61380952381,210,23861.5719047619,3.652380952380952,1271.3238095238098,7,10,4,28,0
INV0227,XYZ Traders,Office Equipment,2026-03-03,27,3444.93,93013.01,0,41375.7582631579,62834.003986022224,14.242105263157894,2716.9371578947366,190,51637.251736842096,12.757894736842106,727.9928421052632,3,3,1,10,0
INV0228,XYZ Traders,Stationery,2026-09-13,10,3591.82,35918.23,0,41375.7582631579,62834.003986022224,14.242105263157894,2716.9371578947366,190,5457.528263157896,4.242105263157894,874.8828421052635,9,13,6,37,1
INV0229,Global Office,Office Equipment,2026-01-07,19,3128.04,59432.68,0,45078.94052631578,49567.56191589249,17.58421052631579,2430.9345263157893,190,14353.739473684218,1.4157894736842105,697.1054736842107,1,7,2,2,0
INV0230,Tech World,Furniture,2026-06-04,18,1701.96,30635.2,0,50436.67067961165,78785.82328290903,15.728155339805824,3009.856310679612,206,19801.470679611648,2.271844660194174,1307.8963106796118,6,4,3,23,0
INV0231,XYZ Traders,Office Equipment,2026-04-02,6,1501.26,9007.57,0,41375.7582631579,62834.003986022224,14.242105263157894,2716.9371578947366,190,32368.1882631579,8.242105263157894,1215.6771578947366,4,2,3,14,0
INV0232,ABC Supplies,Electronics,2026-01-14,27,3068.81,82857.81,0,39308.7219047619,30437.02387711439,14.652380952380952,2675.61380952381,210,43549.0880952381,12.347619047619048,393.19619047619017,1,14,2,3,0
INV0233,Tech World,Stationery,2026-08-17,29,4357.26,126360.51,0,50436.67067961165,78785.82328290903,15.728155339805824,3009.856310679612,206,75923.83932038835,13.271844660194176,1347.4036893203884,8,17,0,34,0
INV0234,Tech World,Electronics,2026-03-27,60,14933.53,896011.52,1,50436.67067961165,78785.82328290903,15.728155339805824,3009.856310679612,206,845574.8493203884,44.271844660194176,11923.673689320389,3,27,4,13,0
INV0235,ABC Supplies,Electronics,2026-05-13,21,708.35,14875.31,0,39308.7219047619,30437.02387711439,14.652380952380952,2675.61380952381,210,24433.411904761902,6.347619047619048,1967.26380952381,5,13,2,20,0
INV0236,XYZ Traders,Furniture,2026-07-02,10,943.18,9431.77,0,41375.7582631579,62834.003986022224,14.242105263157894,2716.9371578947366,190,31943.9882631579,4.242105263157894,1773.7571578947368,7,2,3,27,0
INV0237,ABC Supplies,Stationery,2026-03-03,5,4734.73,23673.67,0,39308.7219047619,30437.02387711439,14.652380952380952,2675.61380952381,210,15635.051904761902,9.652380952380952,2059.11619047619,3,3,1,10,0
INV0238,Tech World,Stationery,2026-08-07,26,3735.37,97119.6,0,50436.67067961165,78785.82328290903,15.728155339805824,3009.856310679612,206,46682.92932038836,10.271844660194176,725.513689320388,8,7,4,32,0
INV0239,Prime Stationery,Stationery,2026-09-03,29,4438.37,128712.74,0,49099.6287745098,118131.68858502238,16.75980392156863,2887.2864215686277,204,79613.1112254902,12.24019607843137,1551.0835784313722,9,3,3,36,0
INV0240,Prime Stationery,Stationery,2026-08-18,5,1172.64,5863.18,0,49099.6287745098,118131.68858502238,16.75980392156863,2887.2864215686277,204,43236.4487745098,11.75980392156863,1714.6464215686276,8,18,1,34,0
INV0241,Global Office,Stationery,2026-03-20,10,3020.41,30204.12,0,45078.94052631578,49567.56191589249,17.58421052631579,2430.9345263157893,190,14874.820526315783,7.58421052631579,589.4754736842106,3,20,4,12,0
INV0242,ABC Supplies,Furniture,2026-05-29,28,3565.47,99833.16,0,39308.7219047619,30437.02387711439,14.652380952380952,2675.61380952381,210,60524.4380952381,13.347619047619048,889.85619047619,5,29,4,22,0
INV0243,ABC Supplies,Office Equipment,2026-05-18,5,3464.54,17322.69,0,39308.7219047619,30437.02387711439,14.652380952380952,2675.61380952381,210,21986.0319047619,9.652380952380952,788.9261904761902,5,18,0,21,0
INV0244,Global Office,Electronics,2026-11-10,3,2159.13,6477.38,0,45078.94052631578,49567.56191589249,17.58421052631579,2430.9345263157893,190,38601.560526315785,14.58421052631579,271.8045263157892,11,10,1,46,0
INV0245,Global Office,Stationery,2026-03-06,23,273.9,6299.6,0,45078.94052631578,49567.56191589249,17.58421052631579,2430.9345263157893,190,38779.340526315784,5.41578947368421,2157.034526315789,3,6,4,10,0
INV0246,Global Office,Office Equipment,2026-01-13,6,2998.05,17988.27,0,45078.94052631578,49567.56191589249,17.58421052631579,2430.9345263157893,190,27090.670526315786,11.58421052631579,567.1154736842109,1,13,1,3,0
INV0247,Tech World,Office Equipment,2026-08-01,4,1414.89,5659.55,0,50436.67067961165,78785.82328290903,15.728155339805824,3009.856310679612,206,44777.120679611646,11.728155339805824,1594.9663106796118,8,1,5,31,1
INV0248,ABC Supplies,Electronics,2026-08-30,18,2361.22,42501.97,0,39308.7219047619,30437.02387711439,14.652380952380952,2675.61380952381,210,3193.248095238101,3.347619047619048,314.39380952381,8,30,6,35,1
INV0249,Tech World,Furniture,2026-08-01,28,4796.39,134298.89,0,50436.67067961165,78785.82328290903,15.728155339805824,3009.856310679612,206,83862.21932038837,12.271844660194176,1786.5336893203885,8,1,5,31,1
INV0250,Global Office,Software,2026-06-30,9,2115.37,19038.33,0,45078.94052631578,49567.56191589249,17.58421052631579,2430.9345263157893,190,26040.61052631578,8.58421052631579,315.5645263157894,6,30,1,27,0
INV0251,ABC Supplies,Software,2026-12-04,17,4231.05,71927.81,0,39308.7219047619,30437.02387711439,14.652380952380952,2675.61380952381,210,32619.088095238098,2.347619047619048,1555.4361904761904,12,4,4,49,0
INV0252,Tech World,Office Equipment,2026-06-22,29,1104.99,32044.85,0,50436.67067961165,78785.82328290903,15.728155339805824,3009.856310679612,206,18391.82067961165,13.271844660194176,1904.866310679612,6,22,0,26,0
INV0253,Tech World,Electronics,2026-06-09,13,3427.81,44561.54,0,50436.67067961165,78785.82328290903,15.728155339805824,3009.856310679612,206,5875.130679611648,2.728155339805826,417.9536893203881,6,9,1,24,0
INV0254,Global Office,Software,2026-06-13,27,4889.63,132020.1,0,45078.94052631578,49567.56191589249,17.58421052631579,2430.9345263157893,190,86941.15947368422,9.41578947368421,2458.695473684211,6,13,5,24,1
INV0255,ABC Supplies,Office Equipment,2026-07-07,15,689.09,10336.3,0,39308.7219047619,30437.02387711439,14.652380952380952,2675.61380952381,210,28972.4219047619,0.3476190476190481,1986.5238095238096,7,7,1,28,0
INV0256,Global Office,Furniture,2026-07-10,20,239.94,4798.71,0,45078.94052631578,49567.56191589249,17.58421052631579,2430.9345263157893,190,40280.23052631578,2.4157894736842103,2190.9945263157892,7,10,4,28,0
INV0257,ABC Supplies,Software,2026-11-04,17,2281.2,38780.36,0,39308.7219047619,30437.02387711439,14.652380952380952,2675.61380952381,210,528.3619047618995,2.347619047619048,394.4138095238099,11,4,2,45,0
INV0258,Prime Stationery,Office Equipment,2026-09-13,13,644.6,8379.83,0,49099.6287745098,118131.68858502238,16.75980392156863,2887.2864215686277,204,40719.7987745098,3.759803921568629,2242.686421568628,9,13,6,37,1
INV0259,XYZ Traders,Office Equipment,2026-07-02,16,3792.24,60675.92,0,41375.7582631579,62834.003986022224,14.242105263157894,2716.9371578947366,190,19300.1617368421,1.7578947368421058,1075.3028421052632,7,2,3,27,0
INV0260,XYZ Traders,Stationery,2026-04-27,22,4589.83,100976.34,0,41375.7582631579,62834.003986022224,14.242105263157894,2716.9371578947366,190,59600.5817368421,7.757894736842106,1872.8928421052633,4,27,0,18,0
INV0261,XYZ Traders,Furniture,2026-10-09,4,2283.3,9133.2,0,41375.7582631579,62834.003986022224,14.242105263157894,2716.9371578947366,190,32242.5582631579,10.242105263157894,433.6371578947365,10,9,4,41,0
INV0262,Global Office,Stationery,2026-07-15,5,1441.82,7209.08,0,45078.94052631578,49567.56191589249,17.58421052631579,2430.9345263157893,190,37869.86052631578,12.58421052631579,989.1145263157894,7,15,2,29,0
INV0263,Prime Stationery,Electronics,2026-02-03,5,2285.14,11425.68,0,49099.6287745098,118131.68858502238,16.75980392156863,2887.2864215686277,204,37673.9487745098,11.75980392156863,602.1464215686278,2,3,1,6,0
INV0264,ABC Supplies,Stationery,2026-02-21,9,3672.55,33052.95,0,39308.7219047619,30437.02387711439,14.652380952380952,2675.61380952381,210,6255.771904761903,5.652380952380952,996.9361904761904,2,21,5,8,1
INV0265,Tech World,Stationery,2026-04-22,17,243.46,4138.82,0,50436.67067961165,78785.82328290903,15.728155339805824,3009.856310679612,206,46297.85067961165,1.2718446601941746,2766.396310679612,4,22,2,17,0
INV0266,ABC Supplies,Software,2026-09-09,13,3029.38,39381.93,0,39308.7219047619,30437.02387711439,14.652380952380952,2675.61380952381,210,73.20809523810021,1.6523809523809518,353.76619047619033,9,9,2,37,0
INV0267,Tech World,Office Equipment,2026-03-23,2,3143.8,6287.6,0,50436.67067961165,78785.82328290903,15.728155339805824,3009.856310679612,206,44149.07067961165,13.728155339805824,133.94368932038833,3,23,0,13,0
INV0268,ABC Supplies,Furniture,2026-08-20,13,3260.9,42391.75,0,39308.7219047619,30437.02387711439,14.652380952380952,2675.61380952381,210,3083.0280952381,1.6523809523809518,585.2861904761903,8,20,3,34,0
INV0269,Prime Stationery,Stationery,2026-08-15,22,1361.71,29957.53,0,49099.6287745098,118131.68858502238,16.75980392156863,2887.2864215686277,204,19142.098774509803,5.240196078431371,1525.5764215686277,8,15,5,33,1
INV0270,Tech World,Furniture,2026-08-21,21,3627.45,76176.51,0,50436.67067961165,78785.82328290903,15.728155339805824,3009.856310679612,206,25739.839320388342,5.271844660194175,617.593689320388,8,21,4,34,0
INV0271,Global Office,Stationery,2026-08-09,27,638.68,17244.34,0,45078.94052631578,49567.56191589249,17.58421052631579,2430.9345263157893,190,27834.600526315782,9.41578947368421,1792.2545263157897,8,9,6,32,1
INV0272,ABC Supplies,Electronics,2026-02-11,23,1156.5,26599.45,0,39308.7219047619,30437.02387711439,14.652380952380952,2675.61380952381,210,12709.2719047619,8.347619047619048,1519.1138095238098,2,11,2,7,0
INV0273,ABC Supplies,Stationery,2026-01-21,19,4411.86,83825.27,0,39308.7219047619,30437.02387711439,14.652380952380952,2675.61380952381,210,44516.548095238104,4.347619047619048,1736.24619047619,1,21,2,4,0
INV0274,Tech World,Software,2026-02-11,3,3745.87,11237.61,0,50436.67067961165,78785.82328290903,15.728155339805824,3009.856310679612,206,39199.06067961165,12.728155339805824,736.013689320388,2,11,2,7,0
INV0275,Global Office,Office Equipment,2026-04-23,10,265.98,2659.79,0,45078.94052631578,49567.56191589249,17.58421052631579,2430.9345263157893,190,42419.15052631578,7.58421052631579,2164.9545263157893,4,23,3,17,0
INV0276,Global Office,Electronics,2026-04-15,2,1392.21,2784.41,0,45078.94052631578,49567.56191589249,17.58421052631579,2430.9345263157893,190,42294.53052631578,15.58421052631579,1038.7245263157893,4,15,2,16,0
INV0277,Prime Stationery,Stationery,2026-07-11,78,1229.15,95873.79,1,49099.6287745098,118131.68858502238,16.75980392156863,2887.2864215686277,204,46774.16122549019,61.24019607843137,1658.1364215686276,7,11,5,28,1
INV0278,Global Office,Furniture,2026-01-17,19,1499.87,28497.54,0,45078.94052631578,49567.56191589249,17.58421052631579,2430.9345263157893,190,16581.40052631578,1.4157894736842105,931.0645263157894,1,17,5,3,1
INV0279,Global Office,Electronics,2026-04-30,26,1388.29,36095.46,0,45078.94052631578,49567.56191589249,17.58421052631579,2430.9345263157893,190,8983.480526315783,8.41578947368421,1042.644526315789,4,30,3,18,0
INV0280,Global Office,Electronics,2026-05-09,17,500.13,8502.15,0,45078.94052631578,49567.56191589249,17.58421052631579,2430.9345263157893,190,36576.79052631578,0.5842105263157897,1930.8045263157892,5,9,5,19,1
INV0281,XYZ Traders,Stationery,2026-05-10,21,2402.91,50461.2,0,41375.7582631579,62834.003986022224,14.242105263157894,2716.9371578947366,190,9085.441736842098,6.757894736842106,314.0271578947368,5,10,6,19,1
INV0282,Prime Stationery,Electronics,2026-03-01,14,3717.12,52039.69,0,49099.6287745098,118131.68858502238,16.75980392156863,2887.2864215686277,204,2940.0612254902007,2.759803921568629,829.8335784313722,3,1,6,9,1
INV0283,ABC Supplies,Furniture,2026-02-17,12,3112.31,37347.75,0,39308.7219047619,30437.02387711439,14.652380952380952,2675.61380952381,210,1960.9719047619,2.652380952380952,436.69619047619017,2,17,1,8,0
INV0284,Tech World,Electronics,2026-01-29,21,3429.78,72025.46,0,50436.67067961165,78785.82328290903,15.728155339805824,3009.856310679612,206,21588.78932038836,5.271844660194175,419.92368932038835,1,29,3,5,0
INV0285,ABC Supplies,Furniture,2026-04-07,12,589.52,7074.19,0,39308.7219047619,30437.02387711439,14.652380952380952,2675.61380952381,210,32234.5319047619,2.652380952380952,2086.09380952381,4,7,1,15,0
INV0286,Prime Stationery,Stationery,2026-01-10,11,4767.16,52438.71,0,49099.6287745098,118131.68858502238,16.75980392156863,2887.2864215686277,204,3339.0812254901975,5.759803921568629,1879.873578431372,1,10,5,2,1
INV0287,Tech World,Office Equipment,2026-08-30,7,4224.76,29573.33,0,50436.67067961165,78785.82328290903,15.728155339805824,3009.856310679612,206,20863.340679611647,8.728155339805825,1214.9036893203884,8,30,6,35,1
INV0288,Prime Stationery,Electronics,2026-11-10,4,4064.43,16257.73,0,49099.6287745098,118131.68858502238,16.75980392156863,2887.2864215686277,204,32841.8987745098,12.75980392156863,1177.143578431372,11,10,1,46,0
INV0289,Global Office,Office Equipment,2026-08-20,19,4150.32,78856.12,0,45078.94052631578,49567.56191589249,17.58421052631579,2430.9345263157893,190,33777.17947368421,1.4157894736842105,1719.3854736842104,8,20,3,34,0
INV0290,Tech World,Furniture,2026-10-04,1,4677.01,4677.01,0,50436.67067961165,78785.82328290903,15.728155339805824,3009.856310679612,206,45759.66067961165,14.728155339805824,1667.1536893203884,10,4,6,40,1
INV0291,Global Office,Electronics,2026-10-11,28,2812.42,78747.73,0,45078.94052631578,49567.56191589249,17.58421052631579,2430.9345263157893,190,33668.78947368421,10.41578947368421,381.4854736842108,10,11,6,41,1
INV0292,ABC Supplies,Software,2026-07-22,24,1161.35,27872.49,0,39308.7219047619,30437.02387711439,14.652380952380952,2675.61380952381,210,11436.231904761898,9.347619047619048,1514.26380952381,7,22,2,30,0
INV0293,ABC Supplies,Office Equipment,2026-09-04,29,3160.56,91656.28,0,39308.7219047619,30437.02387711439,14.652380952380952,2675.61380952381,210,52347.5580952381,14.347619047619048,484.94619047619017,9,4,4,36,0
INV0294,Tech World,Electronics,2026-10-17,3,3765.83,11297.49,0,50436.67067961165,78785.82328290903,15.728155339805824,3009.856310679612,206,39139.18067961165,12.728155339805824,755.9736893203881,10,17,5,42,1
INV0295,Tech World,Office Equipment,2026-09-21,13,3742.0,48646.05,0,50436.67067961165,78785.82328290903,15.728155339805824,3009.856310679612,206,1790.6206796116458,2.728155339805826,732.1436893203881,9,21,0,39,0
INV0296,Prime Stationery,Electronics,2026-08-02,15,2702.96,40544.33,0,49099.6287745098,118131.68858502238,16.75980392156863,2887.2864215686277,204,8555.2987745098,1.7598039215686292,184.3264215686277,8,2,6,31,1
INV0297,Prime Stationery,Stationery,2026-07-19,2,528.6,1057.2,0,49099.6287745098,118131.68858502238,16.75980392156863,2887.2864215686277,204,48042.428774509804,14.75980392156863,2358.686421568628,7,19,6,29,1
INV0298,Global Office,Office Equipment,2026-03-20,11,1981.34,21794.76,0,45078.94052631578,49567.56191589249,17.58421052631579,2430.9345263157893,190,23284.180526315784,6.58421052631579,449.5945263157894,3,20,4,12,0
INV0299,Tech World,Software,2026-12-09,4,4619.68,18478.72,0,50436.67067961165,78785.82328290903,15.728155339805824,3009.856310679612,206,31957.950679611648,11.728155339805824,1609.8236893203884,12,9,2,50,0
INV0300,ABC Supplies,Software,2026-12-10,19,3005.35,57101.74,0,39308.7219047619,30437.02387711439,14.652380952380952,2675.61380952381,210,17793.018095238098,4.347619047619048,329.73619047619013,12,10,3,50,0
INV0301,Prime Stationery,Furniture,2026-06-22,29,2783.99,80735.81,0,49099.6287745098,118131.68858502238,16.75980392156863,2887.2864215686277,204,31636.181225490196,12.24019607843137,103.29642156862792,6,22,0,26,0
INV0302,Prime Stationery,Electronics,2026-03-10,17,1490.5,25338.45,0,49099.6287745098,118131.68858502238,16.75980392156863,2887.2864215686277,204,23761.1787745098,0.2401960784313708,1396.7864215686277,3,10,1,11,0
INV0303,ABC Supplies,Office Equipment,2026-03-28,3,1968.55,5905.66,0,39308.7219047619,30437.02387711439,14.652380952380952,2675.61380952381,210,33403.0619047619,11.652380952380952,707.0638095238098,3,28,5,13,1
INV0304,Prime Stationery,Furniture,2026-04-11,28,4497.66,125934.51,0,49099.6287745098,118131.68858502238,16.75980392156863,2887.2864215686277,204,76834.88122549019,11.24019607843137,1610.3735784313722,4,11,5,15,1
INV0305,Global Office,Office Equipment,2026-01-08,18,3399.02,61182.41,0,45078.94052631578,49567.56191589249,17.58421052631579,2430.9345263157893,190,16103.46947368422,0.4157894736842102,968.0854736842108,1,8,3,2,0
INV0306,Tech World,Electronics,2026-11-29,8,3979.46,31835.66,0,50436.67067961165,78785.82328290903,15.728155339805824,3009.856310679612,206,18601.01067961165,7.728155339805825,969.6036893203882,11,29,6,48,1
INV0307,ABC Supplies,Software,2026-07-19,22,2380.86,52378.88,0,39308.7219047619,30437.02387711439,14.652380952380952,2675.61380952381,210,13070.158095238095,7.347619047619048,294.75380952380965,7,19,6,29,1
INV0308,Tech World,Stationery,2026-03-28,25,3225.19,80629.67,0,50436.67067961165,78785.82328290903,15.728155339805824,3009.856310679612,206,30192.99932038835,9.271844660194176,215.3336893203882,3,28,5,13,1
INV0309,Prime Stationery,Software,2026-02-12,24,1392.24,33413.79,0,49099.6287745098,118131.68858502238,16.75980392156863,2887.2864215686277,204,15685.8387745098,7.240196078431371,1495.0464215686277,2,12,3,7,0
INV0310,Prime Stationery,Furniture,2026-04-19,26,3586.21,93241.51,0,49099.6287745098,118131.68858502238,16.75980392156863,2887.2864215686277,204,44141.88122549019,9.24019607843137,698.9235784313723,4,19,6,16,1
INV0311,ABC Supplies,Stationery,2026-06-01,19,2252.49,42797.24,0,39308.7219047619,30437.02387711439,14.652380952380952,2675.61380952381,210,3488.518095238098,4.347619047619048,423.12380952381,6,1,0,23,0
INV0312,Global Office,Furniture,2026-01-17,5,2324.22,11621.09,0,45078.94052631578,49567.56191589249,17.58421052631579,2430.9345263157893,190,33457.850526315786,12.58421052631579,106.7145263157895,1,17,5,3,1
INV0313,XYZ Traders,Electronics,2026-05-13,7,3316.75,23217.23,0,41375.7582631579,62834.003986022224,14.242105263157894,2716.9371578947366,190,18158.5282631579,7.242105263157894,599.8128421052634,5,13,2,20,0
INV0314,ABC Supplies,Stationery,2026-05-28,21,4694.15,98577.09,0,39308.7219047619,30437.02387711439,14.652380952380952,2675.61380952381,210,59268.3680952381,6.347619047619048,2018.53619047619,5,28,3,22,0
INV0315,XYZ Traders,Furniture,2026-10-04,8,507.23,4057.84,0,41375.7582631579,62834.003986022224,14.242105263157894,2716.9371578947366,190,37317.9182631579,6.242105263157894,2209.7071578947366,10,4,6,40,1
INV0316,XYZ Traders,Electronics,2026-08-20,28,4158.77,116445.49,0,41375.7582631579,62834.003986022224,14.242105263157894,2716.9371578947366,190,75069.7317368421,13.757894736842106,1441.8328421052638,8,20,3,34,0
INV0317,Global Office,Software,2026-11-10,5,1603.44,8017.19,0,45078.94052631578,49567.56191589249,17.58421052631579,2430.9345263157893,190,37061.75052631578,12.58421052631579,827.4945263157892,11,10,1,46,0
INV0318,XYZ Traders,Electronics,2026-08-16,17,2330.81,39623.83,0,41375.7582631579,62834.003986022224,14.242105263157894,2716.9371578947366,190,1751.9282631578972,2.757894736842106,386.1271578947367,8,16,6,33,1
INV0319,XYZ Traders,Office Equipment,2026-05-19,5,305.18,1525.92,0,41375.7582631579,62834.003986022224,14.242105263157894,2716.9371578947366,190,39849.8382631579,9.242105263157894,2411.757157894737,5,19,1,21,0
INV0320,Global Office,Electronics,2026-07-30,4,1645.02,6580.08,0,45078.94052631578,49567.56191589249,17.58421052631579,2430.9345263157893,190,38498.86052631578,13.58421052631579,785.9145263157893,7,30,3,31,0
INV0321,XYZ Traders,Electronics,2026-01-28,22,2612.63,57477.86,0,41375.7582631579,62834.003986022224,14.242105263157894,2716.9371578947366,190,16102.101736842102,7.757894736842106,104.30715789473652,1,28,2,5,0
INV0322,XYZ Traders,Office Equipment,2026-02-20,19,469.65,8923.26,0,41375.7582631579,62834.003986022224,14.242105263157894,2716.9371578947366,190,32452.498263157897,4.757894736842106,2247.2871578947365,2,20,4,8,0
INV0323,XYZ Traders,Furniture,2026-09-18,27,2557.26,69046.01,0,41375.7582631579,62834.003986022224,14.242105263157894,2716.9371578947366,190,27670.251736842096,12.757894736842106,159.6771578947364,9,18,4,38,0
INV0324,ABC Supplies,Furniture,2026-09-18,21,4650.13,97652.75,0,39308.7219047619,30437.02387711439,14.652380952380952,2675.61380952381,210,58344.0280952381,6.347619047619048,1974.5161904761903,9,18,4,38,0
INV0325,ABC Supplies,Electronics,2026-12-16,2,705.89,1411.77,0,39308.7219047619,30437.02387711439,14.652380952380952,2675.61380952381,210,37896.9519047619,12.652380952380952,1969.72380952381,12,16,2,51,0
INV0326,ABC Supplies,Office Equipment,2026-12-18,11,3869.32,42562.47,0,39308.7219047619,30437.02387711439,14.652380952380952,2675.61380952381,210,3253.748095238101,3.652380952380952,1193.7061904761904,12,18,4,51,0
INV0327,Global Office,Office Equipment,2026-01-08,22,2166.42,47661.26,0,45078.94052631578,49567.56191589249,17.58421052631579,2430.9345263157893,190,2582.3194736842197,4.41578947368421,264.5145263157892,1,8,3,2,0
INV0328,Prime Stationery,Software,2026-11-16,13,3344.83,43482.84,0,49099.6287745098,118131.68858502238,16.75980392156863,2887.2864215686277,204,5616.788774509805,3.759803921568629,457.5435784313722,11,16,0,47,0
INV0329,XYZ Traders,Furniture,2026-05-18,15,1449.14,21737.04,0,41375.7582631579,62834.003986022224,14.242105263157894,2716.9371578947366,190,19638.718263157894,0.7578947368421058,1267.7971578947363,5,18,0,21,0
INV0330,XYZ Traders,Stationery,2026-02-07,12,965.56,11586.75,0,41375.7582631579,62834.003986022224,14.242105263157894,2716.9371578947366,190,29789.0082631579,2.242105263157894,1751.377157894737,2,7,5,6,1
INV0331,Global Office,Furniture,2026-04-21,22,970.22,21344.85,0,45078.94052631578,49567.56191589249,17.58421052631579,2430.9345263157893,190,23734.090526315784,4.41578947368421,1460.7145263157893,4,21,1,17,0
INV0332,XYZ Traders,Furniture,2026-08-08,21,538.36,11305.59,0,41375.7582631579,62834.003986022224,14.242105263157894,2716.9371578947366,190,30070.1682631579,6.757894736842106,2178.5771578947365,8,8,5,32,1
INV0333,ABC Supplies,Software,2026-12-03,22,1091.1,24004.29,0,39308.7219047619,30437.02387711439,14.652380952380952,2675.61380952381,210,15304.4319047619,7.347619047619048,1584.51380952381,12,3,3,49,0
INV0334,Prime Stationery,Stationery,2026-08-11,11,3388.25,37270.78,0,49099.6287745098,118131.68858502238,16.75980392156863,2887.2864215686277,204,11828.848774509805,5.759803921568629,500.9635784313723,8,11,1,33,0
INV0335,Tech World,Software,2026-05-16,7,4432.11,31024.8,0,50436.67067961165,78785.82328290903,15.728155339805824,3009.856310679612,206,19411.87067961165,8.728155339805825,1422.2536893203878,5,16,5,20,1
INV0336,XYZ Traders,Stationery,2026-09-13,28,4107.8,115018.49,0,41375.7582631579,62834.003986022224,14.242105263157894,2716.9371578947366,190,73642.7317368421,13.757894736842106,1390.8628421052636,9,13,6,37,1
INV0337,ABC Supplies,Electronics,2026-12-26,5,3488.64,17443.22,0,39308.7219047619,30437.02387711439,14.652380952380952,2675.61380952381,210,21865.5019047619,9.652380952380952,813.0261904761901,12,26,5,52,1
INV0338,Tech World,Stationery,2026-11-25,17,730.07,12411.24,0,50436.67067961165,78785.82328290903,15.728155339805824,3009.856310679612,206,38025.43067961165,1.2718446601941746,2279.7863106796117,11,25,2,48,0
INV0339,Prime Stationery,Software,2026-02-18,24,1588.1,38114.39,0,49099.6287745098,118131.68858502238,16.75980392156863,2887.2864215686277,204,10985.238774509802,7.240196078431371,1299.1864215686278,2,18,2,8,0
INV0340,Tech World,Furniture,2026-10-19,20,1687.07,33741.46,0,50436.67067961165,78785.82328290903,15.728155339805824,3009.856310679612,206,16695.21067961165,4.271844660194175,1322.786310679612,10,19,0,43,0
INV0341,ABC Supplies,Stationery,2026-11-20,9,1399.79,12598.14,0,39308.7219047619,30437.02387711439,14.652380952380952,2675.61380952381,210,26710.5819047619,5.652380952380952,1275.8238095238098,11,20,4,47,0
INV0342,Tech World,Stationery,2026-03-19,14,2672.03,37408.38,0,50436.67067961165,78785.82328290903,15.728155339805824,3009.856310679612,206,13028.290679611651,1.7281553398058254,337.82631067961165,3,19,3,12,0
INV0343,Global Office,Office Equipment,2026-04-15,26,2770.66,72037.12,0,45078.94052631578,49567.56191589249,17.58421052631579,2430.9345263157893,190,26958.179473684213,8.41578947368421,339.72547368421056,4,15,2,16,0
INV0344,Tech World,Furniture,2026-06-18,12,1913.05,22956.63,0,50436.67067961165,78785.82328290903,15.728155339805824,3009.856310679612,206,27480.040679611648,3.728155339805826,1096.806310679612,6,18,3,25,0
INV0345,XYZ Traders,Electronics,2026-08-05,6,1898.19,11389.13,0,41375.7582631579,62834.003986022224,14.242105263157894,2716.9371578947366,190,29986.6282631579,8.242105263157894,818.7471578947366,8,5,2,32,0
INV0346,XYZ Traders,Software,2026-04-29,17,4177.07,71010.14,0,41375.7582631579,62834.003986022224,14.242105263157894,2716.9371578947366,190,29634.3817368421,2.757894736842106,1460.132842105263,4,29,2,18,0
INV0347,Global Office,Electronics,2026-07-09,19,3988.61,75783.51,0,45078.94052631578,49567.56191589249,17.58421052631579,2430.9345263157893,190,30704.569473684212,1.4157894736842105,1557.6754736842108,7,9,3,28,0
INV0348,ABC Supplies,Furniture,2026-09-12,19,1677.42,31870.98,0,39308.7219047619,30437.02387711439,14.652380952380952,2675.61380952381,210,7437.7419047619005,4.347619047619048,998.1938095238096,9,12,5,37,1
INV0349,XYZ Traders,Stationery,2026-09-23,26,4586.18,119240.8,0,41375.7582631579,62834.003986022224,14.242105263157894,2716.9371578947366,190,77865.0417368421,11.757894736842106,1869.2428421052637,9,23,2,39,0
INV0350,Prime Stationery,Stationery,2026-05-29,16,4773.51,76376.19,0,49099.6287745098,118131.68858502238,16.75980392156863,2887.2864215686277,204,27276.5612254902,0.7598039215686292,1886.2235784313723,5,29,4,22,0
INV0351,XYZ Traders,Furniture,2026-06-13,12,1768.36,21220.37,0,41375.7582631579,62834.003986022224,14.242105263157894,2716.9371578947366,190,20155.3882631579,2.242105263157894,948.5771578947368,6,13,5,24,1
INV0352,XYZ Traders,Stationery,2026-05-20,12,1901.24,22814.88,0,41375.7582631579,62834.003986022224,14.242105263157894,2716.9371578947366,190,18560.878263157894,2.242105263157894,815.6971578947366,5,20,2,21,0
INV0353,ABC Supplies,Stationery,2026-12-13,20,2627.04,52540.88,0,39308.7219047619,30437.02387711439,14.652380952380952,2675.61380952381,210,13232.158095238095,5.347619047619048,48.573809523809814,12,13,6,50,1
INV0354,Tech World,Stationery,2026-09-15,6,4717.38,28304.28,0,50436.67067961165,78785.82328290903,15.728155339805824,3009.856310679612,206,22132.39067961165,9.728155339805824,1707.5236893203885,9,15,1,38,0
INV0355,XYZ Traders,Software,2026-09-26,23,4406.33,101345.67,0,41375.7582631579,62834.003986022224,14.242105263157894,2716.9371578947366,190,59969.9117368421,8.757894736842106,1689.3928421052633,9,26,5,39,1
INV0356,Global Office,Software,2026-06-30,26,692.33,18000.48,0,45078.94052631578,49567.56191589249,17.58421052631579,2430.9345263157893,190,27078.460526315783,8.41578947368421,1738.6045263157894,6,30,1,27,0
INV0357,Tech World,Office Equipment,2026-06-09,4,2085.11,8340.43,0,50436.67067961165,78785.82328290903,15.728155339805824,3009.856310679612,206,42096.24067961165,11.728155339805824,924.7463106796116,6,9,1,24,0
INV0358,Prime Stationery,Electronics,2026-12-17,6,2856.18,17137.09,0,49099.6287745098,118131.68858502238,16.75980392156863,2887.2864215686277,204,31962.5387745098,10.75980392156863,31.106421568627862,12,17,3,51,0
INV0359,ABC Supplies,Furniture,2026-10-15,11,2615.04,28765.39,0,39308.7219047619,30437.02387711439,14.652380952380952,2675.61380952381,210,10543.3319047619,3.652380952380952,60.573809523809814,10,15,3,42,0
INV0360,Prime Stationery,Furniture,2026-10-15,9,1130.54,10174.88,1,49099.6287745098,118131.68858502238,16.75980392156863,2887.2864215686277,204,38924.74877450981,7.759803921568629,1756.7464215686275,10,15,3,42,0
INV0361,Tech World,Furniture,2026-08-14,24,4322.32,103735.69,0,50436.67067961165,78785.82328290903,15.728155339805824,3009.856310679612,206,53299.019320388354,8.271844660194175,1312.463689320388,8,14,4,33,0
INV0362,Tech World,Office Equipment,2026-01-11,23,3449.32,79334.26,0,50436.67067961165,78785.82328290903,15.728155339805824,3009.856310679612,206,28897.589320388342,7.271844660194175,439.4636893203883,1,11,6,2,1
INV0363,Tech World,Software,2026-01-10,15,4221.96,63329.4,0,50436.67067961165,78785.82328290903,15.728155339805824,3009.856310679612,206,12892.729320388353,0.7281553398058254,1212.1036893203882,1,10,5,2,1
INV0364,Prime Stationery,Office Equipment,2026-09-28,27,4322.07,116695.85,0,49099.6287745098,118131.68858502238,16.75980392156863,2887.2864215686277,204,67596.22122549021,10.24019607843137,1434.783578431372,9,28,0,40,0
INV0365,Tech World,Furniture,2026-09-30,11,3792.11,41713.19,0,50436.67067961165,78785.82328290903,15.728155339805824,3009.856310679612,206,8723.480679611646,4.728155339805825,782.2536893203883,9,30,2,40,0
INV0366,Prime Stationery,Electronics,2026-07-02,25,2308.21,57705.27,0,49099.6287745098,118131.68858502238,16.75980392156863,2887.2864215686277,204,8605.641225490195,8.24019607843137,579.0764215686277,7,2,3,27,0
INV0367,Tech World,Stationery,2026-06-02,19,3130.62,59481.86,0,50436.67067961165,78785.82328290903,15.728155339805824,3009.856310679612,206,9045.189320388352,3.271844660194174,120.76368932038804,6,2,1,23,0
INV0368,Global Office,Software,2026-11-11,18,969.75,17455.57,0,45078.94052631578,49567.56191589249,17.58421052631579,2430.9345263157893,190,27623.370526315783,0.4157894736842102,1461.1845263157893,11,11,2,46,0
INV0369,Tech World,Software,2026-11-30,17,3433.5,58369.47,0,50436.67067961165,78785.82328290903,15.728155339805824,3009.856310679612,206,7932.799320388352,1.2718446601941746,423.64368932038815,11,30,0,49,0
INV0370,Prime Stationery,Office Equipment,2026-05-04,19,1060.42,20147.9,0,49099.6287745098,118131.68858502238,16.75980392156863,2887.2864215686277,204,28951.7287745098,2.240196078431371,1826.8664215686276,5,4,0,19,0
INV0371,XYZ Traders,Software,2026-04-24,21,3530.96,74150.12,0,41375.7582631579,62834.003986022224,14.242105263157894,2716.9371578947366,190,32774.3617368421,6.757894736842106,814.0228421052634,4,24,4,17,0
INV0372,Tech World,Furniture,2026-10-05,14,1302.07,18229.0,0,50436.67067961165,78785.82328290903,15.728155339805824,3009.856310679612,206,32207.67067961165,1.7281553398058254,1707.786310679612,10,5,0,41,0
INV0373,XYZ Traders,Furniture,2026-08-01,27,764.25,20634.65,0,41375.7582631579,62834.003986022224,14.242105263157894,2716.9371578947366,190,20741.108263157897,12.757894736842106,1952.6871578947369,8,1,5,31,1
INV0374,Global Office,Office Equipment,2026-06-21,18,993.37,17880.58,0,45078.94052631578,49567.56191589249,17.58421052631579,2430.9345263157893,190,27198.36052631578,0.4157894736842102,1437.5645263157894,6,21,6,25,1
INV0375,ABC Supplies,Furniture,2026-10-15,28,209.56,5867.74,0,39308.7219047619,30437.02387711439,14.652380952380952,2675.61380952381,210,33440.9819047619,13.347619047619048,2466.05380952381,10,15,3,42,0
INV0376,Global Office,Electronics,2026-06-23,19,3649.95,69349.05,0,45078.94052631578,49567.56191589249,17.58421052631579,2430.9345263157893,190,24270.10947368422,1.4157894736842105,1219.0154736842103,6,23,1,26,0
INV0377,Tech World,Office Equipment,2026-04-23,15,3715.53,55732.88,0,50436.67067961165,78785.82328290903,15.728155339805824,3009.856310679612,206,5296.209320388349,0.7281553398058254,705.6736893203883,4,23,3,17,0
INV0378,XYZ Traders,Electronics,2026-05-02,15,2671.68,40075.2,0,41375.7582631579,62834.003986022224,14.242105263157894,2716.9371578947366,190,1300.5582631579018,0.7578947368421058,45.25715789473679,5,2,5,18,1
INV0379,XYZ Traders,Stationery,2026-02-01,4,974.54,3898.17,0,41375.7582631579,62834.003986022224,14.242105263157894,2716.9371578947366,190,37477.5882631579,10.242105263157894,1742.397157894737,2,1,6,5,1
INV0380,Prime Stationery,Electronics,2026-08-10,7,601.06,4207.43,0,49099.6287745098,118131.68858502238,16.75980392156863,2887.2864215686277,204,44892.1987745098,9.75980392156863,2286.226421568628,8,10,0,33,0
INV0381,XYZ Traders,Stationery,2026-04-29,13,291.82,3793.65,0,41375.7582631579,62834.003986022224,14.242105263157894,2716.9371578947366,190,37582.1082631579,1.2421052631578942,2425.1171578947365,4,29,2,18,0
INV0382,Prime Stationery,Stationery,2026-02-08,3,995.59,2986.77,0,49099.6287745098,118131.68858502238,16.75980392156863,2887.2864215686277,204,46112.858774509805,13.75980392156863,1891.6964215686276,2,8,6,6,1
INV0383,ABC Supplies,Electronics,2026-09-25,16,4476.11,71617.71,0,39308.7219047619,30437.02387711439,14.652380952380952,2675.61380952381,210,32308.988095238103,1.3476190476190482,1800.49619047619,9,25,4,39,0
INV0384,Tech World,Office Equipment,2026-08-21,9,1359.38,12234.39,0,50436.67067961165,78785.82328290903,15.728155339805824,3009.856310679612,206,38202.28067961165,6.728155339805825,1650.4763106796115,8,21,4,34,0
INV0385,Prime Stationery,Furniture,2026-01-18,8,1900.5,15204.02,0,49099.6287745098,118131.68858502238,16.75980392156863,2887.2864215686277,204,33895.608774509805,8.75980392156863,986.7864215686276,1,18,6,3,1
INV0386,ABC Supplies,Furniture,2026-05-29,20,705.66,14113.17,0,39308.7219047619,30437.02387711439,14.652380952380952,2675.61380952381,210,25195.551904761905,5.347619047619048,1969.95380952381,5,29,4,22,0
INV0387,XYZ Traders,Stationery,2026-05-29,13,1267.33,16475.35,0,41375.7582631579,62834.003986022224,14.242105263157894,2716.9371578947366,190,24900.4082631579,1.2421052631578942,1449.6071578947367,5,29,4,22,0
INV0388,XYZ Traders,Stationery,2026-05-06,17,2692.28,45768.72,0,41375.7582631579,62834.003986022224,14.242105263157894,2716.9371578947366,190,4392.961736842102,2.757894736842106,24.65715789473643,5,6,2,19,0
INV0389,ABC Supplies,Office Equipment,2026-10-29,17,3117.21,52992.62,0,39308.7219047619,30437.02387711439,14.652380952380952,2675.61380952381,210,13683.898095238104,2.347619047619048,441.59619047619026,10,29,3,44,0
INV0390,XYZ Traders,Software,2026-12-26,17,1377.69,23420.75,0,41375.7582631579,62834.003986022224,14.242105263157894,2716.9371578947366,190,17955.0082631579,2.757894736842106,1339.2471578947366,12,26,5,52,1
INV0391,ABC Supplies,Electronics,2026-08-26,1,477.11,477.11,0,39308.7219047619,30437.02387711439,14.652380952380952,2675.61380952381,210,38831.6119047619,13.652380952380952,2198.5038095238097,8,26,2,35,0
INV0392,Prime Stationery,Stationery,2026-05-15,8,2076.96,16615.66,0,49099.6287745098,118131.68858502238,16.75980392156863,2887.2864215686277,204,32483.9687745098,8.75980392156863,810.3264215686277,5,15,4,20,0
INV0393,Prime Stationery,Furniture,2026-05-31,19,1324.18,25159.35,0,49099.6287745098,118131.68858502238,16.75980392156863,2887.2864215686277,204,23940.278774509803,2.240196078431371,1563.1064215686276,5,31,6,22,1
INV0394,ABC Supplies,Office Equipment,2026-08-24,6,1253.86,7523.15,0,39308.7219047619,30437.02387711439,14.652380952380952,2675.61380952381,210,31785.5719047619,8.652380952380952,1421.75380952381,8,24,0,35,0
INV0395,Prime Stationery,Electronics,2026-08-12,3,4807.34,14422.02,0,49099.6287745098,118131.68858502238,16.75980392156863,2887.2864215686277,204,34677.608774509805,13.75980392156863,1920.0535784313724,8,12,2,33,0
INV0396,Prime Stationery,Office Equipment,2026-07-22,27,3158.24,85272.54,0,49099.6287745098,118131.68858502238,16.75980392156863,2887.2864215686277,204,36172.91122549019,10.24019607843137,270.9535784313721,7,22,2,30,0
INV0397,Prime Stationery,Electronics,2026-09-13,5,2873.02,14365.08,0,49099.6287745098,118131.68858502238,16.75980392156863,2887.2864215686277,204,34734.5487745098,11.75980392156863,14.26642156862772,9,13,6,37,1
INV0398,Global Office,Electronics,2026-03-27,13,2195.72,28544.37,0,45078.94052631578,49567.56191589249,17.58421052631579,2430.9345263157893,190,16534.570526315783,4.58421052631579,235.2145263157895,3,27,4,13,0
INV0399,Tech World,Stationery,2026-05-30,15,2258.93,33883.99,0,50436.67067961165,78785.82328290903,15.728155339805824,3009.856310679612,206,16552.68067961165,0.7281553398058254,750.926310679612,5,30,5,22,1
INV0400,XYZ Traders,Office Equipment,2026-08-23,14,2796.34,39148.82,0,41375.7582631579,62834.003986022224,14.242105263157894,2716.9371578947366,190,2226.938263157899,0.2421052631578941,79.40284210526352,8,23,6,34,1
INV0401,Global Office,Office Equipment,2026-12-11,29,3542.86,102743.03,0,45078.94052631578,49567.56191589249,17.58421052631579,2430.9345263157893,190,57664.08947368422,11.41578947368421,1111.9254736842108,12,11,4,50,0
INV0402,Prime Stationery,Furniture,2026-01-22,23,3570.3,82116.93,0,49099.6287745098,118131.68858502238,16.75980392156863,2887.2864215686277,204,33017.30122549019,6.240196078431371,683.0135784313725,1,22,3,4,0
INV0403,ABC Supplies,Furniture,2026-12-14,16,1024.13,16386.09,0,39308.7219047619,30437.02387711439,14.652380952380952,2675.61380952381,210,22922.6319047619,1.3476190476190482,1651.4838095238097,12,14,0,51,0
INV0404,Prime Stationery,Stationery,2026-10-12,18,2600.54,46809.74,0,49099.6287745098,118131.68858502238,16.75980392156863,2887.2864215686277,204,2289.8887745098036,1.2401960784313708,286.74642156862774,10,12,0,42,0
INV0405,Tech World,Stationery,2026-09-26,22,2177.4,47902.77,0,50436.67067961165,78785.82328290903,15.728155339805824,3009.856310679612,206,2533.900679611652,6.271844660194175,832.4563106796118,9,26,5,39,1
INV0406,Prime Stationery,Software,2026-09-15,29,4378.53,126977.35,0,49099.6287745098,118131.68858502238,16.75980392156863,2887.2864215686277,204,77877.72122549021,12.24019607843137,1491.243578431372,9,15,1,38,0
INV0407,ABC Supplies,Furniture,2026-01-29,22,3230.81,71077.84,0,39308.7219047619,30437.02387711439,14.652380952380952,2675.61380952381,210,31769.118095238096,7.347619047619048,555.1961904761902,1,29,3,5,0
INV0408,Tech World,Electronics,2026-08-01,11,2756.02,30316.21,0,50436.67067961165,78785.82328290903,15.728155339805824,3009.856310679612,206,20120.46067961165,4.728155339805825,253.83631067961187,8,1,5,31,1
INV0409,Prime Stationery,Office Equipment,2026-10-10,3,753.89,2261.68,0,49099.6287745098,118131.68858502238,16.75980392156863,2887.2864215686277,204,46837.9487745098,13.75980392156863,2133.396421568628,10,10,5,41,1
INV0410,Tech World,Stationery,2026-02-19,22,3107.06,68355.36,0,50436.67067961165,78785.82328290903,15.728155339805824,3009.856310679612,206,17918.689320388352,6.271844660194175,97.2036893203881,2,19,3,8,0
INV0411,XYZ Traders,Office Equipment,2026-04-05,10,762.58,7625.79,0,41375.7582631579,62834.003986022224,14.242105263157894,2716.9371578947366,190,33749.9682631579,4.242105263157894,1954.3571578947367,4,5,6,14,1
INV0412,XYZ Traders,Office Equipment,2026-03-29,10,1818.59,18185.92,0,41375.7582631579,62834.003986022224,14.242105263157894,2716.9371578947366,190,23189.8382631579,4.242105263157894,898.3471578947367,3,29,6,13,1
INV0413,Prime Stationery,Software,2026-02-13,21,885.64,18598.47,0,49099.6287745098,118131.68858502238,16.75980392156863,2887.2864215686277,204,30501.1587745098,4.240196078431371,2001.646421568628,2,13,4,7,0
INV0414,Tech World,Furniture,2026-10-05,16,3521.95,56351.26,0,50436.67067961165,78785.82328290903,15.728155339805824,3009.856310679612,206,5914.589320388353,0.2718446601941746,512.093689320388,10,5,0,41,0
INV0415,ABC Supplies,Stationery,2026-06-20,12,1190.01,14280.12,0,39308.7219047619,30437.02387711439,14.652380952380952,2675.61380952381,210,25028.601904761897,2.652380952380952,1485.6038095238098,6,20,5,25,1
INV0416,Prime Stationery,Office Equipment,2026-07-08,2,2080.92,4161.85,0,49099.6287745098,118131.68858502238,16.75980392156863,2887.2864215686277,204,44937.7787745098,14.75980392156863,806.3664215686276,7,8,2,28,0
INV0417,XYZ Traders,Stationery,2026-12-19,9,4499.24,40493.15,0,41375.7582631579,62834.003986022224,14.242105263157894,2716.9371578947366,190,882.6082631578975,5.242105263157894,1782.3028421052632,12,19,5,51,1
INV0418,XYZ Traders,Electronics,2026-07-03,24,1180.72,28337.25,0,41375.7582631579,62834.003986022224,14.242105263157894,2716.9371578947366,190,13038.5082631579,9.757894736842106,1536.2171578947366,7,3,4,27,0
INV0419,Prime Stationery,Software,2026-01-03,3,2637.46,7912.39,0,49099.6287745098,118131.68858502238,16.75980392156863,2887.2864215686277,204,41187.2387745098,13.75980392156863,249.8264215686277,1,3,5,1,1
INV0420,Tech World,Electronics,2026-07-10,24,2212.5,53100.1,0,50436.67067961165,78785.82328290903,15.728155339805824,3009.856310679612,206,2663.42932038835,8.271844660194175,797.3563106796119,7,10,4,28,0
INV0421,XYZ Traders,Stationery,2026-04-28,25,287.0,7174.88,0,41375.7582631579,62834.003986022224,14.242105263157894,2716.9371578947366,190,34200.8782631579,10.757894736842106,2429.9371578947366,4,28,1,18,0
INV0422,Tech World,Stationery,2026-01-19,15,4005.24,60078.58,0,50436.67067961165,78785.82328290903,15.728155339805824,3009.856310679612,206,9641.909320388351,0.7281553398058254,995.383689320388,1,19,0,4,0
INV0423,XYZ Traders,Furniture,2026-01-23,3,531.42,1594.26,0,41375.7582631579,62834.003986022224,14.242105263157894,2716.9371578947366,190,39781.4982631579,11.242105263157894,2185.517157894737,1,23,4,4,0
INV0424,XYZ Traders,Office Equipment,2026-01-30,19,2476.42,47052.06,0,41375.7582631579,62834.003986022224,14.242105263157894,2716.9371578947366,190,5676.301736842099,4.757894736842106,240.51715789473656,1,30,4,5,0
INV0425,Global Office,Office Equipment,2026-10-22,18,2891.26,52042.6,0,45078.94052631578,49567.56191589249,17.58421052631579,2430.9345263157893,190,6963.659473684216,0.4157894736842102,460.3254736842109,10,22,3,43,0
INV0426,XYZ Traders,Electronics,2026-04-18,8,3216.45,25731.58,0,41375.7582631579,62834.003986022224,14.242105263157894,2716.9371578947366,190,15644.178263157895,6.242105263157894,499.5128421052632,4,18,5,16,1
INV0427,ABC Supplies,Software,2026-10-08,26,3505.43,91141.23,0,39308.7219047619,30437.02387711439,14.652380952380952,2675.61380952381,210,51832.508095238096,11.347619047619048,829.8161904761901,10,8,3,41,0
INV0428,Prime Stationery,Office Equipment,2026-05-08,17,1415.71,24067.03,0,49099.6287745098,118131.68858502238,16.75980392156863,2887.2864215686277,204,25032.598774509803,0.2401960784313708,1471.5764215686277,5,8,4,19,0
INV0429,Prime Stationery,Furniture,2026-08-17,8,247.9,1983.19,0,49099.6287745098,118131.68858502238,16.75980392156863,2887.2864215686277,204,47116.4387745098,8.75980392156863,2639.3864215686276,8,17,0,34,0
INV0430,Tech World,Electronics,2026-04-21,7,3672.53,25707.71,0,50436.67067961165,78785.82328290903,15.728155339805824,3009.856310679612,206,24728.96067961165,8.728155339805825,662.6736893203883,4,21,1,17,0
INV0431,XYZ Traders,Electronics,2026-05-16,7,2771.15,19398.06,0,41375.7582631579,62834.003986022224,14.242105263157894,2716.9371578947366,190,21977.698263157898,7.242105263157894,54.21284210526346,5,16,5,20,1
INV0432,ABC Supplies,Furniture,2026-12-28,3,4213.36,12640.09,0,39308.7219047619,30437.02387711439,14.652380952380952,2675.61380952381,210,26668.6319047619,11.652380952380952,1537.74619047619,12,28,0,53,0
INV0433,Tech World,Software,2026-07-05,3,15611.94,46835.82,1,50436.67067961165,78785.82328290903,15.728155339805824,3009.856310679612,206,3600.850679611649,12.728155339805824,12602.083689320389,7,5,6,27,1
INV0434,Global Office,Furniture,2026-05-24,4,4247.97,16991.86,0,45078.94052631578,49567.56191589249,17.58421052631579,2430.9345263157893,190,28087.08052631578,13.58421052631579,1817.035473684211,5,24,6,21,1
INV0435,Tech World,Software,2026-03-13,25,2528.45,63211.36,0,50436.67067961165,78785.82328290903,15.728155339805824,3009.856310679612,206,12774.689320388352,9.271844660194176,481.406310679612,3,13,4,11,0
INV0436,Tech World,Furniture,2026-05-09,5,1801.42,9007.08,0,50436.67067961165,78785.82328290903,15.728155339805824,3009.856310679612,206,41429.59067961165,10.728155339805824,1208.4363106796118,5,9,5,19,1
INV0437,XYZ Traders,Furniture,2026-12-30,1,3999.48,3999.48,0,41375.7582631579,62834.003986022224,14.242105263157894,2716.9371578947366,190,37376.278263157896,13.242105263157894,1282.5428421052634,12,30,2,53,0
INV0438,Global Office,Stationery,2026-09-18,15,2366.21,35493.18,0,45078.94052631578,49567.56191589249,17.58421052631579,2430.9345263157893,190,9585.760526315782,2.5842105263157897,64.72452631578926,9,18,4,38,0
INV0439,Tech World,Electronics,2026-01-03,5,1080.52,5402.61,0,50436.67067961165,78785.82328290903,15.728155339805824,3009.856310679612,206,45034.06067961165,10.728155339805824,1929.336310679612,1,3,5,1,1
INV0440,ABC Supplies,Furniture,2026-04-14,13,4303.88,55950.38,0,39308.7219047619,30437.02387711439,14.652380952380952,2675.61380952381,210,16641.658095238097,1.6523809523809518,1628.2661904761903,4,14,1,16,0
INV0441,ABC Supplies,Furniture,2026-08-12,8,4436.29,35490.3,0,39308.7219047619,30437.02387711439,14.652380952380952,2675.61380952381,210,3818.421904761897,6.652380952380952,1760.6761904761902,8,12,2,33,0
INV0442,Prime Stationery,Office Equipment,2026-11-16,8,2438.29,19506.29,0,49099.6287745098,118131.68858502238,16.75980392156863,2887.2864215686277,204,29593.3387745098,8.75980392156863,448.99642156862774,11,16,0,47,0
INV0443,Global Office,Electronics,2026-12-28,5,563.36,2816.79,0,45078.94052631578,49567.56191589249,17.58421052631579,2430.9345263157893,190,42262.15052631578,12.58421052631579,1867.5745263157892,12,28,0,53,0
INV0444,Global Office,Office Equipment,2026-12-20,28,2061.57,57723.83,0,45078.94052631578,49567.56191589249,17.58421052631579,2430.9345263157893,190,12644.88947368422,10.41578947368421,369.36452631578913,12,20,6,51,1
INV0445,Prime Stationery,Electronics,2026-01-10,9,4056.98,36512.83,0,49099.6287745098,118131.68858502238,16.75980392156863,2887.2864215686277,204,12586.7987745098,7.759803921568629,1169.6935784313723,1,10,5,2,1
INV0446,Tech World,Office Equipment,2026-10-29,1,4528.52,4528.52,0,50436.67067961165,78785.82328290903,15.728155339805824,3009.856310679612,206,45908.150679611645,14.728155339805824,1518.6636893203886,10,29,3,44,0
INV0447,Global Office,Furniture,2026-08-19,4,1176.67,4706.68,0,45078.94052631578,49567.56191589249,17.58421052631579,2430.9345263157893,190,40372.26052631578,13.58421052631579,1254.2645263157892,8,19,2,34,0
INV0448,ABC Supplies,Furniture,2026-08-07,3,521.47,1564.42,0,39308.7219047619,30437.02387711439,14.652380952380952,2675.61380952381,210,37744.3019047619,11.652380952380952,2154.14380952381,8,7,4,32,0
INV0449,ABC Supplies,Stationery,2026-03-07,2,4411.28,8822.56,0,39308.7219047619,30437.02387711439,14.652380952380952,2675.61380952381,210,30486.161904761902,12.652380952380952,1735.66619047619,3,7,5,10,1
INV0450,XYZ Traders,Office Equipment,2026-04-22,8,2069.14,16553.15,0,41375.7582631579,62834.003986022224,14.242105263157894,2716.9371578947366,190,24822.608263157897,6.242105263157894,647.7971578947368,4,22,2,17,0
INV0451,Global Office,Software,2026-01-13,23,2800.45,64410.41,0,45078.94052631578,49567.56191589249,17.58421052631579,2430.9345263157893,190,19331.46947368422,5.41578947368421,369.5154736842105,1,13,1,3,0
INV0452,Tech World,Stationery,2026-03-27,9,4846.72,43620.44,0,50436.67067961165,78785.82328290903,15.728155339805824,3009.856310679612,206,6816.230679611646,6.728155339805825,1836.8636893203884,3,27,4,13,0
INV0453,Prime Stationery,Office Equipment,2026-08-22,2,519.51,1039.02,0,49099.6287745098,118131.68858502238,16.75980392156863,2887.2864215686277,204,48060.608774509805,14.75980392156863,2367.7764215686275,8,22,5,34,1
INV0454,Prime Stationery,Office Equipment,2026-03-31,14,3311.93,46366.97,0,49099.6287745098,118131.68858502238,16.75980392156863,2887.2864215686277,204,2732.6587745098004,2.759803921568629,424.64357843137213,3,31,1,14,0
INV0455,Tech World,Stationery,2026-11-10,14,555.71,7779.88,0,50436.67067961165,78785.82328290903,15.728155339805824,3009.856310679612,206,42656.79067961165,1.7281553398058254,2454.146310679612,11,10,1,46,0
INV0456,XYZ Traders,Furniture,2026-02-23,4,2002.25,8009.0,0,41375.7582631579,62834.003986022224,14.242105263157894,2716.9371578947366,190,33366.7582631579,10.242105263157894,714.6871578947366,2,23,0,9,0
INV0457,Prime Stationery,Office Equipment,2026-01-12,6,4058.31,24349.86,0,49099.6287745098,118131.68858502238,16.75980392156863,2887.2864215686277,204,24749.7687745098,10.75980392156863,1171.0235784313722,1,12,0,3,0
INV0458,Global Office,Furniture,2026-07-28,11,2280.67,25087.33,0,45078.94052631578,49567.56191589249,17.58421052631579,2430.9345263157893,190,19991.61052631578,6.58421052631579,150.26452631578923,7,28,1,31,0
INV0459,XYZ Traders,Stationery,2026-01-14,3,4986.48,14959.43,0,41375.7582631579,62834.003986022224,14.242105263157894,2716.9371578947366,190,26416.3282631579,11.242105263157894,2269.542842105263,1,14,2,3,0
INV0460,Global Office,Furniture,2026-05-01,8,2883.48,23067.88,0,45078.94052631578,49567.56191589249,17.58421052631579,2430.9345263157893,190,22011.06052631578,9.58421052631579,452.5454736842107,5,1,4,18,0
INV0461,ABC Supplies,Electronics,2026-01-20,3,1741.58,5224.73,0,39308.7219047619,30437.02387711439,14.652380952380952,2675.61380952381,210,34083.991904761904,11.652380952380952,934.03380952381,1,20,1,4,0
INV0462,XYZ Traders,Software,2026-03-16,14,1256.53,17591.48,0,41375.7582631579,62834.003986022224,14.242105263157894,2716.9371578947366,190,23784.2782631579,0.2421052631578941,1460.4071578947369,3,16,0,12,0
INV0463,Prime Stationery,Office Equipment,2026-08-31,28,1882.5,52709.96,0,49099.6287745098,118131.68858502238,16.75980392156863,2887.2864215686277,204,3610.3312254901975,11.24019607843137,1004.7864215686276,8,31,0,36,0
INV0464,XYZ Traders,Software,2026-08-11,13,1988.16,25846.08,0,41375.7582631579,62834.003986022224,14.242105263157894,2716.9371578947366,190,15529.678263157895,1.2421052631578942,728.7771578947365,8,11,1,33,0
INV0465,XYZ Traders,Furniture,2026-03-11,13,529.83,6887.73,0,41375.7582631579,62834.003986022224,14.242105263157894,2716.9371578947366,190,34488.0282631579,1.2421052631578942,2187.1071578947367,3,11,2,11,0
INV0466,XYZ Traders,Office Equipment,2026-11-08,2,1973.96,3947.91,0,41375.7582631579,62834.003986022224,14.242105263157894,2716.9371578947366,190,37427.848263157895,12.242105263157894,742.9771578947366,11,8,6,45,1
INV0467,XYZ Traders,Furniture,2026-07-30,39,8968.47,349770.2,1,41375.7582631579,62834.003986022224,14.242105263157894,2716.9371578947366,190,308394.4417368421,24.757894736842104,6251.532842105263,7,30,3,31,0
INV0468,Global Office,Electronics,2026-04-11,29,3669.14,106405.1,0,45078.94052631578,49567.56191589249,17.58421052631579,2430.9345263157893,190,61326.15947368422,11.41578947368421,1238.2054736842106,4,11,5,15,1
INV0469,ABC Supplies,Stationery,2026-07-05,19,3352.3,63693.73,0,39308.7219047619,30437.02387711439,14.652380952380952,2675.61380952381,210,24385.008095238103,4.347619047619048,676.6861904761904,7,5,6,27,1
INV0470,Tech World,Office Equipment,2026-05-12,27,3602.08,97256.03,0,50436.67067961165,78785.82328290903,15.728155339805824,3009.856310679612,206,46819.35932038835,11.271844660194176,592.2236893203881,5,12,1,20,0
INV0471,XYZ Traders,Electronics,2026-04-21,6,240.15,1440.87,0,41375.7582631579,62834.003986022224,14.242105263157894,2716.9371578947366,190,39934.888263157896,8.242105263157894,2476.7871578947365,4,21,1,17,0
INV0472,Prime Stationery,Electronics,2026-05-12,16,1244.8,19916.86,0,49099.6287745098,118131.68858502238,16.75980392156863,2887.2864215686277,204,29182.7687745098,0.7598039215686292,1642.4864215686275,5,12,1,20,0
INV0473,XYZ Traders,Office Equipment,2026-01-20,2,3376.08,6752.17,0,41375.7582631579,62834.003986022224,14.242105263157894,2716.9371578947366,190,34623.5882631579,12.242105263157894,659.1428421052633,1,20,1,4,0
INV0474,Prime Stationery,Furniture,2026-01-24,8,2523.15,20185.19,0,49099.6287745098,118131.68858502238,16.75980392156863,2887.2864215686277,204,28914.438774509803,8.75980392156863,364.1364215686276,1,24,5,4,1
INV0475,Global Office,Electronics,2026-08-15,17,225.5,3833.58,0,45078.94052631578,49567.56191589249,17.58421052631579,2430.9345263157893,190,41245.36052631578,0.5842105263157897,2205.4345263157893,8,15,5,33,1
INV0476,Prime Stationery,Software,2026-06-03,23,4061.57,93416.21,0,49099.6287745098,118131.68858502238,16.75980392156863,2887.2864215686277,204,44316.581225490205,6.240196078431371,1174.2835784313725,6,3,2,23,0
INV0477,Tech World,Electronics,2026-10-20,2,3909.49,7818.97,0,50436.67067961165,78785.82328290903,15.728155339805824,3009.856310679612,206,42617.70067961165,13.728155339805824,899.6336893203879,10,20,1,43,0
INV0478,ABC Supplies,Furniture,2026-08-18,10,2832.41,28324.12,0,39308.7219047619,30437.02387711439,14.652380952380952,2675.61380952381,210,10984.6019047619,4.652380952380952,156.79619047619008,8,18,1,34,0
INV0479,Prime Stationery,Furniture,2026-11-06,28,519.02,14532.67,0,49099.6287745098,118131.68858502238,16.75980392156863,2887.2864215686277,204,34566.9587745098,11.24019607843137,2368.2664215686277,11,6,4,45,0
INV0480,Prime Stationery,Software,2026-12-25,16,3879.27,62068.36,0,49099.6287745098,118131.68858502238,16.75980392156863,2887.2864215686277,204,12968.7312254902,0.7598039215686292,991.9835784313724,12,25,4,52,0
INV0481,ABC Supplies,Electronics,2026-07-21,6,3001.83,18010.95,0,39308.7219047619,30437.02387711439,14.652380952380952,2675.61380952381,210,21297.7719047619,8.652380952380952,326.21619047619015,7,21,1,30,0
INV0482,Tech World,Furniture,2026-02-07,28,3953.41,110695.42,0,50436.67067961165,78785.82328290903,15.728155339805824,3009.856310679612,206,60258.74932038835,12.271844660194176,943.553689320388,2,7,5,6,1
INV0483,XYZ Traders,Office Equipment,2026-09-17,2,3808.39,7616.77,0,41375.7582631579,62834.003986022224,14.242105263157894,2716.9371578947366,190,33758.988263157895,12.242105263157894,1091.4528421052632,9,17,3,38,0
INV0484,Prime Stationery,Stationery,2026-07-07,2,4054.41,8108.82,0,49099.6287745098,118131.68858502238,16.75980392156863,2887.2864215686277,204,40990.8087745098,14.75980392156863,1167.1235784313722,7,7,1,28,0
INV0485,ABC Supplies,Stationery,2026-02-26,26,2686.44,69847.41,0,39308.7219047619,30437.02387711439,14.652380952380952,2675.61380952381,210,30538.688095238103,11.347619047619048,10.826190476190275,2,26,3,9,0
INV0486,Global Office,Stationery,2026-01-20,13,873.56,11356.25,0,45078.94052631578,49567.56191589249,17.58421052631579,2430.9345263157893,190,33722.69052631578,4.58421052631579,1557.3745263157894,1,20,1,4,0
INV0487,ABC Supplies,Electronics,2026-09-30,24,3421.56,82117.34,0,39308.7219047619,30437.02387711439,14.652380952380952,2675.61380952381,210,42808.6180952381,9.347619047619048,745.9461904761902,9,30,2,40,0
INV0488,Global Office,Software,2026-04-29,135,3178.27,429067.01,1,45078.94052631578,49567.56191589249,17.58421052631579,2430.9345263157893,190,383988.06947368424,117.4157894736842,747.3354736842107,4,29,2,18,0
INV0489,Tech World,Furniture,2026-03-12,28,3762.82,105358.83,0,50436.67067961165,78785.82328290903,15.728155339805824,3009.856310679612,206,54922.15932038835,12.271844660194176,752.9636893203883,3,12,3,11,0
INV0490,XYZ Traders,Office Equipment,2026-01-04,2,1015.43,2030.86,0,41375.7582631579,62834.003986022224,14.242105263157894,2716.9371578947366,190,39344.8982631579,12.242105263157894,1701.5071578947368,1,4,6,1,1
INV0491,ABC Supplies,Office Equipment,2026-08-09,7,1135.88,7951.17,0,39308.7219047619,30437.02387711439,14.652380952380952,2675.61380952381,210,31357.551904761905,7.652380952380952,1539.7338095238097,8,9,6,32,1
INV0492,Prime Stationery,Electronics,2026-01-14,3,4473.97,13421.9,0,49099.6287745098,118131.68858502238,16.75980392156863,2887.2864215686277,204,35677.7287745098,13.75980392156863,1586.6835784313726,1,14,2,3,0
INV0493,Tech World,Stationery,2026-01-03,8,3799.89,30399.15,0,50436.67067961165,78785.82328290903,15.728155339805824,3009.856310679612,206,20037.520679611647,7.728155339805825,790.033689320388,1,3,5,1,1
INV0494,ABC Supplies,Electronics,2026-08-04,23,4559.5,104868.43,0,39308.7219047619,30437.02387711439,14.652380952380952,2675.61380952381,210,65559.7080952381,8.347619047619048,1883.8861904761904,8,4,1,32,0
INV0495,Prime Stationery,Software,2026-08-17,14,3841.83,53785.67,0,49099.6287745098,118131.68858502238,16.75980392156863,2887.2864215686277,204,4686.041225490197,2.759803921568629,954.5435784313722,8,17,0,34,0
INV0496,ABC Supplies,Software,2026-12-02,24,3066.35,73592.29,0,39308.7219047619,30437.02387711439,14.652380952380952,2675.61380952381,210,34283.56809523809,9.347619047619048,390.7361904761902,12,2,2,49,0
INV0497,Global Office,Furniture,2026-07-05,23,3339.84,76816.25,0,45078.94052631578,49567.56191589249,17.58421052631579,2430.9345263157893,190,31737.309473684218,5.41578947368421,908.9054736842108,7,5,6,27,1
INV0498,ABC Supplies,Furniture,2026-02-24,27,4467.81,120630.98,0,39308.7219047619,30437.02387711439,14.652380952380952,2675.61380952381,210,81322.2580952381,12.347619047619048,1792.1961904761906,2,24,1,9,0
INV0499,ABC Supplies,Software,2026-09-11,22,2978.27,65521.99,0,39308.7219047619,30437.02387711439,14.652380952380952,2675.61380952381,210,26213.268095238094,7.347619047619048,302.6561904761902,9,11,4,37,0
INV0500,ABC Supplies,Software,2026-01-24,29,3235.48,93828.87,0,39308.7219047619,30437.02387711439,14.652380952380952,2675.61380952381,210,54520.148095238095,14.347619047619048,559.8661904761902,1,24,5,4,1
INV0501,Tech World,Software,2026-06-11,7,951.09,6657.62,0,50436.67067961165,78785.82328290903,15.728155339805824,3009.856310679612,206,43779.050679611646,8.728155339805825,2058.7663106796117,6,11,3,24,0
INV0502,ABC Supplies,Electronics,2026-06-07,21,2474.82,51971.26,0,39308.7219047619,30437.02387711439,14.652380952380952,2675.61380952381,210,12662.538095238102,6.347619047619048,200.7938095238096,6,7,6,23,1
INV0503,Prime Stationery,Software,2026-03-23,7,3638.71,25470.94,0,49099.6287745098,118131.68858502238,16.75980392156863,2887.2864215686277,204,23628.688774509803,9.75980392156863,751.4235784313723,3,23,0,13,0
INV0504,Global Office,Office Equipment,2026-06-08,1,1500.52,1500.52,0,45078.94052631578,49567.56191589249,17.58421052631579,2430.9345263157893,190,43578.420526315786,16.58421052631579,930.4145263157892,6,8,0,24,0
INV0505,Global Office,Stationery,2026-07-07,17,1170.82,19903.94,0,45078.94052631578,49567.56191589249,17.58421052631579,2430.9345263157893,190,25175.000526315784,0.5842105263157897,1260.1145263157894,7,7,1,28,0
INV0506,ABC Supplies,Software,2026-03-01,9,1706.37,15357.32,0,39308.7219047619,30437.02387711439,14.652380952380952,2675.61380952381,210,23951.4019047619,5.652380952380952,969.24380952381,3,1,6,9,1
INV0507,Tech World,Stationery,2026-11-01,21,1359.2,28543.26,0,50436.67067961165,78785.82328290903,15.728155339805824,3009.856310679612,206,21893.41067961165,5.271844660194175,1650.6563106796118,11,1,6,44,1
INV0508,Tech World,Electronics,2026-11-15,13,1231.58,16010.55,0,50436.67067961165,78785.82328290903,15.728155339805824,3009.856310679612,206,34426.120679611646,2.728155339805826,1778.276310679612,11,15,6,46,1
INV0509,Prime Stationery,Stationery,2026-07-30,21,2239.28,47024.96,0,49099.6287745098,118131.68858502238,16.75980392156863,2887.2864215686277,204,2074.6687745098025,4.240196078431371,648.0064215686275,7,30,3,31,0
INV0510,ABC Supplies,Electronics,2026-06-01,19,4557.62,86594.87,0,39308.7219047619,30437.02387711439,14.652380952380952,2675.61380952381,210,47286.148095238095,4.347619047619048,1882.00619047619,6,1,0,23,0
INV0511,Global Office,Office Equipment,2026-04-19,21,2633.89,55311.61,0,45078.94052631578,49567.56191589249,17.58421052631579,2430.9345263157893,190,10232.669473684218,3.4157894736842103,202.95547368421057,4,19,6,16,1
INV0512,Tech World,Electronics,2026-03-17,19,1102.02,20938.34,0,50436.67067961165,78785.82328290903,15.728155339805824,3009.856310679612,206,29498.33067961165,3.271844660194174,1907.836310679612,3,17,1,12,0
INV0513,ABC Supplies,Electronics,2026-01-30,25,569.46,14236.6,0,39308.7219047619,30437.02387711439,14.652380952380952,2675.61380952381,210,25072.1219047619,10.347619047619048,2106.1538095238097,1,30,4,5,0
INV0514,Tech World,Furniture,2026-11-10,25,3541.55,88538.74,0,50436.67067961165,78785.82328290903,15.728155339805824,3009.856310679612,206,38102.06932038836,9.271844660194176,531.6936893203883,11,10,1,46,0
INV0515,Tech World,Software,2026-04-27,22,2037.43,44823.55,0,50436.67067961165,78785.82328290903,15.728155339805824,3009.856310679612,206,5613.120679611646,6.271844660194175,972.4263106796118,4,27,0,18,0
INV0516,Global Office,Software,2026-12-22,17,4144.79,70461.41,0,45078.94052631578,49567.56191589249,17.58421052631579,2430.9345263157893,190,25382.46947368422,0.5842105263157897,1713.855473684211,12,22,1,52,0
INV0517,XYZ Traders,Office Equipment,2026-07-11,23,3365.65,77409.99,0,41375.7582631579,62834.003986022224,14.242105263157894,2716.9371578947366,190,36034.231736842106,8.757894736842106,648.7128421052635,7,11,5,28,1
INV0518,Prime Stationery,Office Equipment,2026-01-19,23,4021.96,92505.06,0,49099.6287745098,118131.68858502238,16.75980392156863,2887.2864215686277,204,43405.43122549019,6.240196078431371,1134.6735784313723,1,19,0,4,0
INV0519,Prime Stationery,Software,2026-06-22,10,1505.34,15053.41,0,49099.6287745098,118131.68858502238,16.75980392156863,2887.2864215686277,204,34046.218774509805,6.759803921568629,1381.9464215686278,6,22,0,26,0
INV0520,Global Office,Furniture,2026-08-16,10,3523.32,35233.23,0,45078.94052631578,49567.56191589249,17.58421052631579,2430.9345263157893,190,9845.71052631578,7.58421052631579,1092.3854736842109,8,16,6,33,1
INV0521,Tech World,Software,2026-12-16,4,1467.5,5869.99,0,50436.67067961165,78785.82328290903,15.728155339805824,3009.856310679612,206,44566.68067961165,11.728155339805824,1542.356310679612,12,16,2,51,0
INV0522,ABC Supplies,Furniture,2026-07-02,8,4707.53,37660.23,0,39308.7219047619,30437.02387711439,14.652380952380952,2675.61380952381,210,1648.4919047618969,6.652380952380952,2031.91619047619,7,2,3,27,0
INV0523,Tech World,Office Equipment,2026-04-23,22,3254.6,71601.12,0,50436.67067961165,78785.82328290903,15.728155339805824,3009.856310679612,206,21164.449320388347,6.271844660194175,244.74368932038809,4,23,3,17,0
INV0524,Global Office,Stationery,2026-07-02,20,1757.66,35153.13,0,45078.94052631578,49567.56191589249,17.58421052631579,2430.9345263157893,190,9925.810526315783,2.4157894736842103,673.2745263157892,7,2,3,27,0
INV0525,Prime Stationery,Office Equipment,2026-05-26,20,1493.66,29873.14,0,49099.6287745098,118131.68858502238,16.75980392156863,2887.2864215686277,204,19226.4887745098,3.240196078431371,1393.6264215686276,5,26,1,22,0
INV0526,Tech World,Office Equipment,2026-11-15,18,1116.45,20096.06,0,50436.67067961165,78785.82328290903,15.728155339805824,3009.856310679612,206,30340.610679611647,2.271844660194174,1893.406310679612,11,15,6,46,1
INV0527,Prime Stationery,Electronics,2026-04-26,14,3534.28,49479.87,0,49099.6287745098,118131.68858502238,16.75980392156863,2887.2864215686277,204,380.24122549020103,2.759803921568629,646.9935784313725,4,26,6,17,1
INV0528,ABC Supplies,Electronics,2026-04-23,18,1249.83,22497.03,0,39308.7219047619,30437.02387711439,14.652380952380952,2675.61380952381,210,16811.6919047619,3.347619047619048,1425.78380952381,4,23,3,17,0
INV0529,Prime Stationery,Electronics,2026-09-08,28,3057.46,85608.76,0,49099.6287745098,118131.68858502238,16.75980392156863,2887.2864215686277,204,36509.13122549019,11.24019607843137,170.1735784313723,9,8,1,37,0
INV0530,Prime Stationery,Electronics,2026-09-08,14,1470.25,20583.47,0,49099.6287745098,118131.68858502238,16.75980392156863,2887.2864215686277,204,28516.1587745098,2.759803921568629,1417.0364215686277,9,8,1,37,0
INV0531,XYZ Traders,Furniture,2026-10-30,20,3377.45,67549.02,0,41375.7582631579,62834.003986022224,14.242105263157894,2716.9371578947366,190,26173.261736842105,5.757894736842106,660.5128421052632,10,30,4,44,0
INV0532,XYZ Traders,Software,2026-11-09,21,4111.71,86345.92,0,41375.7582631579,62834.003986022224,14.242105263157894,2716.9371578947366,190,44970.1617368421,6.757894736842106,1394.7728421052634,11,9,0,46,0
INV0533,XYZ Traders,Stationery,2026-04-28,24,3934.52,94428.51,0,41375.7582631579,62834.003986022224,14.242105263157894,2716.9371578947366,190,53052.751736842096,9.757894736842106,1217.5828421052634,4,28,1,18,0
INV0534,Prime Stationery,Office Equipment,2026-10-28,15,3852.09,57781.3,0,49099.6287745098,118131.68858502238,16.75980392156863,2887.2864215686277,204,8681.671225490201,1.7598039215686292,964.8035784313724,10,28,2,44,0
INV0535,Global Office,Furniture,2026-06-10,22,1101.07,24223.49,0,45078.94052631578,49567.56191589249,17.58421052631579,2430.9345263157893,190,20855.45052631578,4.41578947368421,1329.8645263157894,6,10,2,24,0
INV0536,Prime Stationery,Stationery,2026-07-17,4,624.25,2496.99,0,49099.6287745098,118131.68858502238,16.75980392156863,2887.2864215686277,204,46602.6387745098,12.75980392156863,2263.0364215686277,7,17,4,29,0
INV0537,Global Office,Furniture,2026-09-17,13,3554.95,46214.41,0,45078.94052631578,49567.56191589249,17.58421052631579,2430.9345263157893,190,1135.4694736842212,4.58421052631579,1124.0154736842103,9,17,3,38,0
INV0538,Global Office,Furniture,2026-05-28,27,1968.07,53137.8,0,45078.94052631578,49567.56191589249,17.58421052631579,2430.9345263157893,190,8058.859473684221,9.41578947368421,462.86452631578936,5,28,3,22,0
INV0539,XYZ Traders,Office Equipment,2026-08-28,23,2275.26,52331.02,0,41375.7582631579,62834.003986022224,14.242105263157894,2716.9371578947366,190,10955.261736842098,8.757894736842106,441.6771578947364,8,28,4,35,0
INV0540,Tech World,Software,2026-02-16,8,349.52,2796.13,0,50436.67067961165,78785.82328290903,15.728155339805824,3009.856310679612,206,47640.54067961165,7.728155339805825,2660.336310679612,2,16,0,8,0
INV0541,ABC Supplies,Electronics,2026-07-17,18,1445.97,26027.41,0,39308.7219047619,30437.02387711439,14.652380952380952,2675.61380952381,210,13281.3119047619,3.347619047619048,1229.6438095238098,7,17,4,29,0
INV0542,XYZ Traders,Software,2026-02-16,12,361.65,4339.76,0,41375.7582631579,62834.003986022224,14.242105263157894,2716.9371578947366,190,37035.9982631579,2.242105263157894,2355.2871578947365,2,16,0,8,0
INV0543,XYZ Traders,Office Equipment,2026-03-19,23,4420.09,101662.11,0,41375.7582631579,62834.003986022224,14.242105263157894,2716.9371578947366,190,60286.3517368421,8.757894736842106,1703.1528421052635,3,19,3,12,0
INV0544,Tech World,Office Equipment,2026-05-04,14,1368.3,19156.26,0,50436.67067961165,78785.82328290903,15.728155339805824,3009.856310679612,206,31280.41067961165,1.7281553398058254,1641.556310679612,5,4,0,19,0
INV0545,ABC Supplies,Office Equipment,2026-03-16,2,2875.22,5750.44,0,39308.7219047619,30437.02387711439,14.652380952380952,2675.61380952381,210,33558.2819047619,12.652380952380952,199.60619047619,3,16,0,12,0
INV0546,Prime Stationery,Stationery,2026-12-25,18,387.1,6967.81,0,49099.6287745098,118131.68858502238,16.75980392156863,2887.2864215686277,204,42131.81877450981,1.2401960784313708,2500.186421568628,12,25,4,52,0
INV0547,Prime Stationery,Software,2026-05-17,24,3400.87,81620.82,0,49099.6287745098,118131.68858502238,16.75980392156863,2887.2864215686277,204,32521.191225490205,7.240196078431371,513.5835784313722,5,17,6,20,1
INV0548,XYZ Traders,Software,2026-03-31,2,1750.53,3501.06,0,41375.7582631579,62834.003986022224,14.242105263157894,2716.9371578947366,190,37874.6982631579,12.242105263157894,966.4071578947368,3,31,1,14,0
INV0549,ABC Supplies,Furniture,2026-11-21,11,4510.01,49610.13,0,39308.7219047619,30437.02387711439,14.652380952380952,2675.61380952381,210,10301.408095238095,3.652380952380952,1834.3961904761904,11,21,5,47,1
INV0550,XYZ Traders,Furniture,2026-03-02,9,4462.97,40166.71,0,41375.7582631579,62834.003986022224,14.242105263157894,2716.9371578947366,190,1209.0482631578998,5.242105263157894,1746.0328421052636,3,2,0,10,0
INV0551,Global Office,Furniture,2026-05-18,12,1761.39,21136.74,0,45078.94052631578,49567.56191589249,17.58421052631579,2430.9345263157893,190,23942.20052631578,5.58421052631579,669.5445263157892,5,18,0,21,0
INV0552,XYZ Traders,Office Equipment,2026-02-19,17,4524.61,76918.41,0,41375.7582631579,62834.003986022224,14.242105263157894,2716.9371578947366,190,35542.651736842105,2.757894736842106,1807.672842105263,2,19,3,8,0
INV0553,XYZ Traders,Software,2026-09-16,15,4981.56,74723.35,0,41375.7582631579,62834.003986022224,14.242105263157894,2716.9371578947366,190,33347.59173684211,0.7578947368421058,2264.622842105264,9,16,2,38,0
INV0554,Prime Stationery,Office Equipment,2026-04-17,25,4162.0,104049.88,0,49099.6287745098,118131.68858502238,16.75980392156863,2887.2864215686277,204,54950.2512254902,8.24019607843137,1274.7135784313723,4,17,4,16,0
INV0555,Prime Stationery,Stationery,2026-04-23,17,4255.38,72341.5,0,49099.6287745098,118131.68858502238,16.75980392156863,2887.2864215686277,204,23241.8712254902,0.2401960784313708,1368.0935784313724,4,23,3,17,0
INV0556,Prime Stationery,Furniture,2026-12-16,26,1395.24,36276.29,0,49099.6287745098,118131.68858502238,16.75980392156863,2887.2864215686277,204,12823.3387745098,9.24019607843137,1492.0464215686277,12,16,2,51,0
INV0557,Global Office,Office Equipment,2026-09-11,29,2968.17,86076.97,0,45078.94052631578,49567.56191589249,17.58421052631579,2430.9345263157893,190,40998.02947368422,11.41578947368421,537.2354736842108,9,11,4,37,0
INV0558,Prime Stationery,Office Equipment,2026-04-28,26,522.83,13593.54,0,49099.6287745098,118131.68858502238,16.75980392156863,2887.2864215686277,204,35506.0887745098,9.24019607843137,2364.456421568628,4,28,1,18,0
INV0559,ABC Supplies,Stationery,2026-07-17,18,655.61,11800.91,0,39308.7219047619,30437.02387711439,14.652380952380952,2675.61380952381,210,27507.8119047619,3.347619047619048,2020.0038095238097,7,17,4,29,0
INV0560,Tech World,Electronics,2026-12-03,22,4994.68,109883.06,0,50436.67067961165,78785.82328290903,15.728155339805824,3009.856310679612,206,59446.38932038835,6.271844660194175,1984.8236893203884,12,3,3,49,0
INV0561,ABC Supplies,Software,2026-12-31,6,1767.87,10607.21,0,39308.7219047619,30437.02387711439,14.652380952380952,2675.61380952381,210,28701.5119047619,8.652380952380952,907.74380952381,12,31,3,53,0
INV0562,ABC Supplies,Electronics,2026-02-20,17,3791.28,64451.81,0,39308.7219047619,30437.02387711439,14.652380952380952,2675.61380952381,210,25143.088095238098,2.347619047619048,1115.6661904761904,2,20,4,8,0
INV0563,Prime Stationery,Furniture,2026-09-02,115,13903.31,1598880.9,1,49099.6287745098,118131.68858502238,16.75980392156863,2887.2864215686277,204,1549781.27122549,98.24019607843135,11016.023578431372,9,2,2,36,0
INV0564,Tech World,Office Equipment,2026-02-04,24,4318.51,103644.28,0,50436.67067961165,78785.82328290903,15.728155339805824,3009.856310679612,206,53207.60932038835,8.271844660194175,1308.6536893203884,2,4,2,6,0
INV0565,Tech World,Stationery,2026-10-29,18,4988.62,89795.08,0,50436.67067961165,78785.82328290903,15.728155339805824,3009.856310679612,206,39358.40932038835,2.271844660194174,1978.763689320388,10,29,3,44,0
INV0566,Tech World,Stationery,2026-03-10,8,1359.18,10873.47,0,50436.67067961165,78785.82328290903,15.728155339805824,3009.856310679612,206,39563.20067961165,7.728155339805825,1650.6763106796118,3,10,1,11,0
INV0567,Global Office,Software,2026-12-15,9,393.68,3543.16,0,45078.94052631578,49567.56191589249,17.58421052631579,2430.9345263157893,190,41535.78052631578,8.58421052631579,2037.2545263157892,12,15,1,51,0
INV0568,Prime Stationery,Electronics,2026-11-16,6,2173.72,13042.32,0,49099.6287745098,118131.68858502238,16.75980392156863,2887.2864215686277,204,36057.3087745098,10.75980392156863,713.5664215686279,11,16,0,47,0
INV0569,Tech World,Software,2026-02-18,5,824.39,4121.94,0,50436.67067961165,78785.82328290903,15.728155339805824,3009.856310679612,206,46314.730679611646,10.728155339805824,2185.466310679612,2,18,2,8,0
INV0570,Global Office,Office Equipment,2026-03-15,12,307.64,3691.73,0,45078.94052631578,49567.56191589249,17.58421052631579,2430.9345263157893,190,41387.21052631578,5.58421052631579,2123.2945263157894,3,15,6,11,1
INV0571,XYZ Traders,Software,2026-07-11,25,1930.05,48251.22,0,41375.7582631579,62834.003986022224,14.242105263157894,2716.9371578947366,190,6875.461736842102,10.757894736842106,786.8871578947367,7,11,5,28,1
INV0572,XYZ Traders,Stationery,2026-09-18,29,3961.94,114896.36,0,41375.7582631579,62834.003986022224,14.242105263157894,2716.9371578947366,190,73520.6017368421,14.757894736842106,1245.0028421052634,9,18,4,38,0
INV0573,Global Office,Stationery,2026-12-22,28,2917.67,81694.68,0,45078.94052631578,49567.56191589249,17.58421052631579,2430.9345263157893,190,36615.73947368421,10.41578947368421,486.7354736842108,12,22,1,52,0
INV0574,Global Office,Furniture,2026-03-11,11,1701.33,18714.68,0,45078.94052631578,49567.56191589249,17.58421052631579,2430.9345263157893,190,26364.260526315786,6.58421052631579,729.6045263157894,3,11,2,11,0
INV0575,Prime Stationery,Furniture,2026-03-31,25,3340.84,83521.04,0,49099.6287745098,118131.68858502238,16.75980392156863,2887.2864215686277,204,34421.41122549019,8.24019607843137,453.5535784313725,3,31,1,14,0
INV0576,Prime Stationery,Office Equipment,2026-09-17,1,1313.69,1313.69,0,49099.6287745098,118131.68858502238,16.75980392156863,2887.2864215686277,204,47785.9387745098,15.75980392156863,1573.5964215686276,9,17,3,38,0
INV0577,XYZ Traders,Electronics,2026-05-06,11,269.03,2959.34,0,41375.7582631579,62834.003986022224,14.242105263157894,2716.9371578947366,190,38416.4182631579,3.242105263157894,2447.907157894737,5,6,2,19,0
INV0578,Tech World,Software,2026-08-19,19,3868.9,73509.03,0,50436.67067961165,78785.82328290903,15.728155339805824,3009.856310679612,206,23072.35932038835,3.271844660194174,859.0436893203882,8,19,2,34,0
INV0579,XYZ Traders,Office Equipment,2026-10-22,9,3193.97,28745.7,0,41375.7582631579,62834.003986022224,14.242105263157894,2716.9371578947366,190,12630.058263157898,5.242105263157894,477.0328421052632,10,22,3,43,0
INV0580,Tech World,Furniture,2026-05-09,27,3859.05,104194.42,0,50436.67067961165,78785.82328290903,15.728155339805824,3009.856310679612,206,53757.74932038835,11.271844660194176,849.1936893203883,5,9,5,19,1
INV0581,Tech World,Software,2026-10-07,2,386.9,773.8,0,50436.67067961165,78785.82328290903,15.728155339805824,3009.856310679612,206,49662.870679611646,13.728155339805824,2622.956310679612,10,7,2,41,0
INV0582,Prime Stationery,Furniture,2026-11-09,12,4218.17,50618.09,0,49099.6287745098,118131.68858502238,16.75980392156863,2887.2864215686277,204,1518.461225490195,4.759803921568629,1330.8835784313724,11,9,0,46,0
INV0583,ABC Supplies,Software,2026-04-10,4,3173.73,12694.9,0,39308.7219047619,30437.02387711439,14.652380952380952,2675.61380952381,210,26613.8219047619,10.652380952380952,498.11619047619024,4,10,4,15,0
INV0584,ABC Supplies,Electronics,2026-11-22,4,2904.3,11617.19,0,39308.7219047619,30437.02387711439,14.652380952380952,2675.61380952381,210,27691.531904761898,10.652380952380952,228.6861904761904,11,22,6,47,1
INV0585,Global Office,Office Equipment,2026-10-24,18,3198.15,57566.65,0,45078.94052631578,49567.56191589249,17.58421052631579,2430.9345263157893,190,12487.70947368422,0.4157894736842102,767.2154736842108,10,24,5,43,1
INV0586,Prime Stationery,Software,2026-07-01,15,4349.28,65239.19,0,49099.6287745098,118131.68858502238,16.75980392156863,2887.2864215686277,204,16139.5612254902,1.7598039215686292,1461.993578431372,7,1,2,27,0
INV0587,Tech World,Stationery,2026-06-23,19,3017.3,57328.61,0,50436.67067961165,78785.82328290903,15.728155339805824,3009.856310679612,206,6891.939320388352,3.271844660194174,7.44368932038833,6,23,1,26,0
INV0588,ABC Supplies,Stationery,2026-11-12,13,2988.56,38851.3,0,39308.7219047619,30437.02387711439,14.652380952380952,2675.61380952381,210,457.4219047618972,1.6523809523809518,312.94619047619017,11,12,3,46,0
INV0589,Tech World,Software,2026-12-30,19,4955.26,94149.94,0,50436.67067961165,78785.82328290903,15.728155339805824,3009.856310679612,206,43713.269320388354,3.271844660194174,1945.4036893203884,12,30,2,53,0
INV0590,ABC Supplies,Software,2026-07-07,17,3832.3,65149.18,0,39308.7219047619,30437.02387711439,14.652380952380952,2675.61380952381,210,25840.4580952381,2.347619047619048,1156.6861904761904,7,7,1,28,0
INV0591,ABC Supplies,Software,2026-02-26,6,2323.01,13938.06,0,39308.7219047619,30437.02387711439,14.652380952380952,2675.61380952381,210,25370.661904761902,8.652380952380952,352.60380952380956,2,26,3,9,0
INV0592,ABC Supplies,Stationery,2026-01-31,16,3595.51,57528.09,0,39308.7219047619,30437.02387711439,14.652380952380952,2675.61380952381,210,18219.368095238096,1.3476190476190482,919.8961904761904,1,31,5,5,1
INV0593,Prime Stationery,Stationery,2026-03-25,24,2068.31,49639.35,0,49099.6287745098,118131.68858502238,16.75980392156863,2887.2864215686277,204,539.721225490197,7.240196078431371,818.9764215686278,3,25,2,13,0
INV0594,XYZ Traders,Software,2026-06-01,12,1298.6,15583.23,0,41375.7582631579,62834.003986022224,14.242105263157894,2716.9371578947366,190,25792.5282631579,2.242105263157894,1418.3371578947367,6,1,0,23,0
INV0595,Tech World,Furniture,2026-02-05,19,3064.89,58232.89,0,50436.67067961165,78785.82328290903,15.728155339805824,3009.856310679612,206,7796.219320388351,3.271844660194174,55.03368932038802,2,5,3,6,0
INV0596,Prime Stationery,Furniture,2026-08-01,5,4655.27,23276.37,0,49099.6287745098,118131.68858502238,16.75980392156863,2887.2864215686277,204,25823.258774509803,11.75980392156863,1767.9835784313727,8,1,5,31,1
INV0597,Prime Stationery,Electronics,2026-12-30,17,4659.87,79217.78,0,49099.6287745098,118131.68858502238,16.75980392156863,2887.2864215686277,204,30118.151225490197,0.2401960784313708,1772.5835784313722,12,30,2,53,0
INV0598,Prime Stationery,Office Equipment,2026-04-16,26,1841.15,47869.78,0,49099.6287745098,118131.68858502238,16.75980392156863,2887.2864215686277,204,1229.8487745098028,9.24019607843137,1046.1364215686276,4,16,3,16,0
INV0599,Prime Stationery,Furniture,2026-12-08,23,2732.85,62855.59,0,49099.6287745098,118131.68858502238,16.75980392156863,2887.2864215686277,204,13755.961225490197,6.240196078431371,154.4364215686278,12,8,1,50,0
INV0600,Prime Stationery,Stationery,2026-08-08,26,1215.85,31612.16,0,49099.6287745098,118131.68858502238,16.75980392156863,2887.2864215686277,204,17487.4687745098,9.24019607843137,1671.4364215686278,8,8,5,32,1
INV0601,Global Office,Furniture,2026-06-12,29,4979.03,144391.85,0,45078.94052631578,49567.56191589249,17.58421052631579,2430.9345263157893,190,99312.90947368422,11.41578947368421,2548.0954736842104,6,12,4,24,0
INV0602,Tech World,Electronics,2026-08-08,1,4909.37,4909.37,0,50436.67067961165,78785.82328290903,15.728155339805824,3009.856310679612,206,45527.300679611646,14.728155339805824,1899.513689320388,8,8,5,32,1
INV0603,Prime Stationery,Electronics,2026-09-27,28,3317.64,92894.0,0,49099.6287745098,118131.68858502238,16.75980392156863,2887.2864215686277,204,43794.3712254902,11.24019607843137,430.35357843137217,9,27,6,39,1
INV0604,Tech World,Office Equipment,2026-04-30,27,4061.19,109652.06,0,50436.67067961165,78785.82328290903,15.728155339805824,3009.856310679612,206,59215.38932038835,11.271844660194176,1051.3336893203882,4,30,3,18,0
INV0605,Global Office,Furniture,2026-12-02,25,3632.48,90812.02,0,45078.94052631578,49567.56191589249,17.58421052631579,2430.9345263157893,190,45733.07947368422,7.41578947368421,1201.5454736842107,12,2,2,49,0
INV0606,Global Office,Stationery,2026-07-01,24,3047.16,73131.83,0,45078.94052631578,49567.56191589249,17.58421052631579,2430.9345263157893,190,28052.88947368422,6.41578947368421,616.2254736842106,7,1,2,27,0
INV0607,Tech World,Stationery,2026-04-16,23,456.07,10489.62,0,50436.67067961165,78785.82328290903,15.728155339805824,3009.856310679612,206,39947.050679611646,7.271844660194175,2553.7863106796117,4,16,3,16,0
INV0608,ABC Supplies,Software,2026-08-05,10,2382.87,23828.69,0,39308.7219047619,30437.02387711439,14.652380952380952,2675.61380952381,210,15480.0319047619,4.652380952380952,292.7438095238099,8,5,2,32,0
INV0609,XYZ Traders,Stationery,2026-07-24,15,3438.97,51584.61,0,41375.7582631579,62834.003986022224,14.242105263157894,2716.9371578947366,190,10208.851736842102,0.7578947368421058,722.0328421052632,7,24,4,30,0
INV0610,ABC Supplies,Office Equipment,2026-03-11,23,3452.15,79399.49,0,39308.7219047619,30437.02387711439,14.652380952380952,2675.61380952381,210,40090.768095238105,8.347619047619048,776.5361904761903,3,11,2,11,0
INV0611,ABC Supplies,Office Equipment,2026-02-13,21,1990.99,41810.76,0,39308.7219047619,30437.02387711439,14.652380952380952,2675.61380952381,210,2502.038095238102,6.347619047619048,684.6238095238098,2,13,4,7,0
INV0612,ABC Supplies,Stationery,2026-11-25,21,4720.12,99122.55,0,39308.7219047619,30437.02387711439,14.652380952380952,2675.61380952381,210,59813.8280952381,6.347619047619048,2044.50619047619,11,25,2,48,0
INV0613,Prime Stationery,Stationery,2026-10-28,11,1003.31,11036.45,0,49099.6287745098,118131.68858502238,16.75980392156863,2887.2864215686277,204,38063.1787745098,5.759803921568629,1883.976421568628,10,28,2,44,0
INV0614,Global Office,Software,2026-08-16,13,2601.73,33822.43,0,45078.94052631578,49567.56191589249,17.58421052631579,2430.9345263157893,190,11256.510526315782,4.58421052631579,170.79547368421072,8,16,6,33,1
INV0615,ABC Supplies,Stationery,2026-07-03,5,3516.24,17581.22,0,39308.7219047619,30437.02387711439,14.652380952380952,2675.61380952381,210,21727.5019047619,9.652380952380952,840.62619047619,7,3,4,27,0
INV0616,Global Office,Software,2026-04-17,1,3546.25,3546.25,0,45078.94052631578,49567.56191589249,17.58421052631579,2430.9345263157893,190,41532.69052631578,16.58421052631579,1115.3154736842107,4,17,4,16,0
INV0617,Tech World,Software,2026-03-25,24,3313.47,79523.21,0,50436.67067961165,78785.82328290903,15.728155339805824,3009.856310679612,206,29086.53932038836,8.271844660194175,303.61368932038795,3,25,2,13,0
INV0618,XYZ Traders,Stationery,2026-12-04,12,1521.38,18256.6,0,41375.7582631579,62834.003986022224,14.242105263157894,2716.9371578947366,190,23119.1582631579,2.242105263157894,1195.5571578947363,12,4,4,49,0
INV0619,Tech World,Electronics,2026-09-07,11,949.79,10447.71,0,50436.67067961165,78785.82328290903,15.728155339805824,3009.856310679612,206,39988.96067961165,4.728155339805825,2060.066310679612,9,7,0,37,0
INV0620,Tech World,Electronics,2026-12-29,17,3252.51,55292.73,0,50436.67067961165,78785.82328290903,15.728155339805824,3009.856310679612,206,4856.0593203883545,1.2718446601941746,242.65368932038837,12,29,1,53,0
INV0621,Prime Stationery,Software,2026-01-21,4,3076.65,12306.6,0,49099.6287745098,118131.68858502238,16.75980392156863,2887.2864215686277,204,36793.0287745098,12.75980392156863,189.3635784313724,1,21,2,4,0
INV0622,XYZ Traders,Stationery,2026-07-15,15,1060.91,15913.63,0,41375.7582631579,62834.003986022224,14.242105263157894,2716.9371578947366,190,25462.1282631579,0.7578947368421058,1656.0271578947363,7,15,2,29,0
INV0623,Tech World,Electronics,2026-06-27,25,3584.67,89616.7,0,50436.67067961165,78785.82328290903,15.728155339805824,3009.856310679612,206,39180.02932038835,9.271844660194176,574.8136893203882,6,27,5,26,1
INV0624,Tech World,Stationery,2026-01-07,9,2384.83,21463.43,0,50436.67067961165,78785.82328290903,15.728155339805824,3009.856310679612,206,28973.24067961165,6.728155339805825,625.0263106796119,1,7,2,2,0
INV0625,XYZ Traders,Stationery,2026-03-11,21,3405.25,71510.27,0,41375.7582631579,62834.003986022224,14.242105263157894,2716.9371578947366,190,30134.511736842105,6.757894736842106,688.3128421052634,3,11,2,11,0
INV0626,XYZ Traders,Stationery,2026-05-07,20,4219.36,84387.24,0,41375.7582631579,62834.003986022224,14.242105263157894,2716.9371578947366,190,43011.481736842106,5.757894736842106,1502.422842105263,5,7,3,19,0
INV0627,Tech World,Furniture,2026-06-09,171,1014.7,173513.09,1,50436.67067961165,78785.82328290903,15.728155339805824,3009.856310679612,206,123076.41932038836,155.27184466019418,1995.156310679612,6,9,1,24,0
INV0628,XYZ Traders,Stationery,2026-09-05,19,291.9,5546.01,0,41375.7582631579,62834.003986022224,14.242105263157894,2716.9371578947366,190,35829.7482631579,4.757894736842106,2425.0371578947365,9,5,5,36,1
INV0629,Tech World,Furniture,2026-07-22,12,3939.69,47276.31,0,50436.67067961165,78785.82328290903,15.728155339805824,3009.856310679612,206,3160.360679611651,3.728155339805826,929.8336893203882,7,22,2,30,0
INV0630,Tech World,Software,2026-05-28,5,3126.55,15632.74,0,50436.67067961165,78785.82328290903,15.728155339805824,3009.856310679612,206,34803.93067961165,10.728155339805824,116.69368932038832,5,28,3,22,0
INV0631,Prime Stationery,Electronics,2026-05-23,10,3558.27,35582.7,0,49099.6287745098,118131.68858502238,16.75980392156863,2887.2864215686277,204,13516.928774509804,6.759803921568629,670.9835784313723,5,23,5,21,1
INV0632,ABC Supplies,Electronics,2026-07-18,17,4223.14,71793.45,0,39308.7219047619,30437.02387711439,14.652380952380952,2675.61380952381,210,32484.728095238097,2.347619047619048,1547.5261904761903,7,18,5,29,1
INV0633,Tech World,Electronics,2026-06-03,30,14843.7,445310.99,1,50436.67067961165,78785.82328290903,15.728155339805824,3009.856310679612,206,394874.3193203884,14.271844660194176,11833.843689320389,6,3,2,23,0
INV0634,Global Office,Electronics,2026-05-22,22,4812.42,105873.17,0,45078.94052631578,49567.56191589249,17.58421052631579,2430.9345263157893,190,60794.229473684216,4.41578947368421,2381.485473684211,5,22,4,21,0
INV0635,ABC Supplies,Electronics,2026-11-09,16,2772.49,44359.81,0,39308.7219047619,30437.02387711439,14.652380952380952,2675.61380952381,210,5051.088095238098,1.3476190476190482,96.87619047619,11,9,0,46,0
INV0636,ABC Supplies,Electronics,2026-06-14,7,2544.78,17813.45,0,39308.7219047619,30437.02387711439,14.652380952380952,2675.61380952381,210,21495.2719047619,7.652380952380952,130.83380952380958,6,14,6,24,1
INV0637,ABC Supplies,Electronics,2026-11-10,28,2129.06,59613.64,0,39308.7219047619,30437.02387711439,14.652380952380952,2675.61380952381,210,20304.9180952381,13.347619047619048,546.5538095238098,11,10,1,46,0
INV0638,Prime Stationery,Software,2026-01-21,9,937.72,8439.45,0,49099.6287745098,118131.68858502238,16.75980392156863,2887.2864215686277,204,40660.1787745098,7.759803921568629,1949.5664215686277,1,21,2,4,0
INV0639,Tech World,Stationery,2026-03-23,3,2948.51,8845.54,0,50436.67067961165,78785.82328290903,15.728155339805824,3009.856310679612,206,41591.13067961165,12.728155339805824,61.34631067961163,3,23,0,13,0
INV0640,Prime Stationery,Office Equipment,2026-03-10,15,1529.66,22944.9,0,49099.6287745098,118131.68858502238,16.75980392156863,2887.2864215686277,204,26154.7287745098,1.7598039215686292,1357.6264215686276,3,10,1,11,0
INV0641,Tech World,Furniture,2026-05-11,16,4622.28,73956.42,0,50436.67067961165,78785.82328290903,15.728155339805824,3009.856310679612,206,23519.74932038835,0.2718446601941746,1612.423689320388,5,11,0,20,0
INV0642,Prime Stationery,Office Equipment,2026-03-28,18,2999.32,53987.69,0,49099.6287745098,118131.68858502238,16.75980392156863,2887.2864215686277,204,4888.061225490201,1.2401960784313708,112.03357843137246,3,28,5,13,1
INV0643,Prime Stationery,Office Equipment,2026-08-06,14,3045.63,42638.86,0,49099.6287745098,118131.68858502238,16.75980392156863,2887.2864215686277,204,6460.768774509801,2.759803921568629,158.3435784313724,8,6,3,32,0
INV0644,Global Office,Stationery,2026-11-01,3,1903.64,5710.92,0,45078.94052631578,49567.56191589249,17.58421052631579,2430.9345263157893,190,39368.020526315784,14.58421052631579,527.2945263157892,11,1,6,44,1
INV0645,Prime Stationery,Stationery,2026-12-11,12,4042.92,48515.02,1,49099.6287745098,118131.68858502238,16.75980392156863,2887.2864215686277,204,584.6087745098048,4.759803921568629,1155.6335784313724,12,11,4,50,0
INV0646,XYZ Traders,Stationery,2026-12-07,9,352.37,3171.33,0,41375.7582631579,62834.003986022224,14.242105263157894,2716.9371578947366,190,38204.4282631579,5.242105263157894,2364.5671578947367,12,7,0,50,0
INV0647,Global Office,Electronics,2026-06-10,28,2232.01,62496.24,0,45078.94052631578,49567.56191589249,17.58421052631579,2430.9345263157893,190,17417.299473684216,10.41578947368421,198.92452631578908,6,10,2,24,0
INV0648,Prime Stationery,Software,2026-06-27,7,605.91,4241.4,0,49099.6287745098,118131.68858502238,16.75980392156863,2887.2864215686277,204,44858.2287745098,9.75980392156863,2281.376421568628,6,27,5,26,1
INV0649,ABC Supplies,Electronics,2026-04-27,9,3112.87,28015.79,0,39308.7219047619,30437.02387711439,14.652380952380952,2675.61380952381,210,11292.9319047619,5.652380952380952,437.2561904761901,4,27,0,18,0
INV0650,XYZ Traders,Software,2026-07-15,13,4428.67,57572.72,0,41375.7582631579,62834.003986022224,14.242105263157894,2716.9371578947366,190,16196.961736842102,1.2421052631578942,1711.7328421052634,7,15,2,29,0
INV0651,XYZ Traders,Software,2026-11-23,18,4437.99,79883.84,0,41375.7582631579,62834.003986022224,14.242105263157894,2716.9371578947366,190,38508.0817368421,3.757894736842106,1721.0528421052632,11,23,0,48,0
INV0652,XYZ Traders,Office Equipment,2026-03-27,5,3363.42,16817.09,0,41375.7582631579,62834.003986022224,14.242105263157894,2716.9371578947366,190,24558.6682631579,9.242105263157894,646.4828421052634,3,27,4,13,0
INV0653,Global Office,Office Equipment,2026-10-16,13,1213.91,15780.87,0,45078.94052631578,49567.56191589249,17.58421052631579,2430.9345263157893,190,29298.07052631578,4.58421052631579,1217.0245263157892,10,16,4,42,0
INV0654,Prime Stationery,Software,2026-03-22,4,22149.16,88596.62,1,49099.6287745098,118131.68858502238,16.75980392156863,2887.2864215686277,204,39496.991225490194,12.75980392156863,19261.873578431372,3,22,6,12,1
INV0655,Prime Stationery,Software,2026-06-01,2,4453.25,8906.5,0,49099.6287745098,118131.68858502238,16.75980392156863,2887.2864215686277,204,40193.1287745098,14.75980392156863,1565.9635784313723,6,1,0,23,0
INV0656,ABC Supplies,Electronics,2026-03-02,16,1143.94,18303.0,0,39308.7219047619,30437.02387711439,14.652380952380952,2675.61380952381,210,21005.7219047619,1.3476190476190482,1531.6738095238095,3,2,0,10,0
INV0657,ABC Supplies,Electronics,2026-03-02,9,3739.65,33656.81,0,39308.7219047619,30437.02387711439,14.652380952380952,2675.61380952381,210,5651.911904761902,5.652380952380952,1064.0361904761903,3,2,0,10,0
INV0658,XYZ Traders,Office Equipment,2026-12-20,9,1575.29,14177.64,0,41375.7582631579,62834.003986022224,14.242105263157894,2716.9371578947366,190,27198.1182631579,5.242105263157894,1141.647157894737,12,20,6,51,1
INV0659,ABC Supplies,Stationery,2026-01-28,6,4052.67,24316.04,0,39308.7219047619,30437.02387711439,14.652380952380952,2675.61380952381,210,14992.6819047619,8.652380952380952,1377.0561904761903,1,28,2,5,0
INV0660,Global Office,Software,2026-02-12,11,4986.74,54854.16,0,45078.94052631578,49567.56191589249,17.58421052631579,2430.9345263157893,190,9775.21947368422,6.58421052631579,2555.8054736842105,2,12,3,7,0
INV0661,Prime Stationery,Electronics,2026-06-18,22,344.12,7570.75,0,49099.6287745098,118131.68858502238,16.75980392156863,2887.2864215686277,204,41528.8787745098,5.240196078431371,2543.166421568628,6,18,3,25,0
INV0662,XYZ Traders,Office Equipment,2026-03-27,24,4507.36,108176.55,0,41375.7582631579,62834.003986022224,14.242105263157894,2716.9371578947366,190,66800.7917368421,9.757894736842106,1790.422842105263,3,27,4,13,0
INV0663,ABC Supplies,Electronics,2026-06-26,22,3188.63,70149.78,0,39308.7219047619,30437.02387711439,14.652380952380952,2675.61380952381,210,30841.0580952381,7.347619047619048,513.0161904761903,6,26,4,26,0
INV0664,Global Office,Software,2026-01-17,1,4872.24,4872.24,0,45078.94052631578,49567.56191589249,17.58421052631579,2430.9345263157893,190,40206.700526315784,16.58421052631579,2441.3054736842105,1,17,5,3,1
INV0665,Global Office,Software,2026-04-08,4,2432.05,9728.18,0,45078.94052631578,49567.56191589249,17.58421052631579,2430.9345263157893,190,35350.76052631578,13.58421052631579,1.1154736842108832,4,8,2,15,0
INV0666,ABC Supplies,Furniture,2026-07-17,13,4267.46,55477.01,0,39308.7219047619,30437.02387711439,14.652380952380952,2675.61380952381,210,16168.288095238102,1.6523809523809518,1591.8461904761905,7,17,4,29,0
INV0667,Prime Stationery,Stationery,2026-04-08,23,499.49,11488.31,0,49099.6287745098,118131.68858502238,16.75980392156863,2887.2864215686277,204,37611.31877450981,6.240196078431371,2387.796421568628,4,8,2,15,0
INV0668,ABC Supplies,Furniture,2026-03-06,13,1809.34,23521.41,0,39308.7219047619,30437.02387711439,14.652380952380952,2675.61380952381,210,15787.3119047619,1.6523809523809518,866.2738095238099,3,6,4,10,0
INV0669,XYZ Traders,Office Equipment,2026-11-26,13,521.68,6781.83,0,41375.7582631579,62834.003986022224,14.242105263157894,2716.9371578947366,190,34593.9282631579,1.2421052631578942,2195.257157894737,11,26,3,48,0
INV0670,ABC Supplies,Electronics,2026-12-07,2,4881.65,9763.29,0,39308.7219047619,30437.02387711439,14.652380952380952,2675.61380952381,210,29545.4319047619,12.652380952380952,2206.03619047619,12,7,0,50,0
INV0671,Global Office,Office Equipment,2026-01-05,9,4121.47,37093.27,0,45078.94052631578,49567.56191589249,17.58421052631579,2430.9345263157893,190,7985.6705263157855,8.58421052631579,1690.535473684211,1,5,0,2,0
INV0672,ABC Supplies,Software,2026-01-02,24,4292.23,103013.46,0,39308.7219047619,30437.02387711439,14.652380952380952,2675.61380952381,210,63704.738095238106,9.347619047619048,1616.6161904761898,1,2,4,1,0
INV0673,Prime Stationery,Furniture,2026-01-22,8,4702.23,37617.86,0,49099.6287745098,118131.68858502238,16.75980392156863,2887.2864215686277,204,11481.7687745098,8.75980392156863,1814.943578431372,1,22,3,4,0
INV0674,Tech World,Furniture,2026-04-22,7,608.5,4259.48,0,50436.67067961165,78785.82328290903,15.728155339805824,3009.856310679612,206,46177.19067961165,8.728155339805825,2401.356310679612,4,22,2,17,0
INV0675,ABC Supplies,Furniture,2026-02-26,4,2050.87,8203.47,0,39308.7219047619,30437.02387711439,14.652380952380952,2675.61380952381,210,31105.2519047619,10.652380952380952,624.7438095238099,2,26,3,9,0
INV0676,Prime Stationery,Office Equipment,2026-03-07,18,540.97,9737.41,0,49099.6287745098,118131.68858502238,16.75980392156863,2887.2864215686277,204,39362.218774509805,1.2401960784313708,2346.316421568627,3,7,5,10,1
INV0677,Prime Stationery,Software,2026-11-26,3,1211.81,3635.42,0,49099.6287745098,118131.68858502238,16.75980392156863,2887.2864215686277,204,45464.2087745098,13.75980392156863,1675.4764215686278,11,26,3,48,0
INV0678,Global Office,Electronics,2026-04-08,28,1300.96,36426.76,0,45078.94052631578,49567.56191589249,17.58421052631579,2430.9345263157893,190,8652.18052631578,10.41578947368421,1129.9745263157893,4,8,2,15,0
INV0679,Prime Stationery,Electronics,2026-05-24,6,2451.71,14710.29,0,49099.6287745098,118131.68858502238,16.75980392156863,2887.2864215686277,204,34389.3387745098,10.75980392156863,435.57642156862767,5,24,6,21,1
INV0680,Prime Stationery,Office Equipment,2026-05-05,12,1489.1,17869.18,0,49099.6287745098,118131.68858502238,16.75980392156863,2887.2864215686277,204,31230.4487745098,4.759803921568629,1398.1864215686278,5,5,1,19,0
INV0681,Prime Stationery,Furniture,2026-06-16,12,684.69,8216.34,0,49099.6287745098,118131.68858502238,16.75980392156863,2887.2864215686277,204,40883.2887745098,4.759803921568629,2202.5964215686276,6,16,1,25,0
INV0682,Prime Stationery,Stationery,2026-03-27,21,1003.96,21083.1,0,49099.6287745098,118131.68858502238,16.75980392156863,2887.2864215686277,204,28016.528774509803,4.240196078431371,1883.3264215686277,3,27,4,13,0
INV0683,XYZ Traders,Office Equipment,2026-03-17,28,906.92,25393.84,0,41375.7582631579,62834.003986022224,14.242105263157894,2716.9371578947366,190,15981.9182631579,13.757894736842106,1810.0171578947368,3,17,1,12,0
INV0684,XYZ Traders,Office Equipment,2026-12-10,8,4870.77,38966.15,0,41375.7582631579,62834.003986022224,14.242105263157894,2716.9371578947366,190,2409.6082631578975,6.242105263157894,2153.832842105264,12,10,3,50,0
INV0685,Global Office,Software,2026-10-21,22,3844.6,84581.29,0,45078.94052631578,49567.56191589249,17.58421052631579,2430.9345263157893,190,39502.34947368421,4.41578947368421,1413.6654736842106,10,21,2,43,0
INV0686,ABC Supplies,Electronics,2026-02-28,22,4845.26,106595.61,0,39308.7219047619,30437.02387711439,14.652380952380952,2675.61380952381,210,67286.8880952381,7.347619047619048,2169.6461904761904,2,28,5,9,1
INV0687,Prime Stationery,Office Equipment,2026-05-18,1,2310.75,2310.75,0,49099.6287745098,118131.68858502238,16.75980392156863,2887.2864215686277,204,46788.8787745098,15.75980392156863,576.5364215686277,5,18,0,21,0
INV0688,ABC Supplies,Office Equipment,2026-04-09,4,1536.17,6144.67,0,39308.7219047619,30437.02387711439,14.652380952380952,2675.61380952381,210,33164.0519047619,10.652380952380952,1139.4438095238097,4,9,3,15,0
INV0689,ABC Supplies,Furniture,2026-07-11,21,4031.81,84667.95,0,39308.7219047619,30437.02387711439,14.652380952380952,2675.61380952381,210,45359.2280952381,6.347619047619048,1356.1961904761902,7,11,5,28,1
INV0690,Global Office,Furniture,2026-08-31,28,1766.02,49448.53,0,45078.94052631578,49567.56191589249,17.58421052631579,2430.9345263157893,190,4369.5894736842165,10.41578947368421,664.9145263157893,8,31,0,36,0
INV0691,Prime Stationery,Stationery,2026-11-15,11,1637.04,18007.44,0,49099.6287745098,118131.68858502238,16.75980392156863,2887.2864215686277,204,31092.188774509803,5.759803921568629,1250.2464215686275,11,15,6,46,1
INV0692,Prime Stationery,Software,2026-02-18,3,1316.03,3948.09,0,49099.6287745098,118131.68858502238,16.75980392156863,2887.2864215686277,204,45151.5387745098,13.75980392156863,1571.2564215686275,2,18,2,8,0
INV0693,Tech World,Stationery,2026-02-01,13,822.46,10691.97,0,50436.67067961165,78785.82328290903,15.728155339805824,3009.856310679612,206,39744.70067961165,2.728155339805826,2187.396310679612,2,1,6,5,1
INV0694,ABC Supplies,Furniture,2026-10-04,25,1431.02,35775.57,0,39308.7219047619,30437.02387711439,14.652380952380952,2675.61380952381,210,3533.1519047619004,10.347619047619048,1244.5938095238098,10,4,6,40,1
INV0695,ABC Supplies,Electronics,2026-01-20,17,1905.53,32394.09,0,39308.7219047619,30437.02387711439,14.652380952380952,2675.61380952381,210,6914.6319047619,2.347619047619048,770.0838095238098,1,20,1,4,0
INV0696,XYZ Traders,Furniture,2026-06-03,22,3435.17,75573.79,0,41375.7582631579,62834.003986022224,14.242105263157894,2716.9371578947366,190,34198.031736842095,7.757894736842106,718.2328421052634,6,3,2,23,0
INV0697,Tech World,Software,2026-03-09,22,500.31,11006.85,0,50436.67067961165,78785.82328290903,15.728155339805824,3009.856310679612,206,39429.82067961165,6.271844660194175,2509.546310679612,3,9,0,11,0
INV0698,XYZ Traders,Furniture,2026-08-02,10,1210.43,12104.33,0,41375.7582631579,62834.003986022224,14.242105263157894,2716.9371578947366,190,29271.428263157897,4.242105263157894,1506.5071578947366,8,2,6,31,1
INV0699,XYZ Traders,Software,2026-05-23,21,4083.31,85749.58,0,41375.7582631579,62834.003986022224,14.242105263157894,2716.9371578947366,190,44373.8217368421,6.757894736842106,1366.372842105263,5,23,5,21,1
INV0700,XYZ Traders,Software,2026-08-20,12,905.23,10862.7,0,41375.7582631579,62834.003986022224,14.242105263157894,2716.9371578947366,190,30513.0582631579,2.242105263157894,1811.7071578947368,8,20,3,34,0
INV0701,Global Office,Software,2026-08-01,15,1844.7,27670.45,0,45078.94052631578,49567.56191589249,17.58421052631579,2430.9345263157893,190,17408.49052631578,2.5842105263157897,586.2345263157893,8,1,5,31,1
INV0702,Global Office,Software,2026-03-20,21,4350.36,91357.62,0,45078.94052631578,49567.56191589249,17.58421052631579,2430.9345263157893,190,46278.67947368421,3.4157894736842103,1919.4254736842104,3,20,4,12,0
INV0703,XYZ Traders,Software,2026-08-02,10,943.64,9436.41,0,41375.7582631579,62834.003986022224,14.242105263157894,2716.9371578947366,190,31939.3482631579,4.242105263157894,1773.2971578947368,8,2,6,31,1
INV0704,Tech World,Electronics,2026-04-26,14,597.14,8359.92,0,50436.67067961165,78785.82328290903,15.728155339805824,3009.856310679612,206,42076.75067961165,1.7281553398058254,2412.716310679612,4,26,6,17,1
INV0705,ABC Supplies,Stationery,2026-04-02,13,2525.78,32835.17,0,39308.7219047619,30437.02387711439,14.652380952380952,2675.61380952381,210,6473.551904761902,1.6523809523809518,149.83380952380958,4,2,3,14,0
INV0706,Tech World,Office Equipment,2026-09-27,5,1651.61,8258.07,0,50436.67067961165,78785.82328290903,15.728155339805824,3009.856310679612,206,42178.60067961165,10.728155339805824,1358.246310679612,9,27,6,39,1
INV0707,Prime Stationery,Stationery,2026-06-17,6,2904.36,17426.16,0,49099.6287745098,118131.68858502238,16.75980392156863,2887.2864215686277,204,31673.4687745098,10.75980392156863,17.073578431372425,6,17,2,25,0
INV0708,Global Office,Software,2026-02-27,24,4058.26,97398.32,0,45078.94052631578,49567.56191589249,17.58421052631579,2430.9345263157893,190,52319.379473684225,6.41578947368421,1627.325473684211,2,27,4,9,0
INV0709,ABC Supplies,Electronics,2026-10-11,2,858.31,1716.63,0,39308.7219047619,30437.02387711439,14.652380952380952,2675.61380952381,210,37592.0919047619,12.652380952380952,1817.3038095238096,10,11,6,41,1
INV0710,ABC Supplies,Furniture,2026-01-26,22,2987.36,65721.82,0,39308.7219047619,30437.02387711439,14.652380952380952,2675.61380952381,210,26413.098095238107,7.347619047619048,311.74619047619035,1,26,0,5,0
INV0711,Prime Stationery,Electronics,2026-03-07,17,2626.44,44649.51,0,49099.6287745098,118131.68858502238,16.75980392156863,2887.2864215686277,204,4450.1187745098,0.2401960784313708,260.84642156862765,3,7,5,10,1
INV0712,Prime Stationery,Software,2026-09-05,4,891.58,3566.31,0,49099.6287745098,118131.68858502238,16.75980392156863,2887.2864215686277,204,45533.31877450981,12.75980392156863,1995.706421568628,9,5,5,36,1
INV0713,XYZ Traders,Electronics,2026-09-11,14,3195.19,44732.7,0,41375.7582631579,62834.003986022224,14.242105263157894,2716.9371578947366,190,3356.941736842098,0.2421052631578941,478.2528421052634,9,11,4,37,0
INV0714,Global Office,Electronics,2026-02-13,10,1513.47,15134.74,0,45078.94052631578,49567.56191589249,17.58421052631579,2430.9345263157893,190,29944.200526315784,7.58421052631579,917.4645263157892,2,13,4,7,0
INV0715,Global Office,Software,2026-04-07,3,2541.6,7624.81,0,45078.94052631578,49567.56191589249,17.58421052631579,2430.9345263157893,190,37454.130526315785,14.58421052631579,110.6654736842106,4,7,1,15,0
INV0716,Tech World,Electronics,2026-02-11,25,594.91,14872.68,0,50436.67067961165,78785.82328290903,15.728155339805824,3009.856310679612,206,35563.99067961165,9.271844660194176,2414.946310679612,2,11,2,7,0
INV0717,XYZ Traders,Office Equipment,2026-08-15,3,2406.0,7218.01,0,41375.7582631579,62834.003986022224,14.242105263157894,2716.9371578947366,190,34157.7482631579,11.242105263157894,310.93715789473663,8,15,5,33,1
INV0718,XYZ Traders,Office Equipment,2026-09-19,15,1671.02,25065.37,0,41375.7582631579,62834.003986022224,14.242105263157894,2716.9371578947366,190,16310.3882631579,0.7578947368421058,1045.9171578947366,9,19,5,38,1
INV0719,XYZ Traders,Electronics,2026-06-16,6,4147.43,24884.58,0,41375.7582631579,62834.003986022224,14.242105263157894,2716.9371578947366,190,16491.178263157897,8.242105263157894,1430.4928421052637,6,16,1,25,0
INV0720,XYZ Traders,Furniture,2026-10-06,17,473.5,8049.46,0,41375.7582631579,62834.003986022224,14.242105263157894,2716.9371578947366,190,33326.2982631579,2.757894736842106,2243.4371578947366,10,6,1,41,0
INV0721,Global Office,Software,2026-03-30,12,2209.31,26511.78,0,45078.94052631578,49567.56191589249,17.58421052631579,2430.9345263157893,190,18567.160526315783,5.58421052631579,221.62452631578935,3,30,0,14,0
INV0722,Global Office,Office Equipment,2026-06-27,22,2400.47,52810.36,0,45078.94052631578,49567.56191589249,17.58421052631579,2430.9345263157893,190,7731.419473684218,4.41578947368421,30.4645263157895,6,27,5,26,1
INV0723,XYZ Traders,Furniture,2026-07-16,20,3680.03,73600.58,0,41375.7582631579,62834.003986022224,14.242105263157894,2716.9371578947366,190,32224.821736842103,5.757894736842106,963.0928421052636,7,16,3,29,0
INV0724,Tech World,Electronics,2026-11-03,24,2956.58,70957.93,0,50436.67067961165,78785.82328290903,15.728155339805824,3009.856310679612,206,20521.259320388344,8.271844660194175,53.276310679611925,11,3,1,45,0
INV0725,ABC Supplies,Furniture,2026-09-24,29,3402.62,98675.96,0,39308.7219047619,30437.02387711439,14.652380952380952,2675.61380952381,210,59367.238095238106,14.347619047619048,727.0061904761901,9,24,3,39,0
INV0726,ABC Supplies,Stationery,2026-09-25,11,3929.84,43228.2,0,39308.7219047619,30437.02387711439,14.652380952380952,2675.61380952381,210,3919.478095238097,3.652380952380952,1254.2261904761904,9,25,4,39,0
INV0727,Tech World,Office Equipment,2026-03-15,25,4338.57,108464.36,0,50436.67067961165,78785.82328290903,15.728155339805824,3009.856310679612,206,58027.68932038835,9.271844660194176,1328.713689320388,3,15,6,11,1
INV0728,XYZ Traders,Electronics,2026-01-08,4,1706.6,6826.41,0,41375.7582631579,62834.003986022224,14.242105263157894,2716.9371578947366,190,34549.348263157895,10.242105263157894,1010.3371578947368,1,8,3,2,0
INV0729,Global Office,Software,2026-10-24,26,2782.51,72345.23,0,45078.94052631578,49567.56191589249,17.58421052631579,2430.9345263157893,190,27266.289473684217,8.41578947368421,351.5754736842109,10,24,5,43,1
INV0730,ABC Supplies,Electronics,2026-06-13,28,4232.52,118510.53,0,39308.7219047619,30437.02387711439,14.652380952380952,2675.61380952381,210,79201.8080952381,13.347619047619048,1556.906190476191,6,13,5,24,1
INV0731,Prime Stationery,Software,2026-03-26,26,4949.37,128683.5,0,49099.6287745098,118131.68858502238,16.75980392156863,2887.2864215686277,204,79583.8712254902,9.24019607843137,2062.083578431372,3,26,3,13,0
INV0732,Prime Stationery,Electronics,2026-03-13,6,4469.69,26818.16,0,49099.6287745098,118131.68858502238,16.75980392156863,2887.2864215686277,204,22281.4687745098,10.75980392156863,1582.403578431372,3,13,4,11,0
INV0733,Tech World,Furniture,2026-02-24,1,1983.04,1983.04,0,50436.67067961165,78785.82328290903,15.728155339805824,3009.856310679612,206,48453.63067961165,14.728155339805824,1026.816310679612,2,24,1,9,0
INV0734,XYZ Traders,Furniture,2026-02-16,20,1136.8,22735.99,0,41375.7582631579,62834.003986022224,14.242105263157894,2716.9371578947366,190,18639.768263157897,5.757894736842106,1580.137157894737,2,16,0,8,0
INV0735,ABC Supplies,Furniture,2026-08-26,23,2549.08,58628.94,0,39308.7219047619,30437.02387711439,14.652380952380952,2675.61380952381,210,19320.218095238102,8.347619047619048,126.53380952380984,8,26,2,35,0
INV0736,XYZ Traders,Stationery,2026-04-14,28,3759.88,105276.61,0,41375.7582631579,62834.003986022224,14.242105263157894,2716.9371578947366,190,63900.8517368421,13.757894736842106,1042.9428421052637,4,14,1,16,0
INV0737,ABC Supplies,Software,2026-07-29,16,2564.33,41029.3,0,39308.7219047619,30437.02387711439,14.652380952380952,2675.61380952381,210,1720.5780952381028,1.3476190476190482,111.28380952380984,7,29,2,31,0
INV0738,Tech World,Furniture,2026-02-11,15,2519.27,37789.02,0,50436.67067961165,78785.82328290903,15.728155339805824,3009.856310679612,206,12647.650679611652,0.7281553398058254,490.5863106796118,2,11,2,7,0
INV0739,Tech World,Stationery,2026-11-12,17,4223.51,71799.6,0,50436.67067961165,78785.82328290903,15.728155339805824,3009.856310679612,206,21362.929320388357,1.2718446601941746,1213.6536893203884,11,12,3,46,0
INV0740,Prime Stationery,Software,2026-09-25,8,18246.24,145969.9,1,49099.6287745098,118131.68858502238,16.75980392156863,2887.2864215686277,204,96870.2712254902,8.75980392156863,15358.953578431374,9,25,4,39,0
INV0741,XYZ Traders,Electronics,2026-09-20,28,4327.01,121156.4,0,41375.7582631579,62834.003986022224,14.242105263157894,2716.9371578947366,190,79780.6417368421,13.757894736842106,1610.0728421052636,9,20,6,38,1
INV0742,Prime Stationery,Stationery,2026-12-02,26,2152.66,55969.24,0,49099.6287745098,118131.68858502238,16.75980392156863,2887.2864215686277,204,6869.611225490196,9.24019607843137,734.6264215686278,12,2,2,49,0
INV0743,XYZ Traders,Office Equipment,2026-12-31,12,1775.52,21306.23,0,41375.7582631579,62834.003986022224,14.242105263157894,2716.9371578947366,190,20069.5282631579,2.242105263157894,941.4171578947366,12,31,3,53,0
INV0744,Prime Stationery,Stationery,2026-09-16,27,2379.15,64237.09,0,49099.6287745098,118131.68858502238,16.75980392156863,2887.2864215686277,204,15137.461225490197,10.24019607843137,508.1364215686276,9,16,2,38,0
INV0745,Global Office,Stationery,2026-10-10,22,3859.75,84914.4,0,45078.94052631578,49567.56191589249,17.58421052631579,2430.9345263157893,190,39835.45947368421,4.41578947368421,1428.8154736842107,10,10,5,41,1
INV0746,Global Office,Software,2026-04-24,21,804.81,16901.0,0,45078.94052631578,49567.56191589249,17.58421052631579,2430.9345263157893,190,28177.940526315782,3.4157894736842103,1626.1245263157894,4,24,4,17,0
INV0747,Global Office,Electronics,2026-12-29,10,1142.81,11428.12,0,45078.94052631578,49567.56191589249,17.58421052631579,2430.9345263157893,190,33650.82052631578,7.58421052631579,1288.1245263157894,12,29,1,53,0
INV0748,Global Office,Office Equipment,2026-02-09,27,4766.94,128707.25,0,45078.94052631578,49567.56191589249,17.58421052631579,2430.9345263157893,190,83628.30947368422,9.41578947368421,2336.0054736842103,2,9,0,7,0
INV0749,ABC Supplies,Furniture,2026-08-08,15,1042.36,15635.4,0,39308.7219047619,30437.02387711439,14.652380952380952,2675.61380952381,210,23673.3219047619,0.3476190476190481,1633.25380952381,8,8,5,32,1
INV0750,Global Office,Furniture,2026-05-09,9,2925.09,26325.82,0,45078.94052631578,49567.56191589249,17.58421052631579,2430.9345263157893,190,18753.120526315783,8.58421052631579,494.1554736842109,5,9,5,19,1
INV0751,Tech World,Stationery,2026-01-08,2,2980.71,5961.42,0,50436.67067961165,78785.82328290903,15.728155339805824,3009.856310679612,206,44475.25067961165,13.728155339805824,29.146310679611815,1,8,3,2,0
INV0752,Tech World,Software,2026-04-11,5,2550.2,12750.99,0,50436.67067961165,78785.82328290903,15.728155339805824,3009.856310679612,206,37685.68067961165,10.728155339805824,459.656310679612,4,11,5,15,1
INV0753,ABC Supplies,Software,2026-06-25,6,3294.78,19768.66,0,39308.7219047619,30437.02387711439,14.652380952380952,2675.61380952381,210,19540.0619047619,8.652380952380952,619.1661904761904,6,25,3,26,0
INV0754,Global Office,Furniture,2026-04-17,7,1303.17,9122.18,0,45078.94052631578,49567.56191589249,17.58421052631579,2430.9345263157893,190,35956.76052631578,10.58421052631579,1127.7645263157892,4,17,4,16,0
INV0755,Global Office,Office Equipment,2026-04-11,21,2852.78,59908.36,0,45078.94052631578,49567.56191589249,17.58421052631579,2430.9345263157893,190,14829.419473684218,3.4157894736842103,421.8454736842109,4,11,5,15,1
INV0756,Global Office,Electronics,2026-09-17,25,1986.43,49660.79,0,45078.94052631578,49567.56191589249,17.58421052631579,2430.9345263157893,190,4581.8494736842185,7.41578947368421,444.5045263157893,9,17,3,38,0
INV0757,Prime Stationery,Office Equipment,2026-09-03,1,3376.0,3376.0,0,49099.6287745098,118131.68858502238,16.75980392156863,2887.2864215686277,204,45723.6287745098,15.75980392156863,488.7135784313723,9,3,3,36,0
INV0758,XYZ Traders,Electronics,2026-10-02,23,877.87,20191.08,0,41375.7582631579,62834.003986022224,14.242105263157894,2716.9371578947366,190,21184.678263157897,8.757894736842106,1839.0671578947367,10,2,4,40,0
INV0759,Prime Stationery,Furniture,2026-02-01,26,2940.21,76445.5,0,49099.6287745098,118131.68858502238,16.75980392156863,2887.2864215686277,204,27345.8712254902,9.24019607843137,52.923578431372334,2,1,6,5,1
INV0760,XYZ Traders,Electronics,2026-05-17,7,1089.3,7625.08,0,41375.7582631579,62834.003986022224,14.242105263157894,2716.9371578947366,190,33750.6782631579,7.242105263157894,1627.637157894737,5,17,6,20,1
INV0761,Global Office,Software,2026-01-12,20,1537.49,30749.73,0,45078.94052631578,49567.56191589249,17.58421052631579,2430.9345263157893,190,14329.210526315785,2.4157894736842103,893.4445263157893,1,12,0,3,0
INV0762,Global Office,Stationery,2026-10-29,25,1249.81,31245.18,0,45078.94052631578,49567.56191589249,17.58421052631579,2430.9345263157893,190,13833.760526315782,7.41578947368421,1181.1245263157894,10,29,3,44,0
INV0763,Prime Stationery,Stationery,2026-01-16,12,1077.62,12931.46,0,49099.6287745098,118131.68858502238,16.75980392156863,2887.2864215686277,204,36168.1687745098,4.759803921568629,1809.666421568628,1,16,4,3,0
INV0764,Prime Stationery,Furniture,2026-05-09,16,4163.41,66614.6,0,49099.6287745098,118131.68858502238,16.75980392156863,2887.2864215686277,204,17514.971225490204,0.7598039215686292,1276.1235784313722,5,9,5,19,1
INV0765,XYZ Traders,Software,2026-03-04,16,1571.4,25142.34,0,41375.7582631579,62834.003986022224,14.242105263157894,2716.9371578947366,190,16233.4182631579,1.7578947368421058,1145.5371578947363,3,4,2,10,0
INV0766,Tech World,Office Equipment,2026-04-19,11,4650.19,51152.14,0,50436.67067961165,78785.82328290903,15.728155339805824,3009.856310679612,206,715.4693203883508,4.728155339805825,1640.3336893203875,4,19,6,16,1
INV0767,XYZ Traders,Software,2026-01-21,21,4855.65,101968.59,0,41375.7582631579,62834.003986022224,14.242105263157894,2716.9371578947366,190,60592.8317368421,6.757894736842106,2138.712842105263,1,21,2,4,0
INV0768,Prime Stationery,Stationery,2026-06-07,4,2942.05,11768.2,0,49099.6287745098,118131.68858502238,16.75980392156863,2887.2864215686277,204,37331.4287745098,12.75980392156863,54.76357843137248,6,7,6,23,1
INV0769,Prime Stationery,Stationery,2026-09-26,104,886.41,92186.16,1,49099.6287745098,118131.68858502238,16.75980392156863,2887.2864215686277,204,43086.5312254902,87.24019607843137,2000.876421568628,9,26,5,39,1
INV0770,ABC Supplies,Software,2026-06-11,7,1997.83,13984.82,0,39308.7219047619,30437.02387711439,14.652380952380952,2675.61380952381,210,25323.9019047619,7.652380952380952,677.7838095238099,6,11,3,24,0
INV0771,Prime Stationery,Software,2026-09-17,4,4029.11,16116.46,0,49099.6287745098,118131.68858502238,16.75980392156863,2887.2864215686277,204,32983.1687745098,12.75980392156863,1141.8235784313724,9,17,3,38,0
INV0772,ABC Supplies,Stationery,2026-04-12,15,1963.48,29452.13,0,39308.7219047619,30437.02387711439,14.652380952380952,2675.61380952381,210,9856.5919047619,0.3476190476190481,712.1338095238098,4,12,6,15,1
INV0773,Tech World,Office Equipment,2026-08-11,19,617.68,11735.97,0,50436.67067961165,78785.82328290903,15.728155339805824,3009.856310679612,206,38700.70067961165,3.271844660194174,2392.176310679612,8,11,1,33,0
INV0774,XYZ Traders,Furniture,2026-02-28,9,2872.57,25853.11,0,41375.7582631579,62834.003986022224,14.242105263157894,2716.9371578947366,190,15522.648263157898,5.242105263157894,155.6328421052635,2,28,5,9,1
INV0775,XYZ Traders,Furniture,2026-09-04,11,4256.58,46822.38,0,41375.7582631579,62834.003986022224,14.242105263157894,2716.9371578947366,190,5446.6217368420985,3.242105263157894,1539.6428421052633,9,4,4,36,0
INV0776,ABC Supplies,Software,2026-05-08,8,4020.45,32163.57,0,39308.7219047619,30437.02387711439,14.652380952380952,2675.61380952381,210,7145.1519047619,6.652380952380952,1344.83619047619,5,8,4,19,0
INV0777,XYZ Traders,Furniture,2026-10-10,1,1040.59,1040.59,0,41375.7582631579,62834.003986022224,14.242105263157894,2716.9371578947366,190,40335.1682631579,13.242105263157894,1676.3471578947367,10,10,5,41,1
INV0778,Prime Stationery,Stationery,2026-11-21,23,3429.27,78873.21,0,49099.6287745098,118131.68858502238,16.75980392156863,2887.2864215686277,204,29773.581225490205,6.240196078431371,541.9835784313723,11,21,5,47,1
INV0779,Global Office,Stationery,2026-01-25,25,1258.42,31460.51,0,45078.94052631578,49567.56191589249,17.58421052631579,2430.9345263157893,190,13618.430526315784,7.41578947368421,1172.5145263157892,1,25,6,4,1
INV0780,ABC Supplies,Software,2026-05-11,24,1247.4,29937.51,0,39308.7219047619,30437.02387711439,14.652380952380952,2675.61380952381,210,9371.211904761902,9.347619047619048,1428.2138095238097,5,11,0,20,0
INV0781,XYZ Traders,Software,2026-12-19,8,4395.54,35164.36,0,41375.7582631579,62834.003986022224,14.242105263157894,2716.9371578947366,190,6211.398263157898,6.242105263157894,1678.602842105263,12,19,5,51,1
INV0782,ABC Supplies,Software,2026-07-15,13,1398.41,18179.34,0,39308.7219047619,30437.02387711439,14.652380952380952,2675.61380952381,210,21129.3819047619,1.6523809523809518,1277.2038095238097,7,15,2,29,0
INV0783,ABC Supplies,Office Equipment,2026-10-08,22,1463.59,32198.92,0,39308.7219047619,30437.02387711439,14.652380952380952,2675.61380952381,210,7109.801904761902,7.347619047619048,1212.02380952381,10,8,3,41,0
INV0784,Global Office,Furniture,2026-06-03,27,203.14,5484.68,0,45078.94052631578,49567.56191589249,17.58421052631579,2430.9345263157893,190,39594.26052631578,9.41578947368421,2227.7945263157894,6,3,2,23,0
INV0785,Prime Stationery,Software,2026-05-13,4,4379.21,17516.85,0,49099.6287745098,118131.68858502238,16.75980392156863,2887.2864215686277,204,31582.778774509803,12.75980392156863,1491.9235784313723,5,13,2,20,0
INV0786,ABC Supplies,Electronics,2026-08-15,8,4004.46,32035.64,0,39308.7219047619,30437.02387711439,14.652380952380952,2675.61380952381,210,7273.081904761901,6.652380952380952,1328.8461904761905,8,15,5,33,1
INV0787,XYZ Traders,Electronics,2026-07-08,3,3211.18,9633.54,0,41375.7582631579,62834.003986022224,14.242105263157894,2716.9371578947366,190,31742.218263157894,11.242105263157894,494.2428421052632,7,8,2,28,0
INV0788,Tech World,Stationery,2026-09-22,29,3801.28,110236.99,0,50436.67067961165,78785.82328290903,15.728155339805824,3009.856310679612,206,59800.31932038836,13.271844660194176,791.4236893203883,9,22,1,39,0
INV0789,ABC Supplies,Furniture,2026-05-14,9,929.83,8368.5,0,39308.7219047619,30437.02387711439,14.652380952380952,2675.61380952381,210,30940.2219047619,5.652380952380952,1745.78380952381,5,14,3,20,0
INV0790,ABC Supplies,Software,2026-07-30,29,2399.95,69598.64,0,39308.7219047619,30437.02387711439,14.652380952380952,2675.61380952381,210,30289.9180952381,14.347619047619048,275.66380952380996,7,30,3,31,0
INV0791,Global Office,Electronics,2026-03-01,2,1885.85,3771.71,0,45078.94052631578,49567.56191589249,17.58421052631579,2430.9345263157893,190,41307.23052631578,15.58421052631579,545.0845263157894,3,1,6,9,1
INV0792,Prime Stationery,Furniture,2026-12-30,2,650.13,1300.25,0,49099.6287745098,118131.68858502238,16.75980392156863,2887.2864215686277,204,47799.3787745098,14.75980392156863,2237.1564215686276,12,30,2,53,0
INV0793,Tech World,Stationery,2026-12-30,28,2533.43,70935.94,0,50436.67067961165,78785.82328290903,15.728155339805824,3009.856310679612,206,20499.269320388354,12.271844660194176,476.426310679612,12,30,2,53,0
INV0794,XYZ Traders,Office Equipment,2026-08-01,13,4619.55,60054.15,0,41375.7582631579,62834.003986022224,14.242105263157894,2716.9371578947366,190,18678.391736842103,1.2421052631578942,1902.6128421052636,8,1,5,31,1
INV0795,Tech World,Furniture,2026-08-04,15,392.28,5884.26,0,50436.67067961165,78785.82328290903,15.728155339805824,3009.856310679612,206,44552.41067961165,0.7281553398058254,2617.576310679612,8,4,1,32,0
INV0796,XYZ Traders,Furniture,2026-08-14,28,1599.01,44772.35,0,41375.7582631579,62834.003986022224,14.242105263157894,2716.9371578947366,190,3396.5917368420996,13.757894736842106,1117.9271578947366,8,14,4,33,0
INV0797,Prime Stationery,Office Equipment,2026-05-11,23,1196.2,27512.52,0,49099.6287745098,118131.68858502238,16.75980392156863,2887.2864215686277,204,21587.1087745098,6.240196078431371,1691.0864215686277,5,11,0,20,0
INV0798,XYZ Traders,Furniture,2026-03-17,12,1343.1,16117.25,0,41375.7582631579,62834.003986022224,14.242105263157894,2716.9371578947366,190,25258.5082631579,2.242105263157894,1373.8371578947367,3,17,1,12,0
INV0799,Global Office,Stationery,2026-10-13,26,4560.49,118572.63,0,45078.94052631578,49567.56191589249,17.58421052631579,2430.9345263157893,190,73493.68947368422,8.41578947368421,2129.5554736842105,10,13,1,42,0
INV0800,Global Office,Stationery,2026-10-04,4,2446.73,9786.93,0,45078.94052631578,49567.56191589249,17.58421052631579,2430.9345263157893,190,35292.01052631578,13.58421052631579,15.79547368421072,10,4,6,40,1
INV0801,Global Office,Office Equipment,2026-06-05,26,2438.24,63394.17,0,45078.94052631578,49567.56191589249,17.58421052631579,2430.9345263157893,190,18315.229473684216,8.41578947368421,7.305473684210483,6,5,4,23,0
INV0802,Global Office,Software,2026-09-05,8,3850.76,30806.1,0,45078.94052631578,49567.56191589249,17.58421052631579,2430.9345263157893,190,14272.840526315784,9.58421052631579,1419.825473684211,9,5,5,36,1
INV0803,Tech World,Electronics,2026-08-06,9,941.56,8474.06,0,50436.67067961165,78785.82328290903,15.728155339805824,3009.856310679612,206,41962.61067961165,6.728155339805825,2068.296310679612,8,6,3,32,0
INV0804,Prime Stationery,Software,2026-07-09,23,2538.87,58394.1,0,49099.6287745098,118131.68858502238,16.75980392156863,2887.2864215686277,204,9294.471225490195,6.240196078431371,348.4164215686278,7,9,3,28,0
INV0805,XYZ Traders,Furniture,2026-06-12,5,2263.93,11319.65,0,41375.7582631579,62834.003986022224,14.242105263157894,2716.9371578947366,190,30056.108263157897,9.242105263157894,453.0071578947368,6,12,4,24,0
INV0806,XYZ Traders,Electronics,2026-06-29,24,29621.09,710906.26,1,41375.7582631579,62834.003986022224,14.242105263157894,2716.9371578947366,190,669530.5017368421,9.757894736842106,26904.152842105264,6,29,0,27,0
INV0807,Global Office,Office Equipment,2026-02-03,20,4997.88,99957.54,0,45078.94052631578,49567.56191589249,17.58421052631579,2430.9345263157893,190,54878.59947368421,2.4157894736842103,2566.945473684211,2,3,1,6,0
INV0808,Global Office,Office Equipment,2026-02-10,18,3893.35,70080.38,0,45078.94052631578,49567.56191589249,17.58421052631579,2430.9345263157893,190,25001.439473684222,0.4157894736842102,1462.4154736842106,2,10,1,7,0
INV0809,ABC Supplies,Electronics,2026-11-03,11,2109.76,23207.31,0,39308.7219047619,30437.02387711439,14.652380952380952,2675.61380952381,210,16101.4119047619,3.652380952380952,565.8538095238096,11,3,1,45,0
INV0810,Prime Stationery,Stationery,2026-12-04,15,30426.55,456398.31,1,49099.6287745098,118131.68858502238,16.75980392156863,2887.2864215686277,204,407298.6812254902,1.7598039215686292,27539.26357843137,12,4,4,49,0
INV0811,Tech World,Electronics,2026-11-10,28,1019.4,28543.2,0,50436.67067961165,78785.82328290903,15.728155339805824,3009.856310679612,206,21893.470679611648,12.271844660194176,1990.456310679612,11,10,1,46,0
INV0812,XYZ Traders,Furniture,2026-03-16,22,346.23,7616.97,0,41375.7582631579,62834.003986022224,14.242105263157894,2716.9371578947366,190,33758.7882631579,7.757894736842106,2370.7071578947366,3,16,0,12,0
INV0813,ABC Supplies,Stationery,2026-10-06,9,1181.35,10632.17,0,39308.7219047619,30437.02387711439,14.652380952380952,2675.61380952381,210,28676.551904761905,5.652380952380952,1494.26380952381,10,6,1,41,0
INV0814,ABC Supplies,Office Equipment,2026-06-25,17,1833.98,31177.58,0,39308.7219047619,30437.02387711439,14.652380952380952,2675.61380952381,210,8131.141904761898,2.347619047619048,841.6338095238098,6,25,3,26,0
INV0815,XYZ Traders,Electronics,2026-05-30,27,2650.79,71571.27,0,41375.7582631579,62834.003986022224,14.242105263157894,2716.9371578947366,190,30195.511736842105,12.757894736842106,66.14715789473667,5,30,5,22,1
INV0816,Tech World,Software,2026-09-30,26,3152.62,81968.12,0,50436.67067961165,78785.82328290903,15.728155339805824,3009.856310679612,206,31531.449320388347,10.271844660194176,142.76368932038804,9,30,2,40,0
INV0817,ABC Supplies,Software,2026-11-21,12,4570.91,54850.89,0,39308.7219047619,30437.02387711439,14.652380952380952,2675.61380952381,210,15542.1680952381,2.652380952380952,1895.29619047619,11,21,5,47,1
INV0818,ABC Supplies,Furniture,2026-04-18,7,2647.3,18531.09,0,39308.7219047619,30437.02387711439,14.652380952380952,2675.61380952381,210,20777.6319047619,7.652380952380952,28.313809523809596,4,18,5,16,1
INV0819,Prime Stationery,Software,2026-05-19,10,2606.12,26061.23,0,49099.6287745098,118131.68858502238,16.75980392156863,2887.2864215686277,204,23038.3987745098,6.759803921568629,281.1664215686278,5,19,1,21,0
INV0820,Tech World,Electronics,2026-12-16,25,441.17,11029.16,0,50436.67067961165,78785.82328290903,15.728155339805824,3009.856310679612,206,39407.510679611645,9.271844660194176,2568.686310679612,12,16,2,51,0
INV0821,ABC Supplies,Electronics,2026-09-28,26,367.58,9556.96,0,39308.7219047619,30437.02387711439,14.652380952380952,2675.61380952381,210,29751.7619047619,11.347619047619048,2308.03380952381,9,28,0,40,0
INV0822,Tech World,Software,2026-12-13,25,2845.57,71139.2,0,50436.67067961165,78785.82328290903,15.728155339805824,3009.856310679612,206,20702.52932038835,9.271844660194176,164.2863106796117,12,13,6,50,1
INV0823,XYZ Traders,Electronics,2026-10-16,10,2303.26,23032.57,0,41375.7582631579,62834.003986022224,14.242105263157894,2716.9371578947366,190,18343.1882631579,4.242105263157894,413.6771578947364,10,16,4,42,0
INV0824,Global Office,Furniture,2026-07-31,27,4228.07,114157.78,0,45078.94052631578,49567.56191589249,17.58421052631579,2430.9345263157893,190,69078.83947368422,9.41578947368421,1797.1354736842104,7,31,4,31,0
INV0825,ABC Supplies,Stationery,2026-09-29,13,971.26,12626.41,0,39308.7219047619,30437.02387711439,14.652380952380952,2675.61380952381,210,26682.3119047619,1.6523809523809518,1704.3538095238098,9,29,1,40,0
INV0826,Prime Stationery,Furniture,2026-03-07,19,319.86,6077.42,0,49099.6287745098,118131.68858502238,16.75980392156863,2887.2864215686277,204,43022.2087745098,2.240196078431371,2567.4264215686276,3,7,5,10,1
INV0827,XYZ Traders,Furniture,2026-09-05,11,2355.39,25909.25,0,41375.7582631579,62834.003986022224,14.242105263157894,2716.9371578947366,190,15466.5082631579,3.242105263157894,361.5471578947368,9,5,5,36,1
INV0828,Tech World,Electronics,2026-06-05,13,1339.9,17418.66,0,50436.67067961165,78785.82328290903,15.728155339805824,3009.856310679612,206,33018.010679611645,2.728155339805826,1669.9563106796118,6,5,4,23,0
INV0829,XYZ Traders,Stationery,2026-02-16,21,438.15,9201.13,0,41375.7582631579,62834.003986022224,14.242105263157894,2716.9371578947366,190,32174.6282631579,6.757894736842106,2278.7871578947365,2,16,0,8,0
INV0830,ABC Supplies,Electronics,2026-07-20,8,3678.07,29424.57,0,39308.7219047619,30437.02387711439,14.652380952380952,2675.61380952381,210,9884.1519047619,6.652380952380952,1002.4561904761904,7,20,0,30,0
INV0831,Tech World,Office Equipment,2026-05-28,40,4187.41,167496.6,1,50436.67067961165,78785.82328290903,15.728155339805824,3009.856310679612,206,117059.92932038836,24.271844660194176,1177.553689320388,5,28,3,22,0
INV0832,Global Office,Electronics,2026-05-04,4,3119.93,12479.73,0,45078.94052631578,49567.56191589249,17.58421052631579,2430.9345263157893,190,32599.210526315783,13.58421052631579,688.9954736842105,5,4,0,19,0
INV0833,XYZ Traders,Electronics,2026-01-01,15,1549.04,23235.58,0,41375.7582631579,62834.003986022224,14.242105263157894,2716.9371578947366,190,18140.178263157897,0.7578947368421058,1167.897157894737,1,1,3,1,0
INV0834,ABC Supplies,Electronics,2026-09-04,28,1032.78,28917.87,0,39308.7219047619,30437.02387711439,14.652380952380952,2675.61380952381,210,10390.8519047619,13.347619047619048,1642.8338095238098,9,4,4,36,0
INV0835,Prime Stationery,Stationery,2026-12-09,11,2022.81,22250.88,0,49099.6287745098,118131.68858502238,16.75980392156863,2887.2864215686277,204,26848.7487745098,5.759803921568629,864.4764215686278,12,9,2,50,0
INV0836,Tech World,Electronics,2026-05-08,11,4046.94,44516.34,0,50436.67067961165,78785.82328290903,15.728155339805824,3009.856310679612,206,5920.330679611652,4.728155339805825,1037.0836893203882,5,8,4,19,0
INV0837,XYZ Traders,Stationery,2026-07-10,1,2082.05,2082.05,0,41375.7582631579,62834.003986022224,14.242105263157894,2716.9371578947366,190,39293.708263157896,13.242105263157894,634.8871578947364,7,10,4,28,0
INV0838,XYZ Traders,Software,2026-03-08,17,3803.69,64662.8,0,41375.7582631579,62834.003986022224,14.242105263157894,2716.9371578947366,190,23287.041736842104,2.757894736842106,1086.7528421052634,3,8,6,10,1
INV0839,Global Office,Office Equipment,2026-01-04,15,802.33,12035.01,0,45078.94052631578,49567.56191589249,17.58421052631579,2430.9345263157893,190,33043.93052631578,2.5842105263157897,1628.6045263157894,1,4,6,1,1
INV0840,Global Office,Stationery,2026-10-30,20,3909.3,78186.06,0,45078.94052631578,49567.56191589249,17.58421052631579,2430.9345263157893,190,33107.119473684215,2.4157894736842103,1478.3654736842109,10,30,4,44,0
INV0841,Prime Stationery,Software,2026-10-21,6,1337.28,8023.68,0,49099.6287745098,118131.68858502238,16.75980392156863,2887.2864215686277,204,41075.9487745098,10.75980392156863,1550.0064215686275,10,21,2,43,0
INV0842,Prime Stationery,Stationery,2026-05-23,24,3451.49,82835.69,0,49099.6287745098,118131.68858502238,16.75980392156863,2887.2864215686277,204,33736.0612254902,7.240196078431371,564.2035784313721,5,23,5,21,1
INV0843,ABC Supplies,Stationery,2026-07-10,22,2915.75,64146.53,0,39308.7219047619,30437.02387711439,14.652380952380952,2675.61380952381,210,24837.8080952381,7.347619047619048,240.13619047619025,7,10,4,28,0
INV0844,ABC Supplies,Office Equipment,2026-01-21,28,4659.89,130477.05,0,39308.7219047619,30437.02387711439,14.652380952380952,2675.61380952381,210,91168.3280952381,13.347619047619048,1984.2761904761903,1,21,2,4,0
INV0845,Prime Stationery,Furniture,2026-08-15,25,2059.15,51478.7,0,49099.6287745098,118131.68858502238,16.75980392156863,2887.2864215686277,204,2379.0712254901955,8.24019607843137,828.1364215686276,8,15,5,33,1
INV0846,Prime Stationery,Furniture,2026-11-09,15,517.59,7763.89,0,49099.6287745098,118131.68858502238,16.75980392156863,2887.2864215686277,204,41335.7387745098,1.7598039215686292,2369.6964215686276,11,9,0,46,0
INV0847,Tech World,Stationery,2026-04-27,9,291.95,2627.52,0,50436.67067961165,78785.82328290903,15.728155339805824,3009.856310679612,206,47809.15067961165,6.728155339805825,2717.906310679612,4,27,0,18,0
INV0848,Global Office,Electronics,2026-10-29,14,4168.92,58364.9,0,45078.94052631578,49567.56191589249,17.58421052631579,2430.9345263157893,190,13285.95947368422,3.5842105263157897,1737.9854736842108,10,29,3,44,0
INV0849,ABC Supplies,Software,2026-05-22,18,2718.73,48937.16,0,39308.7219047619,30437.02387711439,14.652380952380952,2675.61380952381,210,9628.438095238103,3.347619047619048,43.11619047619024,5,22,4,21,0
INV0850,Global Office,Electronics,2026-02-08,26,3921.17,101950.46,0,45078.94052631578,49567.56191589249,17.58421052631579,2430.9345263157893,190,56871.519473684224,8.41578947368421,1490.2354736842108,2,8,6,6,1
INV0851,Global Office,Electronics,2026-12-21,17,1325.24,22529.13,0,45078.94052631578,49567.56191589249,17.58421052631579,2430.9345263157893,190,22549.81052631578,0.5842105263157897,1105.6945263157893,12,21,0,52,0
INV0852,Prime Stationery,Stationery,2026-09-09,18,1856.4,33415.24,0,49099.6287745098,118131.68858502238,16.75980392156863,2887.2864215686277,204,15684.388774509804,1.2401960784313708,1030.8864215686276,9,9,2,37,0
INV0853,Tech World,Stationery,2026-11-29,5,344.5,1722.49,0,50436.67067961165,78785.82328290903,15.728155339805824,3009.856310679612,206,48714.18067961165,10.728155339805824,2665.356310679612,11,29,6,48,1
INV0854,XYZ Traders,Stationery,2026-07-26,20,4815.16,96303.26,0,41375.7582631579,62834.003986022224,14.242105263157894,2716.9371578947366,190,54927.501736842096,5.757894736842106,2098.222842105263,7,26,6,30,1
INV0855,Tech World,Stationery,2026-07-29,20,3405.77,68115.32,0,50436.67067961165,78785.82328290903,15.728155339805824,3009.856310679612,206,17678.64932038836,4.271844660194175,395.9136893203882,7,29,2,31,0
INV0856,Tech World,Furniture,2026-04-25,9,4679.38,42114.46,0,50436.67067961165,78785.82328290903,15.728155339805824,3009.856310679612,206,8322.21067961165,6.728155339805825,1669.5236893203885,4,25,5,17,1
INV0857,Global Office,Stationery,2026-08-13,11,1474.38,16218.21,0,45078.94052631578,49567.56191589249,17.58421052631579,2430.9345263157893,190,28860.730526315783,6.58421052631579,956.5545263157892,8,13,3,33,0
INV0858,Tech World,Furniture,2026-05-14,24,3135.03,75240.61,0,50436.67067961165,78785.82328290903,15.728155339805824,3009.856310679612,206,24803.939320388352,8.271844660194175,125.17368932038836,5,14,3,20,0
INV0859,ABC Supplies,Furniture,2026-09-08,22,3456.8,76049.6,0,39308.7219047619,30437.02387711439,14.652380952380952,2675.61380952381,210,36740.878095238106,7.347619047619048,781.1861904761904,9,8,1,37,0
INV0860,Global Office,Stationery,2026-08-07,1,1724.24,1724.24,0,45078.94052631578,49567.56191589249,17.58421052631579,2430.9345263157893,190,43354.700526315784,16.58421052631579,706.6945263157893,8,7,4,32,0
INV0861,ABC Supplies,Office Equipment,2026-04-01,18,4270.92,76876.64,0,39308.7219047619,30437.02387711439,14.652380952380952,2675.61380952381,210,37567.9180952381,3.347619047619048,1595.3061904761903,4,1,2,14,0
INV0862,XYZ Traders,Software,2026-12-20,6,4746.38,28478.25,0,41375.7582631579,62834.003986022224,14.242105263157894,2716.9371578947366,190,12897.5082631579,8.242105263157894,2029.4428421052637,12,20,6,51,1
INV0863,Global Office,Electronics,2026-02-15,27,4447.3,120077.22,0,45078.94052631578,49567.56191589249,17.58421052631579,2430.9345263157893,190,74998.27947368422,9.41578947368421,2016.3654736842109,2,15,6,7,1
INV0864,XYZ Traders,Furniture,2026-02-07,2,3747.52,7495.04,0,41375.7582631579,62834.003986022224,14.242105263157894,2716.9371578947366,190,33880.7182631579,12.242105263157894,1030.5828421052634,2,7,5,6,1
INV0865,Global Office,Software,2026-05-22,15,1531.83,22977.46,0,45078.94052631578,49567.56191589249,17.58421052631579,2430.9345263157893,190,22101.480526315783,2.5842105263157897,899.1045263157894,5,22,4,21,0
INV0866,Prime Stationery,Office Equipment,2026-04-10,29,1551.76,45000.95,0,49099.6287745098,118131.68858502238,16.75980392156863,2887.2864215686277,204,4098.6787745098045,12.24019607843137,1335.5264215686277,4,10,4,15,0
INV0867,Tech World,Electronics,2026-11-24,26,4824.13,125427.37,0,50436.67067961165,78785.82328290903,15.728155339805824,3009.856310679612,206,74990.69932038835,10.271844660194176,1814.2736893203885,11,24,1,48,0
INV0868,Prime Stationery,Electronics,2026-07-09,21,249.37,5236.68,0,49099.6287745098,118131.68858502238,16.75980392156863,2887.2864215686277,204,43862.9487745098,4.240196078431371,2637.916421568628,7,9,3,28,0
INV0869,XYZ Traders,Furniture,2026-02-04,14,3637.04,50918.56,0,41375.7582631579,62834.003986022224,14.242105263157894,2716.9371578947366,190,9542.8017368421,0.2421052631578941,920.1028421052632,2,4,2,6,0
INV0870,Tech World,Stationery,2026-05-27,5,3589.98,17949.91,0,50436.67067961165,78785.82328290903,15.728155339805824,3009.856310679612,206,32486.76067961165,10.728155339805824,580.1236893203882,5,27,2,22,0
INV0871,Global Office,Office Equipment,2026-01-30,6,3188.91,19133.46,0,45078.94052631578,49567.56191589249,17.58421052631579,2430.9345263157893,190,25945.480526315783,11.58421052631579,757.9754736842106,1,30,4,5,0
INV0872,Tech World,Furniture,2026-11-30,6,4952.52,29715.13,0,50436.67067961165,78785.82328290903,15.728155339805824,3009.856310679612,206,20721.540679611648,9.728155339805824,1942.6636893203888,11,30,0,49,0
INV0873,ABC Supplies,Office Equipment,2026-03-25,22,1697.02,37334.47,0,39308.7219047619,30437.02387711439,14.652380952380952,2675.61380952381,210,1974.251904761899,7.347619047619048,978.5938095238098,3,25,2,13,0
INV0874,Tech World,Stationery,2026-10-08,18,1831.86,32973.57,0,50436.67067961165,78785.82328290903,15.728155339805824,3009.856310679612,206,17463.10067961165,2.271844660194174,1177.996310679612,10,8,3,41,0
INV0875,ABC Supplies,Stationery,2026-12-10,14,578.91,8104.73,0,39308.7219047619,30437.02387711439,14.652380952380952,2675.61380952381,210,31203.9919047619,0.6523809523809518,2096.70380952381,12,10,3,50,0
INV0876,Tech World,Furniture,2026-09-27,10,2325.43,23254.31,0,50436.67067961165,78785.82328290903,15.728155339805824,3009.856310679612,206,27182.360679611647,5.728155339805825,684.426310679612,9,27,6,39,1
INV0877,ABC Supplies,Stationery,2026-06-03,14,1453.03,20342.46,0,39308.7219047619,30437.02387711439,14.652380952380952,2675.61380952381,210,18966.2619047619,0.6523809523809518,1222.5838095238098,6,3,2,23,0
INV0878,XYZ Traders,Software,2026-04-12,13,1848.26,24027.33,0,41375.7582631579,62834.003986022224,14.242105263157894,2716.9371578947366,190,17348.428263157897,1.2421052631578942,868.6771578947366,4,12,6,15,1
INV0879,Prime Stationery,Electronics,2026-08-03,3,4205.94,12617.83,0,49099.6287745098,118131.68858502238,16.75980392156863,2887.2864215686277,204,36481.7987745098,13.75980392156863,1318.653578431372,8,3,0,32,0
INV0880,Global Office,Furniture,2026-05-30,6,4690.33,28141.95,0,45078.94052631578,49567.56191589249,17.58421052631579,2430.9345263157893,190,16936.99052631578,11.58421052631579,2259.39547368421,5,30,5,22,1
INV0881,Tech World,Office Equipment,2026-03-24,29,1091.52,31654.04,0,50436.67067961165,78785.82328290903,15.728155339805824,3009.856310679612,206,18782.630679611648,13.271844660194176,1918.336310679612,3,24,1,13,0
INV0882,Prime Stationery,Software,2026-04-20,8,1988.04,15904.34,0,49099.6287745098,118131.68858502238,16.75980392156863,2887.2864215686277,204,33195.2887745098,8.75980392156863,899.2464215686277,4,20,0,17,0
INV0883,Global Office,Furniture,2026-10-02,72,4657.43,335334.72,1,45078.94052631578,49567.56191589249,17.58421052631579,2430.9345263157893,190,290255.7794736842,54.415789473684214,2226.495473684211,10,2,4,40,0
INV0884,Global Office,Stationery,2026-07-20,13,496.68,6456.85,0,45078.94052631578,49567.56191589249,17.58421052631579,2430.9345263157893,190,38622.090526315784,4.58421052631579,1934.2545263157892,7,20,0,30,0
INV0885,ABC Supplies,Stationery,2026-10-11,11,643.33,7076.64,0,39308.7219047619,30437.02387711439,14.652380952380952,2675.61380952381,210,32232.0819047619,3.652380952380952,2032.28380952381,10,11,6,41,1
INV0886,XYZ Traders,Stationery,2026-06-22,12,981.4,11776.76,0,41375.7582631579,62834.003986022224,14.242105263157894,2716.9371578947366,190,29598.998263157897,2.242105263157894,1735.5371578947363,6,22,0,26,0
INV0887,XYZ Traders,Stationery,2026-11-23,1,3057.02,3057.02,0,41375.7582631579,62834.003986022224,14.242105263157894,2716.9371578947366,190,38318.7382631579,13.242105263157894,340.08284210526335,11,23,0,48,0
INV0888,Prime Stationery,Office Equipment,2026-07-25,17,922.27,15678.54,0,49099.6287745098,118131.68858502238,16.75980392156863,2887.2864215686277,204,33421.0887745098,0.2401960784313708,1965.0164215686275,7,25,5,30,1
INV0889,XYZ Traders,Software,2026-03-04,16,4846.77,77548.27,0,41375.7582631579,62834.003986022224,14.242105263157894,2716.9371578947366,190,36172.511736842105,1.7578947368421058,2129.832842105264,3,4,2,10,0
INV0890,Tech World,Electronics,2026-03-14,11,2344.23,25786.53,0,50436.67067961165,78785.82328290903,15.728155339805824,3009.856310679612,206,24650.14067961165,4.728155339805825,665.6263106796118,3,14,5,11,1
INV0891,XYZ Traders,Office Equipment,2026-09-08,13,2607.29,33894.72,0,41375.7582631579,62834.003986022224,14.242105263157894,2716.9371578947366,190,7481.038263157898,1.2421052631578942,109.64715789473668,9,8,1,37,0
INV0892,Prime Stationery,Office Equipment,2026-05-04,18,1383.96,24911.3,0,49099.6287745098,118131.68858502238,16.75980392156863,2887.2864215686277,204,24188.3287745098,1.2401960784313708,1503.3264215686277,5,4,0,19,0
INV0893,XYZ Traders,Electronics,2026-05-01,11,2460.61,27066.7,0,41375.7582631579,62834.003986022224,14.242105263157894,2716.9371578947366,190,14309.058263157898,3.242105263157894,256.3271578947365,5,1,4,18,0
INV0894,Tech World,Electronics,2026-10-02,28,3377.19,94561.19,0,50436.67067961165,78785.82328290903,15.728155339805824,3009.856310679612,206,44124.519320388354,12.271844660194176,367.3336893203882,10,2,4,40,0
INV0895,ABC Supplies,Stationery,2026-04-30,12,3805.65,45667.8,0,39308.7219047619,30437.02387711439,14.652380952380952,2675.61380952381,210,6359.078095238103,2.652380952380952,1130.0361904761903,4,30,3,18,0
INV0896,Prime Stationery,Office Equipment,2026-11-13,6,3818.57,22911.4,0,49099.6287745098,118131.68858502238,16.75980392156863,2887.2864215686277,204,26188.2287745098,10.75980392156863,931.2835784313723,11,13,4,46,0
INV0897,ABC Supplies,Furniture,2026-06-13,9,2973.88,26764.9,0,39308.7219047619,30437.02387711439,14.652380952380952,2675.61380952381,210,12543.8219047619,5.652380952380952,298.26619047619033,6,13,5,24,1
INV0898,ABC Supplies,Electronics,2026-10-13,16,4540.93,72654.83,0,39308.7219047619,30437.02387711439,14.652380952380952,2675.61380952381,210,33346.1080952381,1.3476190476190482,1865.3161904761905,10,13,1,42,0
INV0899,ABC Supplies,Electronics,2026-09-22,4,4123.56,16494.23,0,39308.7219047619,30437.02387711439,14.652380952380952,2675.61380952381,210,22814.4919047619,10.652380952380952,1447.9461904761906,9,22,1,39,0
INV0900,Global Office,Software,2026-11-16,3,3833.83,11501.49,0,45078.94052631578,49567.56191589249,17.58421052631579,2430.9345263157893,190,33577.450526315784,14.58421052631579,1402.8954736842106,11,16,0,47,0
INV0901,Global Office,Furniture,2026-06-10,28,466.91,13073.38,0,45078.94052631578,49567.56191589249,17.58421052631579,2430.9345263157893,190,32005.560526315785,10.41578947368421,1964.0245263157892,6,10,2,24,0
INV0902,ABC Supplies,Furniture,2026-11-04,16,233.01,3728.23,0,39308.7219047619,30437.02387711439,14.652380952380952,2675.61380952381,210,35580.4919047619,1.3476190476190482,2442.60380952381,11,4,2,45,0
INV0903,Prime Stationery,Electronics,2026-03-30,24,1219.75,29273.93,0,49099.6287745098,118131.68858502238,16.75980392156863,2887.2864215686277,204,19825.6987745098,7.240196078431371,1667.5364215686277,3,30,0,14,0
INV0904,Tech World,Stationery,2026-05-22,27,3384.91,91392.66,0,50436.67067961165,78785.82328290903,15.728155339805824,3009.856310679612,206,40955.989320388355,11.271844660194176,375.053689320388,5,22,4,21,0
INV0905,Tech World,Software,2026-07-22,26,2173.75,56517.45,0,50436.67067961165,78785.82328290903,15.728155339805824,3009.856310679612,206,6080.779320388348,10.271844660194176,836.1063106796119,7,22,2,30,0
INV0906,XYZ Traders,Furniture,2026-11-05,25,2131.55,53288.75,0,41375.7582631579,62834.003986022224,14.242105263157894,2716.9371578947366,190,11912.9917368421,10.757894736842106,585.3871578947364,11,5,3,45,0
INV0907,Prime Stationery,Electronics,2026-08-15,12,4446.02,53352.2,0,49099.6287745098,118131.68858502238,16.75980392156863,2887.2864215686277,204,4252.5712254901955,4.759803921568629,1558.7335784313727,8,15,5,33,1
INV0908,Global Office,Furniture,2026-11-30,11,4498.7,49485.72,0,45078.94052631578,49567.56191589249,17.58421052631579,2430.9345263157893,190,4406.779473684219,6.58421052631579,2067.7654736842105,11,30,0,49,0
INV0909,ABC Supplies,Software,2026-08-10,5,4564.04,22820.21,0,39308.7219047619,30437.02387711439,14.652380952380952,2675.61380952381,210,16488.5119047619,9.652380952380952,1888.4261904761904,8,10,0,33,0
INV0910,XYZ Traders,Software,2026-02-10,25,1706.61,42665.37,0,41375.7582631579,62834.003986022224,14.242105263157894,2716.9371578947366,190,1289.6117368421037,10.757894736842106,1010.3271578947368,2,10,1,7,0
INV0911,Tech World,Office Equipment,2026-07-15,18,3517.07,63307.22,0,50436.67067961165,78785.82328290903,15.728155339805824,3009.856310679612,206,12870.549320388352,2.271844660194174,507.2136893203883,7,15,2,29,0
INV0912,Global Office,Electronics,2026-03-09,19,1503.84,28572.95,0,45078.94052631578,49567.56191589249,17.58421052631579,2430.9345263157893,190,16505.99052631578,1.4157894736842105,927.0945263157894,3,9,0,11,0
INV0913,Global Office,Software,2026-09-21,23,1114.93,25643.33,0,45078.94052631578,49567.56191589249,17.58421052631579,2430.9345263157893,190,19435.61052631578,5.41578947368421,1316.0045263157892,9,21,0,39,0
INV0914,ABC Supplies,Office Equipment,2026-01-02,23,1086.24,24983.42,0,39308.7219047619,30437.02387711439,14.652380952380952,2675.61380952381,210,14325.301904761902,8.347619047619048,1589.3738095238098,1,2,4,1,0
INV0915,Tech World,Office Equipment,2026-12-27,6,1842.12,11052.7,0,50436.67067961165,78785.82328290903,15.728155339805824,3009.856310679612,206,39383.97067961165,9.728155339805824,1167.736310679612,12,27,6,52,1
INV0916,Prime Stationery,Furniture,2026-05-05,22,2263.8,49803.52,0,49099.6287745098,118131.68858502238,16.75980392156863,2887.2864215686277,204,703.8912254901952,5.240196078431371,623.4864215686275,5,5,1,19,0
INV0917,Global Office,Furniture,2026-04-20,18,4188.56,75394.01,0,45078.94052631578,49567.56191589249,17.58421052631579,2430.9345263157893,190,30315.069473684212,0.4157894736842102,1757.625473684211,4,20,0,17,0
INV0918,ABC Supplies,Office Equipment,2026-03-27,26,775.48,20162.41,0,39308.7219047619,30437.02387711439,14.652380952380952,2675.61380952381,210,19146.3119047619,11.347619047619048,1900.1338095238095,3,27,4,13,0
INV0919,Prime Stationery,Furniture,2026-04-30,6,3727.64,22365.86,0,49099.6287745098,118131.68858502238,16.75980392156863,2887.2864215686277,204,26733.7687745098,10.75980392156863,840.3535784313722,4,30,3,18,0
INV0920,Tech World,Software,2026-05-07,4,2750.98,11003.93,0,50436.67067961165,78785.82328290903,15.728155339805824,3009.856310679612,206,39432.74067961165,11.728155339805824,258.87631067961183,5,7,3,19,0
INV0921,Global Office,Stationery,2026-09-12,12,1582.14,18985.65,0,45078.94052631578,49567.56191589249,17.58421052631579,2430.9345263157893,190,26093.29052631578,5.58421052631579,848.7945263157892,9,12,5,37,1
INV0922,Prime Stationery,Software,2026-07-02,19,2565.53,48745.15,0,49099.6287745098,118131.68858502238,16.75980392156863,2887.2864215686277,204,354.47877450980013,2.240196078431371,321.7564215686275,7,2,3,27,0
INV0923,Prime Stationery,Office Equipment,2026-01-16,29,1639.72,47551.94,0,49099.6287745098,118131.68858502238,16.75980392156863,2887.2864215686277,204,1547.6887745097993,12.24019607843137,1247.5664215686277,1,16,4,3,0
INV0924,Prime Stationery,Office Equipment,2026-03-03,27,3061.19,82652.22,0,49099.6287745098,118131.68858502238,16.75980392156863,2887.2864215686277,204,33552.5912254902,10.24019607843137,173.90357843137235,3,3,1,10,0
INV0925,Global Office,Software,2026-06-07,29,2282.45,66191.07,0,45078.94052631578,49567.56191589249,17.58421052631579,2430.9345263157893,190,21112.129473684225,11.41578947368421,148.48452631578948,6,7,6,23,1
INV0926,Global Office,Furniture,2026-09-25,2,989.15,1978.29,0,45078.94052631578,49567.56191589249,17.58421052631579,2430.9345263157893,190,43100.65052631578,15.58421052631579,1441.7845263157892,9,25,4,39,0
INV0927,XYZ Traders,Furniture,2026-02-04,17,759.6,12913.18,0,41375.7582631579,62834.003986022224,14.242105263157894,2716.9371578947366,190,28462.5782631579,2.757894736842106,1957.3371578947367,2,4,2,6,0
INV0928,Tech World,Office Equipment,2026-09-24,11,2824.14,31065.53,0,50436.67067961165,78785.82328290903,15.728155339805824,3009.856310679612,206,19371.14067961165,4.728155339805825,185.716310679612,9,24,3,39,0
INV0929,ABC Supplies,Electronics,2026-03-05,11,4531.58,49847.41,0,39308.7219047619,30437.02387711439,14.652380952380952,2675.61380952381,210,10538.688095238103,3.652380952380952,1855.96619047619,3,5,3,10,0
INV0930,Prime Stationery,Furniture,2026-02-19,21,1851.0,38870.93,0,49099.6287745098,118131.68858502238,16.75980392156863,2887.2864215686277,204,10228.6987745098,4.240196078431371,1036.2864215686277,2,19,3,8,0
INV0931,XYZ Traders,Software,2026-09-12,16,3718.4,59494.41,0,41375.7582631579,62834.003986022224,14.242105263157894,2716.9371578947366,190,18118.651736842105,1.7578947368421058,1001.4628421052636,9,12,5,37,1
INV0932,ABC Supplies,Furniture,2026-05-29,2,3361.57,6723.15,0,39308.7219047619,30437.02387711439,14.652380952380952,2675.61380952381,210,32585.5719047619,12.652380952380952,685.9561904761904,5,29,4,22,0
INV0933,XYZ Traders,Software,2026-11-21,2,4671.46,9342.93,0,41375.7582631579,62834.003986022224,14.242105263157894,2716.9371578947366,190,32032.8282631579,12.242105263157894,1954.5228421052632,11,21,5,47,1
INV0934,Global Office,Office Equipment,2026-10-31,23,4140.71,95236.3,0,45078.94052631578,49567.56191589249,17.58421052631579,2430.9345263157893,190,50157.35947368422,5.41578947368421,1709.7754736842107,10,31,5,44,1
INV0935,Prime Stationery,Furniture,2026-10-03,8,2919.71,23357.64,0,49099.6287745098,118131.68858502238,16.75980392156863,2887.2864215686277,204,25741.9887745098,8.75980392156863,32.423578431372334,10,3,5,40,1
INV0936,ABC Supplies,Software,2026-12-23,13,3353.75,43598.7,0,39308.7219047619,30437.02387711439,14.652380952380952,2675.61380952381,210,4289.978095238097,1.6523809523809518,678.1361904761902,12,23,2,52,0
INV0937,ABC Supplies,Office Equipment,2026-06-21,10,4512.26,45122.55,0,39308.7219047619,30437.02387711439,14.652380952380952,2675.61380952381,210,5813.828095238103,4.652380952380952,1836.6461904761904,6,21,6,25,1
INV0938,ABC Supplies,Electronics,2026-07-20,8,2117.69,16941.52,0,39308.7219047619,30437.02387711439,14.652380952380952,2675.61380952381,210,22367.2019047619,6.652380952380952,557.9238095238097,7,20,0,30,0
INV0939,ABC Supplies,Software,2026-11-20,4,1768.61,7074.46,0,39308.7219047619,30437.02387711439,14.652380952380952,2675.61380952381,210,32234.2619047619,10.652380952380952,907.00380952381,11,20,4,47,0
INV0940,ABC Supplies,Electronics,2026-02-04,15,251.89,3778.4,0,39308.7219047619,30437.02387711439,14.652380952380952,2675.61380952381,210,35530.3219047619,0.3476190476190481,2423.72380952381,2,4,2,6,0
INV0941,XYZ Traders,Electronics,2026-08-04,1,4167.45,4167.45,0,41375.7582631579,62834.003986022224,14.242105263157894,2716.9371578947366,190,37208.3082631579,13.242105263157894,1450.5128421052632,8,4,1,32,0
INV0942,Prime Stationery,Stationery,2026-03-06,11,4044.71,44491.78,0,49099.6287745098,118131.68858502238,16.75980392156863,2887.2864215686277,204,4607.848774509803,5.759803921568629,1157.4235784313723,3,6,4,10,0
INV0943,Global Office,Furniture,2026-01-08,7,701.38,4909.67,0,45078.94052631578,49567.56191589249,17.58421052631579,2430.9345263157893,190,40169.270526315784,10.58421052631579,1729.5545263157892,1,8,3,2,0
INV0944,Global Office,Software,2026-10-28,17,2968.92,50471.56,0,45078.94052631578,49567.56191589249,17.58421052631579,2430.9345263157893,190,5392.619473684215,0.5842105263157897,537.9854736842108,10,28,2,44,0
INV0945,Global Office,Electronics,2026-12-09,27,2427.11,65532.03,0,45078.94052631578,49567.56191589249,17.58421052631579,2430.9345263157893,190,20453.089473684217,9.41578947368421,3.8245263157891713,12,9,2,50,0
INV0946,Global Office,Stationery,2026-11-28,20,769.8,15396.07,0,45078.94052631578,49567.56191589249,17.58421052631579,2430.9345263157893,190,29682.870526315783,2.4157894736842103,1661.1345263157891,11,28,5,48,1
INV0947,XYZ Traders,Office Equipment,2026-03-17,24,4906.73,117761.46,0,41375.7582631579,62834.003986022224,14.242105263157894,2716.9371578947366,190,76385.70173684211,9.757894736842106,2189.792842105263,3,17,1,12,0
INV0948,Tech World,Software,2026-06-23,18,1230.54,22149.72,0,50436.67067961165,78785.82328290903,15.728155339805824,3009.856310679612,206,28286.950679611648,2.271844660194174,1779.316310679612,6,23,1,26,0
INV0949,Prime Stationery,Electronics,2026-02-16,22,522.72,11499.93,0,49099.6287745098,118131.68858502238,16.75980392156863,2887.2864215686277,204,37599.6987745098,5.240196078431371,2364.566421568627,2,16,0,8,0
INV0950,ABC Supplies,Furniture,2026-01-15,29,3055.27,88602.76,0,39308.7219047619,30437.02387711439,14.652380952380952,2675.61380952381,210,49294.038095238095,14.347619047619048,379.6561904761902,1,15,3,3,0
INV0951,Tech World,Stationery,2026-12-27,22,3746.56,82424.32,0,50436.67067961165,78785.82328290903,15.728155339805824,3009.856310679612,206,31987.64932038836,6.271844660194175,736.7036893203881,12,27,6,52,1
INV0952,Global Office,Electronics,2026-05-27,12,355.73,4268.74,0,45078.94052631578,49567.56191589249,17.58421052631579,2430.9345263157893,190,40810.200526315784,5.58421052631579,2075.2045263157893,5,27,2,22,0
INV0953,Tech World,Furniture,2026-01-26,9,3361.84,30256.6,0,50436.67067961165,78785.82328290903,15.728155339805824,3009.856310679612,206,20180.07067961165,6.728155339805825,351.9836893203883,1,26,0,5,0
INV0954,Prime Stationery,Electronics,2026-11-04,5,2755.0,13775.01,0,49099.6287745098,118131.68858502238,16.75980392156863,2887.2864215686277,204,35324.6187745098,11.75980392156863,132.2864215686277,11,4,2,45,0
INV0955,ABC Supplies,Software,2026-04-03,10,695.67,6956.72,0,39308.7219047619,30437.02387711439,14.652380952380952,2675.61380952381,210,32352.0019047619,4.652380952380952,1979.9438095238097,4,3,4,14,0
INV0956,ABC Supplies,Software,2026-08-20,4,1028.11,4112.46,0,39308.7219047619,30437.02387711439,14.652380952380952,2675.61380952381,210,35196.2619047619,10.652380952380952,1647.50380952381,8,20,3,34,0
INV0957,Prime Stationery,Software,2026-01-21,5,2926.28,14631.38,0,49099.6287745098,118131.68858502238,16.75980392156863,2887.2864215686277,204,34468.248774509804,11.75980392156863,38.9935784313725,1,21,2,4,0
INV0958,Prime Stationery,Stationery,2026-11-03,28,1622.52,45430.46,0,49099.6287745098,118131.68858502238,16.75980392156863,2887.2864215686277,204,3669.1687745098025,11.24019607843137,1264.7664215686275,11,3,1,45,0
INV0959,Global Office,Software,2026-02-07,28,4703.92,131709.63,0,45078.94052631578,49567.56191589249,17.58421052631579,2430.9345263157893,190,86630.68947368422,10.41578947368421,2272.985473684211,2,7,5,6,1
INV0960,ABC Supplies,Furniture,2026-10-03,10,4129.95,41299.53,0,39308.7219047619,30437.02387711439,14.652380952380952,2675.61380952381,210,1990.8080952380988,4.652380952380952,1454.33619047619,10,3,5,40,1
INV0961,Tech World,Electronics,2026-06-06,11,4921.12,54132.35,0,50436.67067961165,78785.82328290903,15.728155339805824,3009.856310679612,206,3695.67932038835,4.728155339805825,1911.263689320388,6,6,5,23,1
INV0962,XYZ Traders,Office Equipment,2026-06-28,21,1446.42,30374.82,0,41375.7582631579,62834.003986022224,14.242105263157894,2716.9371578947366,190,11000.9382631579,6.757894736842106,1270.5171578947366,6,28,6,26,1
INV0963,XYZ Traders,Furniture,2026-05-12,24,4854.67,116512.16,0,41375.7582631579,62834.003986022224,14.242105263157894,2716.9371578947366,190,75136.4017368421,9.757894736842106,2137.732842105263,5,12,1,20,0
INV0964,Prime Stationery,Furniture,2026-11-07,10,2269.92,22699.23,0,49099.6287745098,118131.68858502238,16.75980392156863,2887.2864215686277,204,26400.3987745098,6.759803921568629,617.3664215686276,11,7,5,45,1
INV0965,Global Office,Software,2026-12-14,28,1868.09,52306.53,0,45078.94052631578,49567.56191589249,17.58421052631579,2430.9345263157893,190,7227.589473684216,10.41578947368421,562.8445263157894,12,14,0,51,0
INV0966,XYZ Traders,Stationery,2026-01-28,8,441.68,3533.42,0,41375.7582631579,62834.003986022224,14.242105263157894,2716.9371578947366,190,37842.3382631579,6.242105263157894,2275.257157894737,1,28,2,5,0
INV0967,ABC Supplies,Electronics,2026-09-17,2,453.27,906.55,0,39308.7219047619,30437.02387711439,14.652380952380952,2675.61380952381,210,38402.1719047619,12.652380952380952,2222.34380952381,9,17,3,38,0
INV0968,Prime Stationery,Stationery,2026-03-17,23,3521.65,80998.04,0,49099.6287745098,118131.68858502238,16.75980392156863,2887.2864215686277,204,31898.411225490192,6.240196078431371,634.3635784313724,3,17,1,12,0
INV0969,Tech World,Electronics,2026-03-08,8,2398.06,19184.47,0,50436.67067961165,78785.82328290903,15.728155339805824,3009.856310679612,206,31252.200679611648,7.728155339805825,611.7963106796119,3,8,6,10,1
INV0970,Prime Stationery,Electronics,2026-12-08,16,1287.3,20596.86,0,49099.6287745098,118131.68858502238,16.75980392156863,2887.2864215686277,204,28502.7687745098,0.7598039215686292,1599.9864215686275,12,8,1,50,0
INV0971,Tech World,Stationery,2026-07-13,27,3147.06,84970.55,0,50436.67067961165,78785.82328290903,15.728155339805824,3009.856310679612,206,34533.879320388354,11.271844660194176,137.2036893203881,7,13,0,29,0
INV0972,Prime Stationery,Furniture,2026-06-11,22,1413.72,31101.82,0,49099.6287745098,118131.68858502238,16.75980392156863,2887.2864215686277,204,17997.808774509802,5.240196078431371,1473.5664215686277,6,11,3,24,0
INV0973,Prime Stationery,Electronics,2026-12-13,5,2972.63,14863.16,0,49099.6287745098,118131.68858502238,16.75980392156863,2887.2864215686277,204,34236.468774509805,11.75980392156863,85.3435784313724,12,13,6,50,1
INV0974,Prime Stationery,Stationery,2026-12-27,27,1924.2,51953.45,0,49099.6287745098,118131.68858502238,16.75980392156863,2887.2864215686277,204,2853.8212254901955,10.24019607843137,963.0864215686277,12,27,6,52,1
INV0975,Tech World,Electronics,2026-09-14,25,4153.05,103826.27,0,50436.67067961165,78785.82328290903,15.728155339805824,3009.856310679612,206,53389.599320388355,9.271844660194176,1143.1936893203883,9,14,0,38,0
INV0976,Tech World,Office Equipment,2026-03-13,29,4139.34,120040.91,0,50436.67067961165,78785.82328290903,15.728155339805824,3009.856310679612,206,69604.23932038835,13.271844660194176,1129.4836893203883,3,13,4,11,0
INV0977,Prime Stationery,Furniture,2026-03-28,3,2491.28,7473.85,0,49099.6287745098,118131.68858502238,16.75980392156863,2887.2864215686277,204,41625.7787745098,13.75980392156863,396.0064215686275,3,28,5,13,1
INV0978,XYZ Traders,Software,2026-09-19,12,1883.93,22607.18,0,41375.7582631579,62834.003986022224,14.242105263157894,2716.9371578947366,190,18768.5782631579,2.242105263157894,833.0071578947366,9,19,5,38,1
INV0979,Global Office,Electronics,2026-08-02,13,1940.29,25223.73,0,45078.94052631578,49567.56191589249,17.58421052631579,2430.9345263157893,190,19855.210526315783,4.58421052631579,490.64452631578934,8,2,6,31,1
INV0980,Global Office,Office Equipment,2026-06-02,13,4067.43,52876.59,0,45078.94052631578,49567.56191589249,17.58421052631579,2430.9345263157893,190,7797.649473684214,4.58421052631579,1636.4954736842103,6,2,1,23,0
INV0981,Global Office,Software,2026-07-29,10,1775.26,17752.62,0,45078.94052631578,49567.56191589249,17.58421052631579,2430.9345263157893,190,27326.320526315783,7.58421052631579,655.6745263157893,7,29,2,31,0
INV0982,Tech World,Software,2026-03-02,4,1203.48,4813.94,0,50436.67067961165,78785.82328290903,15.728155339805824,3009.856310679612,206,45622.730679611646,11.728155339805824,1806.376310679612,3,2,0,10,0
INV0983,Tech World,Electronics,2026-09-25,9,606.5,5458.54,0,50436.67067961165,78785.82328290903,15.728155339805824,3009.856310679612,206,44978.13067961165,6.728155339805825,2403.356310679612,9,25,4,39,0
INV0984,XYZ Traders,Stationery,2026-09-19,22,2440.13,53682.79,0,41375.7582631579,62834.003986022224,14.242105263157894,2716.9371578947366,190,12307.031736842102,7.757894736842106,276.8071578947365,9,19,5,38,1
INV0985,Global Office,Electronics,2026-08-06,24,2514.23,60341.62,0,45078.94052631578,49567.56191589249,17.58421052631579,2430.9345263157893,190,15262.67947368422,6.41578947368421,83.29547368421072,8,6,3,32,0
INV0986,Global Office,Office Equipment,2026-10-10,23,4236.36,97436.32,0,45078.94052631578,49567.56191589249,17.58421052631579,2430.9345263157893,190,52357.379473684225,5.41578947368421,1805.4254736842104,10,10,5,41,1
INV0987,Prime Stationery,Software,2026-05-16,27,1261.95,34072.54,0,49099.6287745098,118131.68858502238,16.75980392156863,2887.2864215686277,204,15027.0887745098,10.24019607843137,1625.3364215686277,5,16,5,20,1
INV0988,Tech World,Electronics,2026-12-28,2,2028.76,4057.52,0,50436.67067961165,78785.82328290903,15.728155339805824,3009.856310679612,206,46379.15067961165,13.728155339805824,981.096310679612,12,28,0,53,0
INV0989,Global Office,Stationery,2026-04-03,19,4080.35,77526.6,0,45078.94052631578,49567.56191589249,17.58421052631579,2430.9345263157893,190,32447.659473684223,1.4157894736842105,1649.4154736842106,4,3,4,14,0
INV0990,XYZ Traders,Electronics,2026-04-19,1,4153.39,4153.39,0,41375.7582631579,62834.003986022224,14.242105263157894,2716.9371578947366,190,37222.3682631579,13.242105263157894,1436.4528421052637,4,19,6,16,1
INV0991,XYZ Traders,Furniture,2026-08-29,25,2046.13,51153.33,0,41375.7582631579,62834.003986022224,14.242105263157894,2716.9371578947366,190,9777.571736842105,10.757894736842106,670.8071578947365,8,29,5,35,1
INV0992,Global Office,Stationery,2026-12-21,29,2403.8,69710.06,0,45078.94052631578,49567.56191589249,17.58421052631579,2430.9345263157893,190,24631.119473684215,11.41578947368421,27.134526315789117,12,21,0,52,0
INV0993,Tech World,Office Equipment,2026-05-22,7,1655.77,11590.41,0,50436.67067961165,78785.82328290903,15.728155339805824,3009.856310679612,206,38846.260679611645,8.728155339805825,1354.086310679612,5,22,4,21,0
INV0994,XYZ Traders,Software,2026-10-18,17,4676.26,79496.48,0,41375.7582631579,62834.003986022224,14.242105263157894,2716.9371578947366,190,38120.7217368421,2.757894736842106,1959.3228421052636,10,18,6,42,1
INV0995,Prime Stationery,Electronics,2026-08-25,3,769.49,2308.47,0,49099.6287745098,118131.68858502238,16.75980392156863,2887.2864215686277,204,46791.1587745098,13.75980392156863,2117.796421568628,8,25,1,35,0
INV0996,XYZ Traders,Stationery,2026-12-06,20,4682.0,93639.94,0,41375.7582631579,62834.003986022224,14.242105263157894,2716.9371578947366,190,52264.1817368421,5.757894736842106,1965.0628421052631,12,6,6,49,1
INV0997,ABC Supplies,Furniture,2026-11-08,20,3482.56,69651.18,0,39308.7219047619,30437.02387711439,14.652380952380952,2675.61380952381,210,30342.458095238093,5.347619047619048,806.9461904761902,11,8,6,45,1
INV0998,ABC Supplies,Stationery,2026-06-26,21,2751.55,57782.47,0,39308.7219047619,30437.02387711439,14.652380952380952,2675.61380952381,210,18473.7480952381,6.347619047619048,75.9361904761904,6,26,4,26,0
INV0999,Tech World,Furniture,2026-05-21,3,356.76,1070.29,0,50436.67067961165,78785.82328290903,15.728155339805824,3009.856310679612,206,49366.38067961165,12.728155339805824,2653.0963106796116,5,21,3,21,0
INV1000,Global Office,Office Equipment,2026-07-08,3,2482.86,7448.59,0,45078.94052631578,49567.56191589249,17.58421052631579,2430.9345263157893,190,37630.350526315786,14.58421052631579,51.92547368421083,7,8,2,28,0
